DateTime,Junction,Vehicles,ID
2015-11-01T00:00:00.000Z,1,15,20151101001
2015-11-01T01:00:00.000Z,1,13,20151101011
2015-11-01T02:00:00.000Z,1,10,20151101021
2015-11-01T03:00:00.000Z,1,7,20151101031
2015-11-01T04:00:00.000Z,1,9,20151101041
2015-11-01T05:00:00.000Z,1,6,20151101051
2015-11-01T06:00:00.000Z,1,9,20151101061
2015-11-01T07:00:00.000Z,1,8,20151101071
2015-11-01T08:00:00.000Z,1,11,20151101081
2015-11-01T09:00:00.000Z,1,12,20151101091
2015-11-01T10:00:00.000Z,1,15,20151101101
2015-11-01T11:00:00.000Z,1,17,20151101111
2015-11-01T12:00:00.000Z,1,16,20151101121
2015-11-01T13:00:00.000Z,1,15,20151101131
2015-11-01T14:00:00.000Z,1,16,20151101141
2015-11-01T15:00:00.000Z,1,12,20151101151
2015-11-01T16:00:00.000Z,1,12,20151101161
2015-11-01T17:00:00.000Z,1,16,20151101171
2015-11-01T18:00:00.000Z,1,17,20151101181
2015-11-01T19:00:00.000Z,1,20,20151101191
2015-11-01T20:00:00.000Z,1,17,20151101201
2015-11-01T21:00:00.000Z,1,19,20151101211
2015-11-01T22:00:00.000Z,1,20,20151101221
2015-11-01T23:00:00.000Z,1,15,20151101231
2015-11-02T00:00:00.000Z,1,14,20151102001
2015-11-02T01:00:00.000Z,1,12,20151102011
2015-11-02T02:00:00.000Z,1,14,20151102021
2015-11-02T03:00:00.000Z,1,12,20151102031
2015-11-02T04:00:00.000Z,1,12,20151102041
2015-11-02T05:00:00.000Z,1,11,20151102051
2015-11-02T06:00:00.000Z,1,13,20151102061
2015-11-02T07:00:00.000Z,1,14,20151102071
2015-11-02T08:00:00.000Z,1,12,20151102081
2015-11-02T09:00:00.000Z,1,22,20151102091
2015-11-02T10:00:00.000Z,1,32,20151102101
2015-11-02T11:00:00.000Z,1,31,20151102111
2015-11-02T12:00:00.000Z,1,35,20151102121
2015-11-02T13:00:00.000Z,1,26,20151102131
2015-11-02T14:00:00.000Z,1,34,20151102141
2015-11-02T15:00:00.000Z,1,30,20151102151
2015-11-02T16:00:00.000Z,1,27,20151102161
2015-11-02T17:00:00.000Z,1,27,20151102171
2015-11-02T18:00:00.000Z,1,24,20151102181
2015-11-02T19:00:00.000Z,1,26,20151102191
2015-11-02T20:00:00.000Z,1,29,20151102201
2015-11-02T21:00:00.000Z,1,32,20151102211
2015-11-02T22:00:00.000Z,1,30,20151102221
2015-11-02T23:00:00.000Z,1,27,20151102231
2015-11-03T00:00:00.000Z,1,21,20151103001
2015-11-03T01:00:00.000Z,1,18,20151103011
2015-11-03T02:00:00.000Z,1,19,20151103021
2015-11-03T03:00:00.000Z,1,13,20151103031
2015-11-03T04:00:00.000Z,1,11,20151103041
2015-11-03T05:00:00.000Z,1,11,20151103051
2015-11-03T06:00:00.000Z,1,11,20151103061
2015-11-03T07:00:00.000Z,1,14,20151103071
2015-11-03T08:00:00.000Z,1,15,20151103081
2015-11-03T09:00:00.000Z,1,29,20151103091
2015-11-03T10:00:00.000Z,1,33,20151103101
2015-11-03T11:00:00.000Z,1,32,20151103111
2015-11-03T12:00:00.000Z,1,32,20151103121
2015-11-03T13:00:00.000Z,1,29,20151103131
2015-11-03T14:00:00.000Z,1,27,20151103141
2015-11-03T15:00:00.000Z,1,26,20151103151
2015-11-03T16:00:00.000Z,1,28,20151103161
2015-11-03T17:00:00.000Z,1,26,20151103171
2015-11-03T18:00:00.000Z,1,25,20151103181
2015-11-03T19:00:00.000Z,1,29,20151103191
2015-11-03T20:00:00.000Z,1,26,20151103201
2015-11-03T21:00:00.000Z,1,24,20151103211
2015-11-03T22:00:00.000Z,1,25,20151103221
2015-11-03T23:00:00.000Z,1,20,20151103231
2015-11-04T00:00:00.000Z,1,18,20151104001
2015-11-04T01:00:00.000Z,1,18,20151104011
2015-11-04T02:00:00.000Z,1,13,20151104021
2015-11-04T03:00:00.000Z,1,13,20151104031
2015-11-04T04:00:00.000Z,1,10,20151104041
2015-11-04T05:00:00.000Z,1,12,20151104051
2015-11-04T06:00:00.000Z,1,13,20151104061
2015-11-04T07:00:00.000Z,1,11,20151104071
2015-11-04T08:00:00.000Z,1,13,20151104081
2015-11-04T09:00:00.000Z,1,22,20151104091
2015-11-04T10:00:00.000Z,1,26,20151104101
2015-11-04T11:00:00.000Z,1,27,20151104111
2015-11-04T12:00:00.000Z,1,31,20151104121
2015-11-04T13:00:00.000Z,1,24,20151104131
2015-11-04T14:00:00.000Z,1,23,20151104141
2015-11-04T15:00:00.000Z,1,26,20151104151
2015-11-04T16:00:00.000Z,1,26,20151104161
2015-11-04T17:00:00.000Z,1,24,20151104171
2015-11-04T18:00:00.000Z,1,23,20151104181
2015-11-04T19:00:00.000Z,1,25,20151104191
2015-11-04T20:00:00.000Z,1,26,20151104201
2015-11-04T21:00:00.000Z,1,24,20151104211
2015-11-04T22:00:00.000Z,1,26,20151104221
2015-11-04T23:00:00.000Z,1,24,20151104231
2015-11-05T00:00:00.000Z,1,19,20151105001
2015-11-05T01:00:00.000Z,1,20,20151105011
2015-11-05T02:00:00.000Z,1,18,20151105021
2015-11-05T03:00:00.000Z,1,13,20151105031
2015-11-05T04:00:00.000Z,1,13,20151105041
2015-11-05T05:00:00.000Z,1,9,20151105051
2015-11-05T06:00:00.000Z,1,12,20151105061
2015-11-05T07:00:00.000Z,1,12,20151105071
2015-11-05T08:00:00.000Z,1,15,20151105081
2015-11-05T09:00:00.000Z,1,16,20151105091
2015-11-05T10:00:00.000Z,1,23,20151105101
2015-11-05T11:00:00.000Z,1,24,20151105111
2015-11-05T12:00:00.000Z,1,25,20151105121
2015-11-05T13:00:00.000Z,1,24,20151105131
2015-11-05T14:00:00.000Z,1,26,20151105141
2015-11-05T15:00:00.000Z,1,22,20151105151
2015-11-05T16:00:00.000Z,1,20,20151105161
2015-11-05T17:00:00.000Z,1,20,20151105171
2015-11-05T18:00:00.000Z,1,22,20151105181
2015-11-05T19:00:00.000Z,1,26,20151105191
2015-11-05T20:00:00.000Z,1,22,20151105201
2015-11-05T21:00:00.000Z,1,21,20151105211
2015-11-05T22:00:00.000Z,1,21,20151105221
2015-11-05T23:00:00.000Z,1,21,20151105231
2015-11-06T00:00:00.000Z,1,16,20151106001
2015-11-06T01:00:00.000Z,1,18,20151106011
2015-11-06T02:00:00.000Z,1,19,20151106021
2015-11-06T03:00:00.000Z,1,14,20151106031
2015-11-06T04:00:00.000Z,1,12,20151106041
2015-11-06T05:00:00.000Z,1,13,20151106051
2015-11-06T06:00:00.000Z,1,14,20151106061
2015-11-06T07:00:00.000Z,1,14,20151106071
2015-11-06T08:00:00.000Z,1,13,20151106081
2015-11-06T09:00:00.000Z,1,20,20151106091
2015-11-06T10:00:00.000Z,1,22,20151106101
2015-11-06T11:00:00.000Z,1,26,20151106111
2015-11-06T12:00:00.000Z,1,26,20151106121
2015-11-06T13:00:00.000Z,1,21,20151106131
2015-11-06T14:00:00.000Z,1,23,20151106141
2015-11-06T15:00:00.000Z,1,23,20151106151
2015-11-06T16:00:00.000Z,1,19,20151106161
2015-11-06T17:00:00.000Z,1,19,20151106171
2015-11-06T18:00:00.000Z,1,20,20151106181
2015-11-06T19:00:00.000Z,1,24,20151106191
2015-11-06T20:00:00.000Z,1,18,20151106201
2015-11-06T21:00:00.000Z,1,19,20151106211
2015-11-06T22:00:00.000Z,1,16,20151106221
2015-11-06T23:00:00.000Z,1,17,20151106231
2015-11-07T00:00:00.000Z,1,16,20151107001
2015-11-07T01:00:00.000Z,1,16,20151107011
2015-11-07T02:00:00.000Z,1,10,20151107021
2015-11-07T03:00:00.000Z,1,9,20151107031
2015-11-07T04:00:00.000Z,1,8,20151107041
2015-11-07T05:00:00.000Z,1,7,20151107051
2015-11-07T06:00:00.000Z,1,9,20151107061
2015-11-07T07:00:00.000Z,1,8,20151107071
2015-11-07T08:00:00.000Z,1,12,20151107081
2015-11-07T09:00:00.000Z,1,13,20151107091
2015-11-07T10:00:00.000Z,1,17,20151107101
2015-11-07T11:00:00.000Z,1,14,20151107111
2015-11-07T12:00:00.000Z,1,14,20151107121
2015-11-07T13:00:00.000Z,1,14,20151107131
2015-11-07T14:00:00.000Z,1,14,20151107141
2015-11-07T15:00:00.000Z,1,11,20151107151
2015-11-07T16:00:00.000Z,1,15,20151107161
2015-11-07T17:00:00.000Z,1,13,20151107171
2015-11-07T18:00:00.000Z,1,12,20151107181
2015-11-07T19:00:00.000Z,1,17,20151107191
2015-11-07T20:00:00.000Z,1,18,20151107201
2015-11-07T21:00:00.000Z,1,17,20151107211
2015-11-07T22:00:00.000Z,1,16,20151107221
2015-11-07T23:00:00.000Z,1,15,20151107231
2015-11-08T00:00:00.000Z,1,13,20151108001
2015-11-08T01:00:00.000Z,1,16,20151108011
2015-11-08T02:00:00.000Z,1,11,20151108021
2015-11-08T03:00:00.000Z,1,8,20151108031
2015-11-08T04:00:00.000Z,1,10,20151108041
2015-11-08T05:00:00.000Z,1,10,20151108051
2015-11-08T06:00:00.000Z,1,10,20151108061
2015-11-08T07:00:00.000Z,1,9,20151108071
2015-11-08T08:00:00.000Z,1,11,20151108081
2015-11-08T09:00:00.000Z,1,12,20151108091
2015-11-08T10:00:00.000Z,1,18,20151108101
2015-11-08T11:00:00.000Z,1,14,20151108111
2015-11-08T12:00:00.000Z,1,17,20151108121
2015-11-08T13:00:00.000Z,1,14,20151108131
2015-11-08T14:00:00.000Z,1,14,20151108141
2015-11-08T15:00:00.000Z,1,14,20151108151
2015-11-08T16:00:00.000Z,1,12,20151108161
2015-11-08T17:00:00.000Z,1,14,20151108171
2015-11-08T18:00:00.000Z,1,18,20151108181
2015-11-08T19:00:00.000Z,1,13,20151108191
2015-11-08T20:00:00.000Z,1,16,20151108201
2015-11-08T21:00:00.000Z,1,18,20151108211
2015-11-08T22:00:00.000Z,1,14,20151108221
2015-11-08T23:00:00.000Z,1,14,20151108231
2015-11-09T00:00:00.000Z,1,13,20151109001
2015-11-09T01:00:00.000Z,1,15,20151109011
2015-11-09T02:00:00.000Z,1,11,20151109021
2015-11-09T03:00:00.000Z,1,10,20151109031
2015-11-09T04:00:00.000Z,1,9,20151109041
2015-11-09T05:00:00.000Z,1,8,20151109051
2015-11-09T06:00:00.000Z,1,8,20151109061
2015-11-09T07:00:00.000Z,1,10,20151109071
2015-11-09T08:00:00.000Z,1,11,20151109081
2015-11-09T09:00:00.000Z,1,17,20151109091
2015-11-09T10:00:00.000Z,1,19,20151109101
2015-11-09T11:00:00.000Z,1,22,20151109111
2015-11-09T12:00:00.000Z,1,23,20151109121
2015-11-09T13:00:00.000Z,1,23,20151109131
2015-11-09T14:00:00.000Z,1,24,20151109141
2015-11-09T15:00:00.000Z,1,24,20151109151
2015-11-09T16:00:00.000Z,1,19,20151109161
2015-11-09T17:00:00.000Z,1,19,20151109171
2015-11-09T18:00:00.000Z,1,20,20151109181
2015-11-09T19:00:00.000Z,1,31,20151109191
2015-11-09T20:00:00.000Z,1,25,20151109201
2015-11-09T21:00:00.000Z,1,35,20151109211
2015-11-09T22:00:00.000Z,1,21,20151109221
2015-11-09T23:00:00.000Z,1,24,20151109231
2015-11-10T00:00:00.000Z,1,19,20151110001
2015-11-10T01:00:00.000Z,1,19,20151110011
2015-11-10T02:00:00.000Z,1,18,20151110021
2015-11-10T03:00:00.000Z,1,17,20151110031
2015-11-10T04:00:00.000Z,1,12,20151110041
2015-11-10T05:00:00.000Z,1,10,20151110051
2015-11-10T06:00:00.000Z,1,14,20151110061
2015-11-10T07:00:00.000Z,1,15,20151110071
2015-11-10T08:00:00.000Z,1,14,20151110081
2015-11-10T09:00:00.000Z,1,34,20151110091
2015-11-10T10:00:00.000Z,1,40,20151110101
2015-11-10T11:00:00.000Z,1,38,20151110111
2015-11-10T12:00:00.000Z,1,36,20151110121
2015-11-10T13:00:00.000Z,1,27,20151110131
2015-11-10T14:00:00.000Z,1,48,20151110141
2015-11-10T15:00:00.000Z,1,43,20151110151
2015-11-10T16:00:00.000Z,1,41,20151110161
2015-11-10T17:00:00.000Z,1,35,20151110171
2015-11-10T18:00:00.000Z,1,40,20151110181
2015-11-10T19:00:00.000Z,1,40,20151110191
2015-11-10T20:00:00.000Z,1,40,20151110201
2015-11-10T21:00:00.000Z,1,36,20151110211
2015-11-10T22:00:00.000Z,1,37,20151110221
2015-11-10T23:00:00.000Z,1,35,20151110231
2015-11-11T00:00:00.000Z,1,28,20151111001
2015-11-11T01:00:00.000Z,1,25,20151111011
2015-11-11T02:00:00.000Z,1,19,20151111021
2015-11-11T03:00:00.000Z,1,21,20151111031
2015-11-11T04:00:00.000Z,1,20,20151111041
2015-11-11T05:00:00.000Z,1,15,20151111051
2015-11-11T06:00:00.000Z,1,17,20151111061
2015-11-11T07:00:00.000Z,1,14,20151111071
2015-11-11T08:00:00.000Z,1,19,20151111081
2015-11-11T09:00:00.000Z,1,22,20151111091
2015-11-11T10:00:00.000Z,1,30,20151111101
2015-11-11T11:00:00.000Z,1,26,20151111111
2015-11-11T12:00:00.000Z,1,26,20151111121
2015-11-11T13:00:00.000Z,1,23,20151111131
2015-11-11T14:00:00.000Z,1,23,20151111141
2015-11-11T15:00:00.000Z,1,24,20151111151
2015-11-11T16:00:00.000Z,1,22,20151111161
2015-11-11T17:00:00.000Z,1,24,20151111171
2015-11-11T18:00:00.000Z,1,26,20151111181
2015-11-11T19:00:00.000Z,1,27,20151111191
2015-11-11T20:00:00.000Z,1,22,20151111201
2015-11-11T21:00:00.000Z,1,23,20151111211
2015-11-11T22:00:00.000Z,1,22,20151111221
2015-11-11T23:00:00.000Z,1,22,20151111231
2015-11-12T00:00:00.000Z,1,22,20151112001
2015-11-12T01:00:00.000Z,1,17,20151112011
2015-11-12T02:00:00.000Z,1,15,20151112021
2015-11-12T03:00:00.000Z,1,12,20151112031
2015-11-12T04:00:00.000Z,1,13,20151112041
2015-11-12T05:00:00.000Z,1,9,20151112051
2015-11-12T06:00:00.000Z,1,14,20151112061
2015-11-12T07:00:00.000Z,1,13,20151112071
2015-11-12T08:00:00.000Z,1,15,20151112081
2015-11-12T09:00:00.000Z,1,27,20151112091
2015-11-12T10:00:00.000Z,1,39,20151112101
2015-11-12T11:00:00.000Z,1,40,20151112111
2015-11-12T12:00:00.000Z,1,36,20151112121
2015-11-12T13:00:00.000Z,1,34,20151112131
2015-11-12T14:00:00.000Z,1,33,20151112141
2015-11-12T15:00:00.000Z,1,28,20151112151
2015-11-12T16:00:00.000Z,1,30,20151112161
2015-11-12T17:00:00.000Z,1,26,20151112171
2015-11-12T18:00:00.000Z,1,30,20151112181
2015-11-12T19:00:00.000Z,1,35,20151112191
2015-11-12T20:00:00.000Z,1,38,20151112201
2015-11-12T21:00:00.000Z,1,34,20151112211
2015-11-12T22:00:00.000Z,1,30,20151112221
2015-11-12T23:00:00.000Z,1,27,20151112231
2015-11-13T00:00:00.000Z,1,24,20151113001
2015-11-13T01:00:00.000Z,1,21,20151113011
2015-11-13T02:00:00.000Z,1,16,20151113021
2015-11-13T03:00:00.000Z,1,16,20151113031
2015-11-13T04:00:00.000Z,1,13,20151113041
2015-11-13T05:00:00.000Z,1,11,20151113051
2015-11-13T06:00:00.000Z,1,13,20151113061
2015-11-13T07:00:00.000Z,1,15,20151113071
2015-11-13T08:00:00.000Z,1,17,20151113081
2015-11-13T09:00:00.000Z,1,18,20151113091
2015-11-13T10:00:00.000Z,1,24,20151113101
2015-11-13T11:00:00.000Z,1,41,20151113111
2015-11-13T12:00:00.000Z,1,29,20151113121
2015-11-13T13:00:00.000Z,1,25,20151113131
2015-11-13T14:00:00.000Z,1,25,20151113141
2015-11-13T15:00:00.000Z,1,26,20151113151
2015-11-13T16:00:00.000Z,1,25,20151113161
2015-11-13T17:00:00.000Z,1,24,20151113171
2015-11-13T18:00:00.000Z,1,26,20151113181
2015-11-13T19:00:00.000Z,1,24,20151113191
2015-11-13T20:00:00.000Z,1,28,20151113201
2015-11-13T21:00:00.000Z,1,22,20151113211
2015-11-13T22:00:00.000Z,1,23,20151113221
2015-11-13T23:00:00.000Z,1,18,20151113231
2015-11-14T00:00:00.000Z,1,21,20151114001
2015-11-14T01:00:00.000Z,1,20,20151114011
2015-11-14T02:00:00.000Z,1,15,20151114021
2015-11-14T03:00:00.000Z,1,13,20151114031
2015-11-14T04:00:00.000Z,1,10,20151114041
2015-11-14T05:00:00.000Z,1,10,20151114051
2015-11-14T06:00:00.000Z,1,12,20151114061
2015-11-14T07:00:00.000Z,1,9,20151114071
2015-11-14T08:00:00.000Z,1,11,20151114081
2015-11-14T09:00:00.000Z,1,15,20151114091
2015-11-14T10:00:00.000Z,1,16,20151114101
2015-11-14T11:00:00.000Z,1,16,20151114111
2015-11-14T12:00:00.000Z,1,12,20151114121
2015-11-14T13:00:00.000Z,1,11,20151114131
2015-11-14T14:00:00.000Z,1,14,20151114141
2015-11-14T15:00:00.000Z,1,16,20151114151
2015-11-14T16:00:00.000Z,1,18,20151114161
2015-11-14T17:00:00.000Z,1,13,20151114171
2015-11-14T18:00:00.000Z,1,17,20151114181
2015-11-14T19:00:00.000Z,1,15,20151114191
2015-11-14T20:00:00.000Z,1,19,20151114201
2015-11-14T21:00:00.000Z,1,15,20151114211
2015-11-14T22:00:00.000Z,1,19,20151114221
2015-11-14T23:00:00.000Z,1,15,20151114231
2015-11-15T00:00:00.000Z,1,15,20151115001
2015-11-15T01:00:00.000Z,1,13,20151115011
2015-11-15T02:00:00.000Z,1,14,20151115021
2015-11-15T03:00:00.000Z,1,10,20151115031
2015-11-15T04:00:00.000Z,1,8,20151115041
2015-11-15T05:00:00.000Z,1,9,20151115051
2015-11-15T06:00:00.000Z,1,9,20151115061
2015-11-15T07:00:00.000Z,1,9,20151115071
2015-11-15T08:00:00.000Z,1,9,20151115081
2015-11-15T09:00:00.000Z,1,16,20151115091
2015-11-15T10:00:00.000Z,1,18,20151115101
2015-11-15T11:00:00.000Z,1,18,20151115111
2015-11-15T12:00:00.000Z,1,17,20151115121
2015-11-15T13:00:00.000Z,1,18,20151115131
2015-11-15T14:00:00.000Z,1,14,20151115141
2015-11-15T15:00:00.000Z,1,15,20151115151
2015-11-15T16:00:00.000Z,1,13,20151115161
2015-11-15T17:00:00.000Z,1,15,20151115171
2015-11-15T18:00:00.000Z,1,19,20151115181
2015-11-15T19:00:00.000Z,1,18,20151115191
2015-11-15T20:00:00.000Z,1,21,20151115201
2015-11-15T21:00:00.000Z,1,17,20151115211
2015-11-15T22:00:00.000Z,1,17,20151115221
2015-11-15T23:00:00.000Z,1,15,20151115231
2015-11-16T00:00:00.000Z,1,17,20151116001
2015-11-16T01:00:00.000Z,1,14,20151116011
2015-11-16T02:00:00.000Z,1,13,20151116021
2015-11-16T03:00:00.000Z,1,15,20151116031
2015-11-16T04:00:00.000Z,1,12,20151116041
2015-11-16T05:00:00.000Z,1,12,20151116051
2015-11-16T06:00:00.000Z,1,13,20151116061
2015-11-16T07:00:00.000Z,1,14,20151116071
2015-11-16T08:00:00.000Z,1,13,20151116081
2015-11-16T09:00:00.000Z,1,16,20151116091
2015-11-16T10:00:00.000Z,1,26,20151116101
2015-11-16T11:00:00.000Z,1,21,20151116111
2015-11-16T12:00:00.000Z,1,26,20151116121
2015-11-16T13:00:00.000Z,1,24,20151116131
2015-11-16T14:00:00.000Z,1,26,20151116141
2015-11-16T15:00:00.000Z,1,22,20151116151
2015-11-16T16:00:00.000Z,1,24,20151116161
2015-11-16T17:00:00.000Z,1,26,20151116171
2015-11-16T18:00:00.000Z,1,23,20151116181
2015-11-16T19:00:00.000Z,1,29,20151116191
2015-11-16T20:00:00.000Z,1,31,20151116201
2015-11-16T21:00:00.000Z,1,27,20151116211
2015-11-16T22:00:00.000Z,1,27,20151116221
2015-11-16T23:00:00.000Z,1,26,20151116231
2015-11-17T00:00:00.000Z,1,23,20151117001
2015-11-17T01:00:00.000Z,1,21,20151117011
2015-11-17T02:00:00.000Z,1,19,20151117021
2015-11-17T03:00:00.000Z,1,16,20151117031
2015-11-17T04:00:00.000Z,1,11,20151117041
2015-11-17T05:00:00.000Z,1,11,20151117051
2015-11-17T06:00:00.000Z,1,15,20151117061
2015-11-17T07:00:00.000Z,1,12,20151117071
2015-11-17T08:00:00.000Z,1,12,20151117081
2015-11-17T09:00:00.000Z,1,18,20151117091
2015-11-17T10:00:00.000Z,1,31,20151117101
2015-11-17T11:00:00.000Z,1,42,20151117111
2015-11-17T12:00:00.000Z,1,37,20151117121
2015-11-17T13:00:00.000Z,1,30,20151117131
2015-11-17T14:00:00.000Z,1,33,20151117141
2015-11-17T15:00:00.000Z,1,28,20151117151
2015-11-17T16:00:00.000Z,1,29,20151117161
2015-11-17T17:00:00.000Z,1,28,20151117171
2015-11-17T18:00:00.000Z,1,28,20151117181
2015-11-17T19:00:00.000Z,1,31,20151117191
2015-11-17T20:00:00.000Z,1,28,20151117201
2015-11-17T21:00:00.000Z,1,26,20151117211
2015-11-17T22:00:00.000Z,1,26,20151117221
2015-11-17T23:00:00.000Z,1,27,20151117231
2015-11-18T00:00:00.000Z,1,24,20151118001
2015-11-18T01:00:00.000Z,1,23,20151118011
2015-11-18T02:00:00.000Z,1,20,20151118021
2015-11-18T03:00:00.000Z,1,19,20151118031
2015-11-18T04:00:00.000Z,1,20,20151118041
2015-11-18T05:00:00.000Z,1,16,20151118051
2015-11-18T06:00:00.000Z,1,19,20151118061
2015-11-18T07:00:00.000Z,1,16,20151118071
2015-11-18T08:00:00.000Z,1,17,20151118081
2015-11-18T09:00:00.000Z,1,19,20151118091
2015-11-18T10:00:00.000Z,1,30,20151118101
2015-11-18T11:00:00.000Z,1,44,20151118111
2015-11-18T12:00:00.000Z,1,35,20151118121
2015-11-18T13:00:00.000Z,1,34,20151118131
2015-11-18T14:00:00.000Z,1,31,20151118141
2015-11-18T15:00:00.000Z,1,31,20151118151
2015-11-18T16:00:00.000Z,1,28,20151118161
2015-11-18T17:00:00.000Z,1,34,20151118171
2015-11-18T18:00:00.000Z,1,37,20151118181
2015-11-18T19:00:00.000Z,1,37,20151118191
2015-11-18T20:00:00.000Z,1,34,20151118201
2015-11-18T21:00:00.000Z,1,31,20151118211
2015-11-18T22:00:00.000Z,1,29,20151118221
2015-11-18T23:00:00.000Z,1,28,20151118231
2015-11-19T00:00:00.000Z,1,32,20151119001
2015-11-19T01:00:00.000Z,1,23,20151119011
2015-11-19T02:00:00.000Z,1,20,20151119021
2015-11-19T03:00:00.000Z,1,16,20151119031
2015-11-19T04:00:00.000Z,1,18,20151119041
2015-11-19T05:00:00.000Z,1,17,20151119051
2015-11-19T06:00:00.000Z,1,16,20151119061
2015-11-19T07:00:00.000Z,1,17,20151119071
2015-11-19T08:00:00.000Z,1,18,20151119081
2015-11-19T09:00:00.000Z,1,25,20151119091
2015-11-19T10:00:00.000Z,1,31,20151119101
2015-11-19T11:00:00.000Z,1,32,20151119111
2015-11-19T12:00:00.000Z,1,31,20151119121
2015-11-19T13:00:00.000Z,1,29,20151119131
2015-11-19T14:00:00.000Z,1,31,20151119141
2015-11-19T15:00:00.000Z,1,31,20151119151
2015-11-19T16:00:00.000Z,1,30,20151119161
2015-11-19T17:00:00.000Z,1,28,20151119171
2015-11-19T18:00:00.000Z,1,29,20151119181
2015-11-19T19:00:00.000Z,1,36,20151119191
2015-11-19T20:00:00.000Z,1,29,20151119201
2015-11-19T21:00:00.000Z,1,28,20151119211
2015-11-19T22:00:00.000Z,1,30,20151119221
2015-11-19T23:00:00.000Z,1,29,20151119231
2015-11-20T00:00:00.000Z,1,24,20151120001
2015-11-20T01:00:00.000Z,1,20,20151120011
2015-11-20T02:00:00.000Z,1,15,20151120021
2015-11-20T03:00:00.000Z,1,14,20151120031
2015-11-20T04:00:00.000Z,1,13,20151120041
2015-11-20T05:00:00.000Z,1,8,20151120051
2015-11-20T06:00:00.000Z,1,12,20151120061
2015-11-20T07:00:00.000Z,1,14,20151120071
2015-11-20T08:00:00.000Z,1,15,20151120081
2015-11-20T09:00:00.000Z,1,20,20151120091
2015-11-20T10:00:00.000Z,1,26,20151120101
2015-11-20T11:00:00.000Z,1,26,20151120111
2015-11-20T12:00:00.000Z,1,26,20151120121
2015-11-20T13:00:00.000Z,1,21,20151120131
2015-11-20T14:00:00.000Z,1,26,20151120141
2015-11-20T15:00:00.000Z,1,29,20151120151
2015-11-20T16:00:00.000Z,1,20,20151120161
2015-11-20T17:00:00.000Z,1,22,20151120171
2015-11-20T18:00:00.000Z,1,25,20151120181
2015-11-20T19:00:00.000Z,1,27,20151120191
2015-11-20T20:00:00.000Z,1,26,20151120201
2015-11-20T21:00:00.000Z,1,24,20151120211
2015-11-20T22:00:00.000Z,1,25,20151120221
2015-11-20T23:00:00.000Z,1,21,20151120231
2015-11-21T00:00:00.000Z,1,17,20151121001
2015-11-21T01:00:00.000Z,1,16,20151121011
2015-11-21T02:00:00.000Z,1,15,20151121021
2015-11-21T03:00:00.000Z,1,15,20151121031
2015-11-21T04:00:00.000Z,1,15,20151121041
2015-11-21T05:00:00.000Z,1,8,20151121051
2015-11-21T06:00:00.000Z,1,12,20151121061
2015-11-21T07:00:00.000Z,1,13,20151121071
2015-11-21T08:00:00.000Z,1,12,20151121081
2015-11-21T09:00:00.000Z,1,16,20151121091
2015-11-21T10:00:00.000Z,1,18,20151121101
2015-11-21T11:00:00.000Z,1,17,20151121111
2015-11-21T12:00:00.000Z,1,18,20151121121
2015-11-21T13:00:00.000Z,1,15,20151121131
2015-11-21T14:00:00.000Z,1,21,20151121141
2015-11-21T15:00:00.000Z,1,18,20151121151
2015-11-21T16:00:00.000Z,1,17,20151121161
2015-11-21T17:00:00.000Z,1,17,20151121171
2015-11-21T18:00:00.000Z,1,19,20151121181
2015-11-21T19:00:00.000Z,1,22,20151121191
2015-11-21T20:00:00.000Z,1,18,20151121201
2015-11-21T21:00:00.000Z,1,17,20151121211
2015-11-21T22:00:00.000Z,1,22,20151121221
2015-11-21T23:00:00.000Z,1,17,20151121231
2015-11-22T00:00:00.000Z,1,15,20151122001
2015-11-22T01:00:00.000Z,1,15,20151122011
2015-11-22T02:00:00.000Z,1,11,20151122021
2015-11-22T03:00:00.000Z,1,12,20151122031
2015-11-22T04:00:00.000Z,1,11,20151122041
2015-11-22T05:00:00.000Z,1,8,20151122051
2015-11-22T06:00:00.000Z,1,11,20151122061
2015-11-22T07:00:00.000Z,1,9,20151122071
2015-11-22T08:00:00.000Z,1,8,20151122081
2015-11-22T09:00:00.000Z,1,15,20151122091
2015-11-22T10:00:00.000Z,1,18,20151122101
2015-11-22T11:00:00.000Z,1,18,20151122111
2015-11-22T12:00:00.000Z,1,20,20151122121
2015-11-22T13:00:00.000Z,1,20,20151122131
2015-11-22T14:00:00.000Z,1,20,20151122141
2015-11-22T15:00:00.000Z,1,15,20151122151
2015-11-22T16:00:00.000Z,1,16,20151122161
2015-11-22T17:00:00.000Z,1,16,20151122171
2015-11-22T18:00:00.000Z,1,21,20151122181
2015-11-22T19:00:00.000Z,1,27,20151122191
2015-11-22T20:00:00.000Z,1,26,20151122201
2015-11-22T21:00:00.000Z,1,24,20151122211
2015-11-22T22:00:00.000Z,1,20,20151122221
2015-11-22T23:00:00.000Z,1,20,20151122231
2015-11-23T00:00:00.000Z,1,21,20151123001
2015-11-23T01:00:00.000Z,1,14,20151123011
2015-11-23T02:00:00.000Z,1,16,20151123021
2015-11-23T03:00:00.000Z,1,14,20151123031
2015-11-23T04:00:00.000Z,1,11,20151123041
2015-11-23T05:00:00.000Z,1,11,20151123051
2015-11-23T06:00:00.000Z,1,9,20151123061
2015-11-23T07:00:00.000Z,1,12,20151123071
2015-11-23T08:00:00.000Z,1,16,20151123081
2015-11-23T09:00:00.000Z,1,26,20151123091
2015-11-23T10:00:00.000Z,1,33,20151123101
2015-11-23T11:00:00.000Z,1,35,20151123111
2015-11-23T12:00:00.000Z,1,33,20151123121
2015-11-23T13:00:00.000Z,1,32,20151123131
2015-11-23T14:00:00.000Z,1,28,20151123141
2015-11-23T15:00:00.000Z,1,33,20151123151
2015-11-23T16:00:00.000Z,1,27,20151123161
2015-11-23T17:00:00.000Z,1,24,20151123171
2015-11-23T18:00:00.000Z,1,27,20151123181
2015-11-23T19:00:00.000Z,1,29,20151123191
2015-11-23T20:00:00.000Z,1,26,20151123201
2015-11-23T21:00:00.000Z,1,27,20151123211
2015-11-23T22:00:00.000Z,1,28,20151123221
2015-11-23T23:00:00.000Z,1,26,20151123231
2015-11-24T00:00:00.000Z,1,23,20151124001
2015-11-24T01:00:00.000Z,1,19,20151124011
2015-11-24T02:00:00.000Z,1,18,20151124021
2015-11-24T03:00:00.000Z,1,13,20151124031
2015-11-24T04:00:00.000Z,1,12,20151124041
2015-11-24T05:00:00.000Z,1,13,20151124051
2015-11-24T06:00:00.000Z,1,16,20151124061
2015-11-24T07:00:00.000Z,1,17,20151124071
2015-11-24T08:00:00.000Z,1,23,20151124081
2015-11-24T09:00:00.000Z,1,26,20151124091
2015-11-24T10:00:00.000Z,1,29,20151124101
2015-11-24T11:00:00.000Z,1,28,20151124111
2015-11-24T12:00:00.000Z,1,31,20151124121
2015-11-24T13:00:00.000Z,1,23,20151124131
2015-11-24T14:00:00.000Z,1,28,20151124141
2015-11-24T15:00:00.000Z,1,25,20151124151
2015-11-24T16:00:00.000Z,1,24,20151124161
2015-11-24T17:00:00.000Z,1,27,20151124171
2015-11-24T18:00:00.000Z,1,28,20151124181
2015-11-24T19:00:00.000Z,1,24,20151124191
2015-11-24T20:00:00.000Z,1,29,20151124201
2015-11-24T21:00:00.000Z,1,26,20151124211
2015-11-24T22:00:00.000Z,1,25,20151124221
2015-11-24T23:00:00.000Z,1,23,20151124231
2015-11-25T00:00:00.000Z,1,21,20151125001
2015-11-25T01:00:00.000Z,1,16,20151125011
2015-11-25T02:00:00.000Z,1,16,20151125021
2015-11-25T03:00:00.000Z,1,15,20151125031
2015-11-25T04:00:00.000Z,1,11,20151125041
2015-11-25T05:00:00.000Z,1,9,20151125051
2015-11-25T06:00:00.000Z,1,10,20151125061
2015-11-25T07:00:00.000Z,1,14,20151125071
2015-11-25T08:00:00.000Z,1,17,20151125081
2015-11-25T09:00:00.000Z,1,21,20151125091
2015-11-25T10:00:00.000Z,1,28,20151125101
2015-11-25T11:00:00.000Z,1,30,20151125111
2015-11-25T12:00:00.000Z,1,29,20151125121
2015-11-25T13:00:00.000Z,1,26,20151125131
2015-11-25T14:00:00.000Z,1,26,20151125141
2015-11-25T15:00:00.000Z,1,27,20151125151
2015-11-25T16:00:00.000Z,1,26,20151125161
2015-11-25T17:00:00.000Z,1,23,20151125171
2015-11-25T18:00:00.000Z,1,28,20151125181
2015-11-25T19:00:00.000Z,1,31,20151125191
2015-11-25T20:00:00.000Z,1,26,20151125201
2015-11-25T21:00:00.000Z,1,24,20151125211
2015-11-25T22:00:00.000Z,1,24,20151125221
2015-11-25T23:00:00.000Z,1,21,20151125231
2015-11-26T00:00:00.000Z,1,22,20151126001
2015-11-26T01:00:00.000Z,1,16,20151126011
2015-11-26T02:00:00.000Z,1,13,20151126021
2015-11-26T03:00:00.000Z,1,11,20151126031
2015-11-26T04:00:00.000Z,1,13,20151126041
2015-11-26T05:00:00.000Z,1,12,20151126051
2015-11-26T06:00:00.000Z,1,11,20151126061
2015-11-26T07:00:00.000Z,1,13,20151126071
2015-11-26T08:00:00.000Z,1,11,20151126081
2015-11-26T09:00:00.000Z,1,21,20151126091
2015-11-26T10:00:00.000Z,1,32,20151126101
2015-11-26T11:00:00.000Z,1,33,20151126111
2015-11-26T12:00:00.000Z,1,26,20151126121
2015-11-26T13:00:00.000Z,1,25,20151126131
2015-11-26T14:00:00.000Z,1,30,20151126141
2015-11-26T15:00:00.000Z,1,30,20151126151
2015-11-26T16:00:00.000Z,1,28,20151126161
2015-11-26T17:00:00.000Z,1,25,20151126171
2015-11-26T18:00:00.000Z,1,24,20151126181
2015-11-26T19:00:00.000Z,1,29,20151126191
2015-11-26T20:00:00.000Z,1,31,20151126201
2015-11-26T21:00:00.000Z,1,26,20151126211
2015-11-26T22:00:00.000Z,1,28,20151126221
2015-11-26T23:00:00.000Z,1,21,20151126231
2015-11-27T00:00:00.000Z,1,20,20151127001
2015-11-27T01:00:00.000Z,1,19,20151127011
2015-11-27T02:00:00.000Z,1,14,20151127021
2015-11-27T03:00:00.000Z,1,11,20151127031
2015-11-27T04:00:00.000Z,1,9,20151127041
2015-11-27T05:00:00.000Z,1,11,20151127051
2015-11-27T06:00:00.000Z,1,10,20151127061
2015-11-27T07:00:00.000Z,1,9,20151127071
2015-11-27T08:00:00.000Z,1,16,20151127081
2015-11-27T09:00:00.000Z,1,21,20151127091
2015-11-27T10:00:00.000Z,1,33,20151127101
2015-11-27T11:00:00.000Z,1,29,20151127111
2015-11-27T12:00:00.000Z,1,28,20151127121
2015-11-27T13:00:00.000Z,1,26,20151127131
2015-11-27T14:00:00.000Z,1,27,20151127141
2015-11-27T15:00:00.000Z,1,29,20151127151
2015-11-27T16:00:00.000Z,1,26,20151127161
2015-11-27T17:00:00.000Z,1,27,20151127171
2015-11-27T18:00:00.000Z,1,27,20151127181
2015-11-27T19:00:00.000Z,1,30,20151127191
2015-11-27T20:00:00.000Z,1,24,20151127201
2015-11-27T21:00:00.000Z,1,24,20151127211
2015-11-27T22:00:00.000Z,1,24,20151127221
2015-11-27T23:00:00.000Z,1,23,20151127231
2015-11-28T00:00:00.000Z,1,21,20151128001
2015-11-28T01:00:00.000Z,1,13,20151128011
2015-11-28T02:00:00.000Z,1,16,20151128021
2015-11-28T03:00:00.000Z,1,11,20151128031
2015-11-28T04:00:00.000Z,1,10,20151128041
2015-11-28T05:00:00.000Z,1,8,20151128051
2015-11-28T06:00:00.000Z,1,11,20151128061
2015-11-28T07:00:00.000Z,1,10,20151128071
2015-11-28T08:00:00.000Z,1,16,20151128081
2015-11-28T09:00:00.000Z,1,19,20151128091
2015-11-28T10:00:00.000Z,1,21,20151128101
2015-11-28T11:00:00.000Z,1,25,20151128111
2015-11-28T12:00:00.000Z,1,21,20151128121
2015-11-28T13:00:00.000Z,1,18,20151128131
2015-11-28T14:00:00.000Z,1,18,20151128141
2015-11-28T15:00:00.000Z,1,22,20151128151
2015-11-28T16:00:00.000Z,1,18,20151128161
2015-11-28T17:00:00.000Z,1,16,20151128171
2015-11-28T18:00:00.000Z,1,16,20151128181
2015-11-28T19:00:00.000Z,1,26,20151128191
2015-11-28T20:00:00.000Z,1,28,20151128201
2015-11-28T21:00:00.000Z,1,22,20151128211
2015-11-28T22:00:00.000Z,1,22,20151128221
2015-11-28T23:00:00.000Z,1,21,20151128231
2015-11-29T00:00:00.000Z,1,22,20151129001
2015-11-29T01:00:00.000Z,1,17,20151129011
2015-11-29T02:00:00.000Z,1,13,20151129021
2015-11-29T03:00:00.000Z,1,10,20151129031
2015-11-29T04:00:00.000Z,1,12,20151129041
2015-11-29T05:00:00.000Z,1,12,20151129051
2015-11-29T06:00:00.000Z,1,9,20151129061
2015-11-29T07:00:00.000Z,1,13,20151129071
2015-11-29T08:00:00.000Z,1,14,20151129081
2015-11-29T09:00:00.000Z,1,18,20151129091
2015-11-29T10:00:00.000Z,1,20,20151129101
2015-11-29T11:00:00.000Z,1,21,20151129111
2015-11-29T12:00:00.000Z,1,22,20151129121
2015-11-29T13:00:00.000Z,1,17,20151129131
2015-11-29T14:00:00.000Z,1,20,20151129141
2015-11-29T15:00:00.000Z,1,19,20151129151
2015-11-29T16:00:00.000Z,1,20,20151129161
2015-11-29T17:00:00.000Z,1,20,20151129171
2015-11-29T18:00:00.000Z,1,21,20151129181
2015-11-29T19:00:00.000Z,1,20,20151129191
2015-11-29T20:00:00.000Z,1,22,20151129201
2015-11-29T21:00:00.000Z,1,24,20151129211
2015-11-29T22:00:00.000Z,1,21,20151129221
2015-11-29T23:00:00.000Z,1,18,20151129231
2015-11-30T00:00:00.000Z,1,20,20151130001
2015-11-30T01:00:00.000Z,1,13,20151130011
2015-11-30T02:00:00.000Z,1,15,20151130021
2015-11-30T03:00:00.000Z,1,11,20151130031
2015-11-30T04:00:00.000Z,1,12,20151130041
2015-11-30T05:00:00.000Z,1,11,20151130051
2015-11-30T06:00:00.000Z,1,11,20151130061
2015-11-30T07:00:00.000Z,1,13,20151130071
2015-11-30T08:00:00.000Z,1,16,20151130081
2015-11-30T09:00:00.000Z,1,24,20151130091
2015-11-30T10:00:00.000Z,1,35,20151130101
2015-11-30T11:00:00.000Z,1,34,20151130111
2015-11-30T12:00:00.000Z,1,36,20151130121
2015-11-30T13:00:00.000Z,1,27,20151130131
2015-11-30T14:00:00.000Z,1,33,20151130141
2015-11-30T15:00:00.000Z,1,34,20151130151
2015-11-30T16:00:00.000Z,1,28,20151130161
2015-11-30T17:00:00.000Z,1,27,20151130171
2015-11-30T18:00:00.000Z,1,28,20151130181
2015-11-30T19:00:00.000Z,1,29,20151130191
2015-11-30T20:00:00.000Z,1,31,20151130201
2015-11-30T21:00:00.000Z,1,29,20151130211
2015-11-30T22:00:00.000Z,1,26,20151130221
2015-11-30T23:00:00.000Z,1,24,20151130231
2015-12-01T00:00:00.000Z,1,21,20151201001
2015-12-01T01:00:00.000Z,1,20,20151201011
2015-12-01T02:00:00.000Z,1,18,20151201021
2015-12-01T03:00:00.000Z,1,13,20151201031
2015-12-01T04:00:00.000Z,1,14,20151201041
2015-12-01T05:00:00.000Z,1,11,20151201051
2015-12-01T06:00:00.000Z,1,11,20151201061
2015-12-01T07:00:00.000Z,1,12,20151201071
2015-12-01T08:00:00.000Z,1,16,20151201081
2015-12-01T09:00:00.000Z,1,21,20151201091
2015-12-01T10:00:00.000Z,1,30,20151201101
2015-12-01T11:00:00.000Z,1,29,20151201111
2015-12-01T12:00:00.000Z,1,28,20151201121
2015-12-01T13:00:00.000Z,1,31,20151201131
2015-12-01T14:00:00.000Z,1,26,20151201141
2015-12-01T15:00:00.000Z,1,29,20151201151
2015-12-01T16:00:00.000Z,1,25,20151201161
2015-12-01T17:00:00.000Z,1,25,20151201171
2015-12-01T18:00:00.000Z,1,25,20151201181
2015-12-01T19:00:00.000Z,1,27,20151201191
2015-12-01T20:00:00.000Z,1,27,20151201201
2015-12-01T21:00:00.000Z,1,30,20151201211
2015-12-01T22:00:00.000Z,1,24,20151201221
2015-12-01T23:00:00.000Z,1,26,20151201231
2015-12-02T00:00:00.000Z,1,21,20151202001
2015-12-02T01:00:00.000Z,1,19,20151202011
2015-12-02T02:00:00.000Z,1,18,20151202021
2015-12-02T03:00:00.000Z,1,15,20151202031
2015-12-02T04:00:00.000Z,1,17,20151202041
2015-12-02T05:00:00.000Z,1,13,20151202051
2015-12-02T06:00:00.000Z,1,14,20151202061
2015-12-02T07:00:00.000Z,1,16,20151202071
2015-12-02T08:00:00.000Z,1,18,20151202081
2015-12-02T09:00:00.000Z,1,32,20151202091
2015-12-02T10:00:00.000Z,1,39,20151202101
2015-12-02T11:00:00.000Z,1,39,20151202111
2015-12-02T12:00:00.000Z,1,38,20151202121
2015-12-02T13:00:00.000Z,1,33,20151202131
2015-12-02T14:00:00.000Z,1,33,20151202141
2015-12-02T15:00:00.000Z,1,30,20151202151
2015-12-02T16:00:00.000Z,1,29,20151202161
2015-12-02T17:00:00.000Z,1,28,20151202171
2015-12-02T18:00:00.000Z,1,29,20151202181
2015-12-02T19:00:00.000Z,1,32,20151202191
2015-12-02T20:00:00.000Z,1,35,20151202201
2015-12-02T21:00:00.000Z,1,34,20151202211
2015-12-02T22:00:00.000Z,1,31,20151202221
2015-12-02T23:00:00.000Z,1,27,20151202231
2015-12-03T00:00:00.000Z,1,23,20151203001
2015-12-03T01:00:00.000Z,1,22,20151203011
2015-12-03T02:00:00.000Z,1,15,20151203021
2015-12-03T03:00:00.000Z,1,17,20151203031
2015-12-03T04:00:00.000Z,1,13,20151203041
2015-12-03T05:00:00.000Z,1,12,20151203051
2015-12-03T06:00:00.000Z,1,12,20151203061
2015-12-03T07:00:00.000Z,1,15,20151203071
2015-12-03T08:00:00.000Z,1,17,20151203081
2015-12-03T09:00:00.000Z,1,23,20151203091
2015-12-03T10:00:00.000Z,1,30,20151203101
2015-12-03T11:00:00.000Z,1,31,20151203111
2015-12-03T12:00:00.000Z,1,26,20151203121
2015-12-03T13:00:00.000Z,1,24,20151203131
2015-12-03T14:00:00.000Z,1,30,20151203141
2015-12-03T15:00:00.000Z,1,26,20151203151
2015-12-03T16:00:00.000Z,1,24,20151203161
2015-12-03T17:00:00.000Z,1,28,20151203171
2015-12-03T18:00:00.000Z,1,28,20151203181
2015-12-03T19:00:00.000Z,1,31,20151203191
2015-12-03T20:00:00.000Z,1,30,20151203201
2015-12-03T21:00:00.000Z,1,29,20151203211
2015-12-03T22:00:00.000Z,1,28,20151203221
2015-12-03T23:00:00.000Z,1,22,20151203231
2015-12-04T00:00:00.000Z,1,19,20151204001
2015-12-04T01:00:00.000Z,1,19,20151204011
2015-12-04T02:00:00.000Z,1,16,20151204021
2015-12-04T03:00:00.000Z,1,14,20151204031
2015-12-04T04:00:00.000Z,1,15,20151204041
2015-12-04T05:00:00.000Z,1,14,20151204051
2015-12-04T06:00:00.000Z,1,10,20151204061
2015-12-04T07:00:00.000Z,1,11,20151204071
2015-12-04T08:00:00.000Z,1,14,20151204081
2015-12-04T09:00:00.000Z,1,29,20151204091
2015-12-04T10:00:00.000Z,1,31,20151204101
2015-12-04T11:00:00.000Z,1,32,20151204111
2015-12-04T12:00:00.000Z,1,30,20151204121
2015-12-04T13:00:00.000Z,1,25,20151204131
2015-12-04T14:00:00.000Z,1,30,20151204141
2015-12-04T15:00:00.000Z,1,28,20151204151
2015-12-04T16:00:00.000Z,1,27,20151204161
2015-12-04T17:00:00.000Z,1,26,20151204171
2015-12-04T18:00:00.000Z,1,22,20151204181
2015-12-04T19:00:00.000Z,1,28,20151204191
2015-12-04T20:00:00.000Z,1,27,20151204201
2015-12-04T21:00:00.000Z,1,23,20151204211
2015-12-04T22:00:00.000Z,1,27,20151204221
2015-12-04T23:00:00.000Z,1,20,20151204231
2015-12-05T00:00:00.000Z,1,18,20151205001
2015-12-05T01:00:00.000Z,1,19,20151205011
2015-12-05T02:00:00.000Z,1,15,20151205021
2015-12-05T03:00:00.000Z,1,12,20151205031
2015-12-05T04:00:00.000Z,1,15,20151205041
2015-12-05T05:00:00.000Z,1,7,20151205051
2015-12-05T06:00:00.000Z,1,10,20151205061
2015-12-05T07:00:00.000Z,1,11,20151205071
2015-12-05T08:00:00.000Z,1,13,20151205081
2015-12-05T09:00:00.000Z,1,13,20151205091
2015-12-05T10:00:00.000Z,1,19,20151205101
2015-12-05T11:00:00.000Z,1,17,20151205111
2015-12-05T12:00:00.000Z,1,20,20151205121
2015-12-05T13:00:00.000Z,1,15,20151205131
2015-12-05T14:00:00.000Z,1,17,20151205141
2015-12-05T15:00:00.000Z,1,17,20151205151
2015-12-05T16:00:00.000Z,1,16,20151205161
2015-12-05T17:00:00.000Z,1,17,20151205171
2015-12-05T18:00:00.000Z,1,16,20151205181
2015-12-05T19:00:00.000Z,1,21,20151205191
2015-12-05T20:00:00.000Z,1,19,20151205201
2015-12-05T21:00:00.000Z,1,20,20151205211
2015-12-05T22:00:00.000Z,1,20,20151205221
2015-12-05T23:00:00.000Z,1,21,20151205231
2015-12-06T00:00:00.000Z,1,14,20151206001
2015-12-06T01:00:00.000Z,1,14,20151206011
2015-12-06T02:00:00.000Z,1,12,20151206021
2015-12-06T03:00:00.000Z,1,12,20151206031
2015-12-06T04:00:00.000Z,1,10,20151206041
2015-12-06T05:00:00.000Z,1,8,20151206051
2015-12-06T06:00:00.000Z,1,8,20151206061
2015-12-06T07:00:00.000Z,1,12,20151206071
2015-12-06T08:00:00.000Z,1,11,20151206081
2015-12-06T09:00:00.000Z,1,14,20151206091
2015-12-06T10:00:00.000Z,1,17,20151206101
2015-12-06T11:00:00.000Z,1,17,20151206111
2015-12-06T12:00:00.000Z,1,19,20151206121
2015-12-06T13:00:00.000Z,1,17,20151206131
2015-12-06T14:00:00.000Z,1,13,20151206141
2015-12-06T15:00:00.000Z,1,16,20151206151
2015-12-06T16:00:00.000Z,1,10,20151206161
2015-12-06T17:00:00.000Z,1,18,20151206171
2015-12-06T18:00:00.000Z,1,19,20151206181
2015-12-06T19:00:00.000Z,1,20,20151206191
2015-12-06T20:00:00.000Z,1,21,20151206201
2015-12-06T21:00:00.000Z,1,15,20151206211
2015-12-06T22:00:00.000Z,1,21,20151206221
2015-12-06T23:00:00.000Z,1,19,20151206231
2015-12-07T00:00:00.000Z,1,19,20151207001
2015-12-07T01:00:00.000Z,1,15,20151207011
2015-12-07T02:00:00.000Z,1,13,20151207021
2015-12-07T03:00:00.000Z,1,11,20151207031
2015-12-07T04:00:00.000Z,1,10,20151207041
2015-12-07T05:00:00.000Z,1,9,20151207051
2015-12-07T06:00:00.000Z,1,10,20151207061
2015-12-07T07:00:00.000Z,1,13,20151207071
2015-12-07T08:00:00.000Z,1,20,20151207081
2015-12-07T09:00:00.000Z,1,24,20151207091
2015-12-07T10:00:00.000Z,1,26,20151207101
2015-12-07T11:00:00.000Z,1,32,20151207111
2015-12-07T12:00:00.000Z,1,29,20151207121
2015-12-07T13:00:00.000Z,1,25,20151207131
2015-12-07T14:00:00.000Z,1,28,20151207141
2015-12-07T15:00:00.000Z,1,27,20151207151
2015-12-07T16:00:00.000Z,1,22,20151207161
2015-12-07T17:00:00.000Z,1,25,20151207171
2015-12-07T18:00:00.000Z,1,24,20151207181
2015-12-07T19:00:00.000Z,1,34,20151207191
2015-12-07T20:00:00.000Z,1,30,20151207201
2015-12-07T21:00:00.000Z,1,28,20151207211
2015-12-07T22:00:00.000Z,1,26,20151207221
2015-12-07T23:00:00.000Z,1,27,20151207231
2015-12-08T00:00:00.000Z,1,19,20151208001
2015-12-08T01:00:00.000Z,1,20,20151208011
2015-12-08T02:00:00.000Z,1,17,20151208021
2015-12-08T03:00:00.000Z,1,14,20151208031
2015-12-08T04:00:00.000Z,1,15,20151208041
2015-12-08T05:00:00.000Z,1,12,20151208051
2015-12-08T06:00:00.000Z,1,14,20151208061
2015-12-08T07:00:00.000Z,1,11,20151208071
2015-12-08T08:00:00.000Z,1,16,20151208081
2015-12-08T09:00:00.000Z,1,18,20151208091
2015-12-08T10:00:00.000Z,1,23,20151208101
2015-12-08T11:00:00.000Z,1,28,20151208111
2015-12-08T12:00:00.000Z,1,27,20151208121
2015-12-08T13:00:00.000Z,1,23,20151208131
2015-12-08T14:00:00.000Z,1,26,20151208141
2015-12-08T15:00:00.000Z,1,23,20151208151
2015-12-08T16:00:00.000Z,1,25,20151208161
2015-12-08T17:00:00.000Z,1,23,20151208171
2015-12-08T18:00:00.000Z,1,26,20151208181
2015-12-08T19:00:00.000Z,1,24,20151208191
2015-12-08T20:00:00.000Z,1,25,20151208201
2015-12-08T21:00:00.000Z,1,24,20151208211
2015-12-08T22:00:00.000Z,1,23,20151208221
2015-12-08T23:00:00.000Z,1,21,20151208231
2015-12-09T00:00:00.000Z,1,21,20151209001
2015-12-09T01:00:00.000Z,1,20,20151209011
2015-12-09T02:00:00.000Z,1,18,20151209021
2015-12-09T03:00:00.000Z,1,15,20151209031
2015-12-09T04:00:00.000Z,1,10,20151209041
2015-12-09T05:00:00.000Z,1,11,20151209051
2015-12-09T06:00:00.000Z,1,13,20151209061
2015-12-09T07:00:00.000Z,1,13,20151209071
2015-12-09T08:00:00.000Z,1,14,20151209081
2015-12-09T09:00:00.000Z,1,18,20151209091
2015-12-09T10:00:00.000Z,1,20,20151209101
2015-12-09T11:00:00.000Z,1,26,20151209111
2015-12-09T12:00:00.000Z,1,25,20151209121
2015-12-09T13:00:00.000Z,1,39,20151209131
2015-12-09T14:00:00.000Z,1,36,20151209141
2015-12-09T15:00:00.000Z,1,33,20151209151
2015-12-09T16:00:00.000Z,1,26,20151209161
2015-12-09T17:00:00.000Z,1,25,20151209171
2015-12-09T18:00:00.000Z,1,27,20151209181
2015-12-09T19:00:00.000Z,1,27,20151209191
2015-12-09T20:00:00.000Z,1,29,20151209201
2015-12-09T21:00:00.000Z,1,27,20151209211
2015-12-09T22:00:00.000Z,1,28,20151209221
2015-12-09T23:00:00.000Z,1,26,20151209231
2015-12-10T00:00:00.000Z,1,20,20151210001
2015-12-10T01:00:00.000Z,1,14,20151210011
2015-12-10T02:00:00.000Z,1,14,20151210021
2015-12-10T03:00:00.000Z,1,17,20151210031
2015-12-10T04:00:00.000Z,1,11,20151210041
2015-12-10T05:00:00.000Z,1,12,20151210051
2015-12-10T06:00:00.000Z,1,12,20151210061
2015-12-10T07:00:00.000Z,1,14,20151210071
2015-12-10T08:00:00.000Z,1,14,20151210081
2015-12-10T09:00:00.000Z,1,19,20151210091
2015-12-10T10:00:00.000Z,1,28,20151210101
2015-12-10T11:00:00.000Z,1,26,20151210111
2015-12-10T12:00:00.000Z,1,31,20151210121
2015-12-10T13:00:00.000Z,1,23,20151210131
2015-12-10T14:00:00.000Z,1,24,20151210141
2015-12-10T15:00:00.000Z,1,28,20151210151
2015-12-10T16:00:00.000Z,1,26,20151210161
2015-12-10T17:00:00.000Z,1,26,20151210171
2015-12-10T18:00:00.000Z,1,27,20151210181
2015-12-10T19:00:00.000Z,1,22,20151210191
2015-12-10T20:00:00.000Z,1,25,20151210201
2015-12-10T21:00:00.000Z,1,24,20151210211
2015-12-10T22:00:00.000Z,1,23,20151210221
2015-12-10T23:00:00.000Z,1,22,20151210231
2015-12-11T00:00:00.000Z,1,17,20151211001
2015-12-11T01:00:00.000Z,1,19,20151211011
2015-12-11T02:00:00.000Z,1,16,20151211021
2015-12-11T03:00:00.000Z,1,14,20151211031
2015-12-11T04:00:00.000Z,1,13,20151211041
2015-12-11T05:00:00.000Z,1,10,20151211051
2015-12-11T06:00:00.000Z,1,11,20151211061
2015-12-11T07:00:00.000Z,1,13,20151211071
2015-12-11T08:00:00.000Z,1,12,20151211081
2015-12-11T09:00:00.000Z,1,15,20151211091
2015-12-11T10:00:00.000Z,1,26,20151211101
2015-12-11T11:00:00.000Z,1,33,20151211111
2015-12-11T12:00:00.000Z,1,31,20151211121
2015-12-11T13:00:00.000Z,1,26,20151211131
2015-12-11T14:00:00.000Z,1,30,20151211141
2015-12-11T15:00:00.000Z,1,28,20151211151
2015-12-11T16:00:00.000Z,1,29,20151211161
2015-12-11T17:00:00.000Z,1,23,20151211171
2015-12-11T18:00:00.000Z,1,29,20151211181
2015-12-11T19:00:00.000Z,1,26,20151211191
2015-12-11T20:00:00.000Z,1,29,20151211201
2015-12-11T21:00:00.000Z,1,24,20151211211
2015-12-11T22:00:00.000Z,1,22,20151211221
2015-12-11T23:00:00.000Z,1,23,20151211231
2015-12-12T00:00:00.000Z,1,23,20151212001
2015-12-12T01:00:00.000Z,1,16,20151212011
2015-12-12T02:00:00.000Z,1,12,20151212021
2015-12-12T03:00:00.000Z,1,14,20151212031
2015-12-12T04:00:00.000Z,1,13,20151212041
2015-12-12T05:00:00.000Z,1,11,20151212051
2015-12-12T06:00:00.000Z,1,7,20151212061
2015-12-12T07:00:00.000Z,1,10,20151212071
2015-12-12T08:00:00.000Z,1,12,20151212081
2015-12-12T09:00:00.000Z,1,16,20151212091
2015-12-12T10:00:00.000Z,1,20,20151212101
2015-12-12T11:00:00.000Z,1,15,20151212111
2015-12-12T12:00:00.000Z,1,19,20151212121
2015-12-12T13:00:00.000Z,1,16,20151212131
2015-12-12T14:00:00.000Z,1,14,20151212141
2015-12-12T15:00:00.000Z,1,14,20151212151
2015-12-12T16:00:00.000Z,1,15,20151212161
2015-12-12T17:00:00.000Z,1,17,20151212171
2015-12-12T18:00:00.000Z,1,18,20151212181
2015-12-12T19:00:00.000Z,1,17,20151212191
2015-12-12T20:00:00.000Z,1,15,20151212201
2015-12-12T21:00:00.000Z,1,18,20151212211
2015-12-12T22:00:00.000Z,1,16,20151212221
2015-12-12T23:00:00.000Z,1,19,20151212231
2015-12-13T00:00:00.000Z,1,16,20151213001
2015-12-13T01:00:00.000Z,1,15,20151213011
2015-12-13T02:00:00.000Z,1,9,20151213021
2015-12-13T03:00:00.000Z,1,12,20151213031
2015-12-13T04:00:00.000Z,1,8,20151213041
2015-12-13T05:00:00.000Z,1,9,20151213051
2015-12-13T06:00:00.000Z,1,9,20151213061
2015-12-13T07:00:00.000Z,1,11,20151213071
2015-12-13T08:00:00.000Z,1,14,20151213081
2015-12-13T09:00:00.000Z,1,13,20151213091
2015-12-13T10:00:00.000Z,1,15,20151213101
2015-12-13T11:00:00.000Z,1,16,20151213111
2015-12-13T12:00:00.000Z,1,15,20151213121
2015-12-13T13:00:00.000Z,1,18,20151213131
2015-12-13T14:00:00.000Z,1,15,20151213141
2015-12-13T15:00:00.000Z,1,17,20151213151
2015-12-13T16:00:00.000Z,1,16,20151213161
2015-12-13T17:00:00.000Z,1,16,20151213171
2015-12-13T18:00:00.000Z,1,16,20151213181
2015-12-13T19:00:00.000Z,1,20,20151213191
2015-12-13T20:00:00.000Z,1,19,20151213201
2015-12-13T21:00:00.000Z,1,17,20151213211
2015-12-13T22:00:00.000Z,1,21,20151213221
2015-12-13T23:00:00.000Z,1,18,20151213231
2015-12-14T00:00:00.000Z,1,16,20151214001
2015-12-14T01:00:00.000Z,1,16,20151214011
2015-12-14T02:00:00.000Z,1,9,20151214021
2015-12-14T03:00:00.000Z,1,12,20151214031
2015-12-14T04:00:00.000Z,1,12,20151214041
2015-12-14T05:00:00.000Z,1,12,20151214051
2015-12-14T06:00:00.000Z,1,9,20151214061
2015-12-14T07:00:00.000Z,1,13,20151214071
2015-12-14T08:00:00.000Z,1,16,20151214081
2015-12-14T09:00:00.000Z,1,18,20151214091
2015-12-14T10:00:00.000Z,1,31,20151214101
2015-12-14T11:00:00.000Z,1,37,20151214111
2015-12-14T12:00:00.000Z,1,31,20151214121
2015-12-14T13:00:00.000Z,1,30,20151214131
2015-12-14T14:00:00.000Z,1,31,20151214141
2015-12-14T15:00:00.000Z,1,32,20151214151
2015-12-14T16:00:00.000Z,1,27,20151214161
2015-12-14T17:00:00.000Z,1,26,20151214171
2015-12-14T18:00:00.000Z,1,31,20151214181
2015-12-14T19:00:00.000Z,1,32,20151214191
2015-12-14T20:00:00.000Z,1,30,20151214201
2015-12-14T21:00:00.000Z,1,30,20151214211
2015-12-14T22:00:00.000Z,1,25,20151214221
2015-12-14T23:00:00.000Z,1,24,20151214231
2015-12-15T00:00:00.000Z,1,20,20151215001
2015-12-15T01:00:00.000Z,1,17,20151215011
2015-12-15T02:00:00.000Z,1,13,20151215021
2015-12-15T03:00:00.000Z,1,16,20151215031
2015-12-15T04:00:00.000Z,1,12,20151215041
2015-12-15T05:00:00.000Z,1,13,20151215051
2015-12-15T06:00:00.000Z,1,12,20151215061
2015-12-15T07:00:00.000Z,1,16,20151215071
2015-12-15T08:00:00.000Z,1,13,20151215081
2015-12-15T09:00:00.000Z,1,18,20151215091
2015-12-15T10:00:00.000Z,1,21,20151215101
2015-12-15T11:00:00.000Z,1,47,20151215111
2015-12-15T12:00:00.000Z,1,42,20151215121
2015-12-15T13:00:00.000Z,1,30,20151215131
2015-12-15T14:00:00.000Z,1,34,20151215141
2015-12-15T15:00:00.000Z,1,31,20151215151
2015-12-15T16:00:00.000Z,1,30,20151215161
2015-12-15T17:00:00.000Z,1,29,20151215171
2015-12-15T18:00:00.000Z,1,33,20151215181
2015-12-15T19:00:00.000Z,1,31,20151215191
2015-12-15T20:00:00.000Z,1,30,20151215201
2015-12-15T21:00:00.000Z,1,32,20151215211
2015-12-15T22:00:00.000Z,1,30,20151215221
2015-12-15T23:00:00.000Z,1,25,20151215231
2015-12-16T00:00:00.000Z,1,25,20151216001
2015-12-16T01:00:00.000Z,1,22,20151216011
2015-12-16T02:00:00.000Z,1,19,20151216021
2015-12-16T03:00:00.000Z,1,18,20151216031
2015-12-16T04:00:00.000Z,1,15,20151216041
2015-12-16T05:00:00.000Z,1,14,20151216051
2015-12-16T06:00:00.000Z,1,14,20151216061
2015-12-16T07:00:00.000Z,1,14,20151216071
2015-12-16T08:00:00.000Z,1,17,20151216081
2015-12-16T09:00:00.000Z,1,25,20151216091
2015-12-16T10:00:00.000Z,1,39,20151216101
2015-12-16T11:00:00.000Z,1,36,20151216111
2015-12-16T12:00:00.000Z,1,35,20151216121
2015-12-16T13:00:00.000Z,1,30,20151216131
2015-12-16T14:00:00.000Z,1,38,20151216141
2015-12-16T15:00:00.000Z,1,30,20151216151
2015-12-16T16:00:00.000Z,1,29,20151216161
2015-12-16T17:00:00.000Z,1,29,20151216171
2015-12-16T18:00:00.000Z,1,31,20151216181
2015-12-16T19:00:00.000Z,1,33,20151216191
2015-12-16T20:00:00.000Z,1,33,20151216201
2015-12-16T21:00:00.000Z,1,28,20151216211
2015-12-16T22:00:00.000Z,1,34,20151216221
2015-12-16T23:00:00.000Z,1,24,20151216231
2015-12-17T00:00:00.000Z,1,26,20151217001
2015-12-17T01:00:00.000Z,1,20,20151217011
2015-12-17T02:00:00.000Z,1,16,20151217021
2015-12-17T03:00:00.000Z,1,17,20151217031
2015-12-17T04:00:00.000Z,1,14,20151217041
2015-12-17T05:00:00.000Z,1,12,20151217051
2015-12-17T06:00:00.000Z,1,11,20151217061
2015-12-17T07:00:00.000Z,1,16,20151217071
2015-12-17T08:00:00.000Z,1,15,20151217081
2015-12-17T09:00:00.000Z,1,20,20151217091
2015-12-17T10:00:00.000Z,1,31,20151217101
2015-12-17T11:00:00.000Z,1,37,20151217111
2015-12-17T12:00:00.000Z,1,38,20151217121
2015-12-17T13:00:00.000Z,1,29,20151217131
2015-12-17T14:00:00.000Z,1,32,20151217141
2015-12-17T15:00:00.000Z,1,34,20151217151
2015-12-17T16:00:00.000Z,1,33,20151217161
2015-12-17T17:00:00.000Z,1,26,20151217171
2015-12-17T18:00:00.000Z,1,31,20151217181
2015-12-17T19:00:00.000Z,1,35,20151217191
2015-12-17T20:00:00.000Z,1,30,20151217201
2015-12-17T21:00:00.000Z,1,33,20151217211
2015-12-17T22:00:00.000Z,1,31,20151217221
2015-12-17T23:00:00.000Z,1,26,20151217231
2015-12-18T00:00:00.000Z,1,24,20151218001
2015-12-18T01:00:00.000Z,1,20,20151218011
2015-12-18T02:00:00.000Z,1,17,20151218021
2015-12-18T03:00:00.000Z,1,13,20151218031
2015-12-18T04:00:00.000Z,1,16,20151218041
2015-12-18T05:00:00.000Z,1,15,20151218051
2015-12-18T06:00:00.000Z,1,13,20151218061
2015-12-18T07:00:00.000Z,1,15,20151218071
2015-12-18T08:00:00.000Z,1,16,20151218081
2015-12-18T09:00:00.000Z,1,22,20151218091
2015-12-18T10:00:00.000Z,1,37,20151218101
2015-12-18T11:00:00.000Z,1,42,20151218111
2015-12-18T12:00:00.000Z,1,43,20151218121
2015-12-18T13:00:00.000Z,1,40,20151218131
2015-12-18T14:00:00.000Z,1,44,20151218141
2015-12-18T15:00:00.000Z,1,44,20151218151
2015-12-18T16:00:00.000Z,1,39,20151218161
2015-12-18T17:00:00.000Z,1,29,20151218171
2015-12-18T18:00:00.000Z,1,41,20151218181
2015-12-18T19:00:00.000Z,1,39,20151218191
2015-12-18T20:00:00.000Z,1,35,20151218201
2015-12-18T21:00:00.000Z,1,30,20151218211
2015-12-18T22:00:00.000Z,1,31,20151218221
2015-12-18T23:00:00.000Z,1,28,20151218231
2015-12-19T00:00:00.000Z,1,24,20151219001
2015-12-19T01:00:00.000Z,1,25,20151219011
2015-12-19T02:00:00.000Z,1,18,20151219021
2015-12-19T03:00:00.000Z,1,14,20151219031
2015-12-19T04:00:00.000Z,1,13,20151219041
2015-12-19T05:00:00.000Z,1,11,20151219051
2015-12-19T06:00:00.000Z,1,11,20151219061
2015-12-19T07:00:00.000Z,1,14,20151219071
2015-12-19T08:00:00.000Z,1,17,20151219081
2015-12-19T09:00:00.000Z,1,15,20151219091
2015-12-19T10:00:00.000Z,1,24,20151219101
2015-12-19T11:00:00.000Z,1,24,20151219111
2015-12-19T12:00:00.000Z,1,21,20151219121
2015-12-19T13:00:00.000Z,1,20,20151219131
2015-12-19T14:00:00.000Z,1,20,20151219141
2015-12-19T15:00:00.000Z,1,16,20151219151
2015-12-19T16:00:00.000Z,1,19,20151219161
2015-12-19T17:00:00.000Z,1,17,20151219171
2015-12-19T18:00:00.000Z,1,19,20151219181
2015-12-19T19:00:00.000Z,1,20,20151219191
2015-12-19T20:00:00.000Z,1,19,20151219201
2015-12-19T21:00:00.000Z,1,18,20151219211
2015-12-19T22:00:00.000Z,1,21,20151219221
2015-12-19T23:00:00.000Z,1,20,20151219231
2015-12-20T00:00:00.000Z,1,15,20151220001
2015-12-20T01:00:00.000Z,1,14,20151220011
2015-12-20T02:00:00.000Z,1,14,20151220021
2015-12-20T03:00:00.000Z,1,11,20151220031
2015-12-20T04:00:00.000Z,1,9,20151220041
2015-12-20T05:00:00.000Z,1,6,20151220051
2015-12-20T06:00:00.000Z,1,11,20151220061
2015-12-20T07:00:00.000Z,1,10,20151220071
2015-12-20T08:00:00.000Z,1,11,20151220081
2015-12-20T09:00:00.000Z,1,16,20151220091
2015-12-20T10:00:00.000Z,1,20,20151220101
2015-12-20T11:00:00.000Z,1,18,20151220111
2015-12-20T12:00:00.000Z,1,23,20151220121
2015-12-20T13:00:00.000Z,1,19,20151220131
2015-12-20T14:00:00.000Z,1,19,20151220141
2015-12-20T15:00:00.000Z,1,17,20151220151
2015-12-20T16:00:00.000Z,1,19,20151220161
2015-12-20T17:00:00.000Z,1,16,20151220171
2015-12-20T18:00:00.000Z,1,18,20151220181
2015-12-20T19:00:00.000Z,1,28,20151220191
2015-12-20T20:00:00.000Z,1,24,20151220201
2015-12-20T21:00:00.000Z,1,26,20151220211
2015-12-20T22:00:00.000Z,1,22,20151220221
2015-12-20T23:00:00.000Z,1,23,20151220231
2015-12-21T00:00:00.000Z,1,18,20151221001
2015-12-21T01:00:00.000Z,1,16,20151221011
2015-12-21T02:00:00.000Z,1,12,20151221021
2015-12-21T03:00:00.000Z,1,11,20151221031
2015-12-21T04:00:00.000Z,1,9,20151221041
2015-12-21T05:00:00.000Z,1,9,20151221051
2015-12-21T06:00:00.000Z,1,10,20151221061
2015-12-21T07:00:00.000Z,1,15,20151221071
2015-12-21T08:00:00.000Z,1,14,20151221081
2015-12-21T09:00:00.000Z,1,21,20151221091
2015-12-21T10:00:00.000Z,1,24,20151221101
2015-12-21T11:00:00.000Z,1,39,20151221111
2015-12-21T12:00:00.000Z,1,43,20151221121
2015-12-21T13:00:00.000Z,1,34,20151221131
2015-12-21T14:00:00.000Z,1,35,20151221141
2015-12-21T15:00:00.000Z,1,31,20151221151
2015-12-21T16:00:00.000Z,1,31,20151221161
2015-12-21T17:00:00.000Z,1,31,20151221171
2015-12-21T18:00:00.000Z,1,28,20151221181
2015-12-21T19:00:00.000Z,1,36,20151221191
2015-12-21T20:00:00.000Z,1,30,20151221201
2015-12-21T21:00:00.000Z,1,28,20151221211
2015-12-21T22:00:00.000Z,1,26,20151221221
2015-12-21T23:00:00.000Z,1,23,20151221231
2015-12-22T00:00:00.000Z,1,23,20151222001
2015-12-22T01:00:00.000Z,1,20,20151222011
2015-12-22T02:00:00.000Z,1,19,20151222021
2015-12-22T03:00:00.000Z,1,13,20151222031
2015-12-22T04:00:00.000Z,1,14,20151222041
2015-12-22T05:00:00.000Z,1,14,20151222051
2015-12-22T06:00:00.000Z,1,13,20151222061
2015-12-22T07:00:00.000Z,1,15,20151222071
2015-12-22T08:00:00.000Z,1,15,20151222081
2015-12-22T09:00:00.000Z,1,22,20151222091
2015-12-22T10:00:00.000Z,1,27,20151222101
2015-12-22T11:00:00.000Z,1,27,20151222111
2015-12-22T12:00:00.000Z,1,34,20151222121
2015-12-22T13:00:00.000Z,1,31,20151222131
2015-12-22T14:00:00.000Z,1,29,20151222141
2015-12-22T15:00:00.000Z,1,31,20151222151
2015-12-22T16:00:00.000Z,1,23,20151222161
2015-12-22T17:00:00.000Z,1,26,20151222171
2015-12-22T18:00:00.000Z,1,30,20151222181
2015-12-22T19:00:00.000Z,1,32,20151222191
2015-12-22T20:00:00.000Z,1,32,20151222201
2015-12-22T21:00:00.000Z,1,23,20151222211
2015-12-22T22:00:00.000Z,1,28,20151222221
2015-12-22T23:00:00.000Z,1,25,20151222231
2015-12-23T00:00:00.000Z,1,19,20151223001
2015-12-23T01:00:00.000Z,1,18,20151223011
2015-12-23T02:00:00.000Z,1,21,20151223021
2015-12-23T03:00:00.000Z,1,18,20151223031
2015-12-23T04:00:00.000Z,1,15,20151223041
2015-12-23T05:00:00.000Z,1,10,20151223051
2015-12-23T06:00:00.000Z,1,11,20151223061
2015-12-23T07:00:00.000Z,1,12,20151223071
2015-12-23T08:00:00.000Z,1,13,20151223081
2015-12-23T09:00:00.000Z,1,19,20151223091
2015-12-23T10:00:00.000Z,1,26,20151223101
2015-12-23T11:00:00.000Z,1,37,20151223111
2015-12-23T12:00:00.000Z,1,35,20151223121
2015-12-23T13:00:00.000Z,1,27,20151223131
2015-12-23T14:00:00.000Z,1,31,20151223141
2015-12-23T15:00:00.000Z,1,29,20151223151
2015-12-23T16:00:00.000Z,1,25,20151223161
2015-12-23T17:00:00.000Z,1,22,20151223171
2015-12-23T18:00:00.000Z,1,23,20151223181
2015-12-23T19:00:00.000Z,1,24,20151223191
2015-12-23T20:00:00.000Z,1,24,20151223201
2015-12-23T21:00:00.000Z,1,24,20151223211
2015-12-23T22:00:00.000Z,1,27,20151223221
2015-12-23T23:00:00.000Z,1,23,20151223231
2015-12-24T00:00:00.000Z,1,17,20151224001
2015-12-24T01:00:00.000Z,1,15,20151224011
2015-12-24T02:00:00.000Z,1,19,20151224021
2015-12-24T03:00:00.000Z,1,16,20151224031
2015-12-24T04:00:00.000Z,1,11,20151224041
2015-12-24T05:00:00.000Z,1,10,20151224051
2015-12-24T06:00:00.000Z,1,15,20151224061
2015-12-24T07:00:00.000Z,1,15,20151224071
2015-12-24T08:00:00.000Z,1,14,20151224081
2015-12-24T09:00:00.000Z,1,15,20151224091
2015-12-24T10:00:00.000Z,1,22,20151224101
2015-12-24T11:00:00.000Z,1,30,20151224111
2015-12-24T12:00:00.000Z,1,31,20151224121
2015-12-24T13:00:00.000Z,1,24,20151224131
2015-12-24T14:00:00.000Z,1,27,20151224141
2015-12-24T15:00:00.000Z,1,24,20151224151
2015-12-24T16:00:00.000Z,1,21,20151224161
2015-12-24T17:00:00.000Z,1,20,20151224171
2015-12-24T18:00:00.000Z,1,22,20151224181
2015-12-24T19:00:00.000Z,1,22,20151224191
2015-12-24T20:00:00.000Z,1,22,20151224201
2015-12-24T21:00:00.000Z,1,18,20151224211
2015-12-24T22:00:00.000Z,1,21,20151224221
2015-12-24T23:00:00.000Z,1,23,20151224231
2015-12-25T00:00:00.000Z,1,13,20151225001
2015-12-25T01:00:00.000Z,1,13,20151225011
2015-12-25T02:00:00.000Z,1,12,20151225021
2015-12-25T03:00:00.000Z,1,9,20151225031
2015-12-25T04:00:00.000Z,1,10,20151225041
2015-12-25T05:00:00.000Z,1,8,20151225051
2015-12-25T06:00:00.000Z,1,10,20151225061
2015-12-25T07:00:00.000Z,1,8,20151225071
2015-12-25T08:00:00.000Z,1,10,20151225081
2015-12-25T09:00:00.000Z,1,13,20151225091
2015-12-25T10:00:00.000Z,1,17,20151225101
2015-12-25T11:00:00.000Z,1,17,20151225111
2015-12-25T12:00:00.000Z,1,14,20151225121
2015-12-25T13:00:00.000Z,1,15,20151225131
2015-12-25T14:00:00.000Z,1,15,20151225141
2015-12-25T15:00:00.000Z,1,16,20151225151
2015-12-25T16:00:00.000Z,1,13,20151225161
2015-12-25T17:00:00.000Z,1,13,20151225171
2015-12-25T18:00:00.000Z,1,15,20151225181
2015-12-25T19:00:00.000Z,1,19,20151225191
2015-12-25T20:00:00.000Z,1,21,20151225201
2015-12-25T21:00:00.000Z,1,16,20151225211
2015-12-25T22:00:00.000Z,1,14,20151225221
2015-12-25T23:00:00.000Z,1,16,20151225231
2015-12-26T00:00:00.000Z,1,16,20151226001
2015-12-26T01:00:00.000Z,1,15,20151226011
2015-12-26T02:00:00.000Z,1,12,20151226021
2015-12-26T03:00:00.000Z,1,8,20151226031
2015-12-26T04:00:00.000Z,1,10,20151226041
2015-12-26T05:00:00.000Z,1,9,20151226051
2015-12-26T06:00:00.000Z,1,8,20151226061
2015-12-26T07:00:00.000Z,1,7,20151226071
2015-12-26T08:00:00.000Z,1,10,20151226081
2015-12-26T09:00:00.000Z,1,13,20151226091
2015-12-26T10:00:00.000Z,1,15,20151226101
2015-12-26T11:00:00.000Z,1,19,20151226111
2015-12-26T12:00:00.000Z,1,15,20151226121
2015-12-26T13:00:00.000Z,1,14,20151226131
2015-12-26T14:00:00.000Z,1,18,20151226141
2015-12-26T15:00:00.000Z,1,17,20151226151
2015-12-26T16:00:00.000Z,1,14,20151226161
2015-12-26T17:00:00.000Z,1,17,20151226171
2015-12-26T18:00:00.000Z,1,19,20151226181
2015-12-26T19:00:00.000Z,1,19,20151226191
2015-12-26T20:00:00.000Z,1,19,20151226201
2015-12-26T21:00:00.000Z,1,17,20151226211
2015-12-26T22:00:00.000Z,1,18,20151226221
2015-12-26T23:00:00.000Z,1,15,20151226231
2015-12-27T00:00:00.000Z,1,15,20151227001
2015-12-27T01:00:00.000Z,1,15,20151227011
2015-12-27T02:00:00.000Z,1,15,20151227021
2015-12-27T03:00:00.000Z,1,12,20151227031
2015-12-27T04:00:00.000Z,1,9,20151227041
2015-12-27T05:00:00.000Z,1,9,20151227051
2015-12-27T06:00:00.000Z,1,9,20151227061
2015-12-27T07:00:00.000Z,1,11,20151227071
2015-12-27T08:00:00.000Z,1,9,20151227081
2015-12-27T09:00:00.000Z,1,12,20151227091
2015-12-27T10:00:00.000Z,1,17,20151227101
2015-12-27T11:00:00.000Z,1,16,20151227111
2015-12-27T12:00:00.000Z,1,20,20151227121
2015-12-27T13:00:00.000Z,1,16,20151227131
2015-12-27T14:00:00.000Z,1,14,20151227141
2015-12-27T15:00:00.000Z,1,13,20151227151
2015-12-27T16:00:00.000Z,1,17,20151227161
2015-12-27T17:00:00.000Z,1,18,20151227171
2015-12-27T18:00:00.000Z,1,19,20151227181
2015-12-27T19:00:00.000Z,1,20,20151227191
2015-12-27T20:00:00.000Z,1,20,20151227201
2015-12-27T21:00:00.000Z,1,20,20151227211
2015-12-27T22:00:00.000Z,1,17,20151227221
2015-12-27T23:00:00.000Z,1,20,20151227231
2015-12-28T00:00:00.000Z,1,14,20151228001
2015-12-28T01:00:00.000Z,1,13,20151228011
2015-12-28T02:00:00.000Z,1,9,20151228021
2015-12-28T03:00:00.000Z,1,8,20151228031
2015-12-28T04:00:00.000Z,1,10,20151228041
2015-12-28T05:00:00.000Z,1,8,20151228051
2015-12-28T06:00:00.000Z,1,11,20151228061
2015-12-28T07:00:00.000Z,1,10,20151228071
2015-12-28T08:00:00.000Z,1,15,20151228081
2015-12-28T09:00:00.000Z,1,15,20151228091
2015-12-28T10:00:00.000Z,1,21,20151228101
2015-12-28T11:00:00.000Z,1,26,20151228111
2015-12-28T12:00:00.000Z,1,28,20151228121
2015-12-28T13:00:00.000Z,1,32,20151228131
2015-12-28T14:00:00.000Z,1,36,20151228141
2015-12-28T15:00:00.000Z,1,33,20151228151
2015-12-28T16:00:00.000Z,1,30,20151228161
2015-12-28T17:00:00.000Z,1,24,20151228171
2015-12-28T18:00:00.000Z,1,30,20151228181
2015-12-28T19:00:00.000Z,1,29,20151228191
2015-12-28T20:00:00.000Z,1,28,20151228201
2015-12-28T21:00:00.000Z,1,26,20151228211
2015-12-28T22:00:00.000Z,1,24,20151228221
2015-12-28T23:00:00.000Z,1,24,20151228231
2015-12-29T00:00:00.000Z,1,19,20151229001
2015-12-29T01:00:00.000Z,1,19,20151229011
2015-12-29T02:00:00.000Z,1,16,20151229021
2015-12-29T03:00:00.000Z,1,11,20151229031
2015-12-29T04:00:00.000Z,1,13,20151229041
2015-12-29T05:00:00.000Z,1,12,20151229051
2015-12-29T06:00:00.000Z,1,11,20151229061
2015-12-29T07:00:00.000Z,1,13,20151229071
2015-12-29T08:00:00.000Z,1,16,20151229081
2015-12-29T09:00:00.000Z,1,19,20151229091
2015-12-29T10:00:00.000Z,1,28,20151229101
2015-12-29T11:00:00.000Z,1,35,20151229111
2015-12-29T12:00:00.000Z,1,33,20151229121
2015-12-29T13:00:00.000Z,1,27,20151229131
2015-12-29T14:00:00.000Z,1,29,20151229141
2015-12-29T15:00:00.000Z,1,30,20151229151
2015-12-29T16:00:00.000Z,1,32,20151229161
2015-12-29T17:00:00.000Z,1,27,20151229171
2015-12-29T18:00:00.000Z,1,24,20151229181
2015-12-29T19:00:00.000Z,1,29,20151229191
2015-12-29T20:00:00.000Z,1,24,20151229201
2015-12-29T21:00:00.000Z,1,23,20151229211
2015-12-29T22:00:00.000Z,1,26,20151229221
2015-12-29T23:00:00.000Z,1,22,20151229231
2015-12-30T00:00:00.000Z,1,19,20151230001
2015-12-30T01:00:00.000Z,1,17,20151230011
2015-12-30T02:00:00.000Z,1,18,20151230021
2015-12-30T03:00:00.000Z,1,14,20151230031
2015-12-30T04:00:00.000Z,1,12,20151230041
2015-12-30T05:00:00.000Z,1,10,20151230051
2015-12-30T06:00:00.000Z,1,13,20151230061
2015-12-30T07:00:00.000Z,1,13,20151230071
2015-12-30T08:00:00.000Z,1,16,20151230081
2015-12-30T09:00:00.000Z,1,18,20151230091
2015-12-30T10:00:00.000Z,1,22,20151230101
2015-12-30T11:00:00.000Z,1,50,20151230111
2015-12-30T12:00:00.000Z,1,34,20151230121
2015-12-30T13:00:00.000Z,1,31,20151230131
2015-12-30T14:00:00.000Z,1,34,20151230141
2015-12-30T15:00:00.000Z,1,31,20151230151
2015-12-30T16:00:00.000Z,1,29,20151230161
2015-12-30T17:00:00.000Z,1,30,20151230171
2015-12-30T18:00:00.000Z,1,28,20151230181
2015-12-30T19:00:00.000Z,1,31,20151230191
2015-12-30T20:00:00.000Z,1,29,20151230201
2015-12-30T21:00:00.000Z,1,31,20151230211
2015-12-30T22:00:00.000Z,1,28,20151230221
2015-12-30T23:00:00.000Z,1,25,20151230231
2015-12-31T00:00:00.000Z,1,20,20151231001
2015-12-31T01:00:00.000Z,1,18,20151231011
2015-12-31T02:00:00.000Z,1,14,20151231021
2015-12-31T03:00:00.000Z,1,13,20151231031
2015-12-31T04:00:00.000Z,1,14,20151231041
2015-12-31T05:00:00.000Z,1,7,20151231051
2015-12-31T06:00:00.000Z,1,13,20151231061
2015-12-31T07:00:00.000Z,1,13,20151231071
2015-12-31T08:00:00.000Z,1,13,20151231081
2015-12-31T09:00:00.000Z,1,17,20151231091
2015-12-31T10:00:00.000Z,1,22,20151231101
2015-12-31T11:00:00.000Z,1,25,20151231111
2015-12-31T12:00:00.000Z,1,25,20151231121
2015-12-31T13:00:00.000Z,1,23,20151231131
2015-12-31T14:00:00.000Z,1,18,20151231141
2015-12-31T15:00:00.000Z,1,24,20151231151
2015-12-31T16:00:00.000Z,1,19,20151231161
2015-12-31T17:00:00.000Z,1,20,20151231171
2015-12-31T18:00:00.000Z,1,15,20151231181
2015-12-31T19:00:00.000Z,1,21,20151231191
2015-12-31T20:00:00.000Z,1,18,20151231201
2015-12-31T21:00:00.000Z,1,17,20151231211
2015-12-31T22:00:00.000Z,1,14,20151231221
2015-12-31T23:00:00.000Z,1,15,20151231231
2016-01-01T00:00:00.000Z,1,13,20160101001
2016-01-01T01:00:00.000Z,1,13,20160101011
2016-01-01T02:00:00.000Z,1,11,20160101021
2016-01-01T03:00:00.000Z,1,6,20160101031
2016-01-01T04:00:00.000Z,1,8,20160101041
2016-01-01T05:00:00.000Z,1,6,20160101051
2016-01-01T06:00:00.000Z,1,7,20160101061
2016-01-01T07:00:00.000Z,1,8,20160101071
2016-01-01T08:00:00.000Z,1,9,20160101081
2016-01-01T09:00:00.000Z,1,8,20160101091
2016-01-01T10:00:00.000Z,1,11,20160101101
2016-01-01T11:00:00.000Z,1,10,20160101111
2016-01-01T12:00:00.000Z,1,13,20160101121
2016-01-01T13:00:00.000Z,1,12,20160101131
2016-01-01T14:00:00.000Z,1,11,20160101141
2016-01-01T15:00:00.000Z,1,17,20160101151
2016-01-01T16:00:00.000Z,1,20,20160101161
2016-01-01T17:00:00.000Z,1,15,20160101171
2016-01-01T18:00:00.000Z,1,15,20160101181
2016-01-01T19:00:00.000Z,1,18,20160101191
2016-01-01T20:00:00.000Z,1,17,20160101201
2016-01-01T21:00:00.000Z,1,18,20160101211
2016-01-01T22:00:00.000Z,1,17,20160101221
2016-01-01T23:00:00.000Z,1,18,20160101231
2016-01-02T00:00:00.000Z,1,15,20160102001
2016-01-02T01:00:00.000Z,1,15,20160102011
2016-01-02T02:00:00.000Z,1,11,20160102021
2016-01-02T03:00:00.000Z,1,10,20160102031
2016-01-02T04:00:00.000Z,1,8,20160102041
2016-01-02T05:00:00.000Z,1,9,20160102051
2016-01-02T06:00:00.000Z,1,9,20160102061
2016-01-02T07:00:00.000Z,1,11,20160102071
2016-01-02T08:00:00.000Z,1,9,20160102081
2016-01-02T09:00:00.000Z,1,13,20160102091
2016-01-02T10:00:00.000Z,1,20,20160102101
2016-01-02T11:00:00.000Z,1,21,20160102111
2016-01-02T12:00:00.000Z,1,21,20160102121
2016-01-02T13:00:00.000Z,1,18,20160102131
2016-01-02T14:00:00.000Z,1,15,20160102141
2016-01-02T15:00:00.000Z,1,16,20160102151
2016-01-02T16:00:00.000Z,1,17,20160102161
2016-01-02T17:00:00.000Z,1,17,20160102171
2016-01-02T18:00:00.000Z,1,18,20160102181
2016-01-02T19:00:00.000Z,1,16,20160102191
2016-01-02T20:00:00.000Z,1,21,20160102201
2016-01-02T21:00:00.000Z,1,20,20160102211
2016-01-02T22:00:00.000Z,1,18,20160102221
2016-01-02T23:00:00.000Z,1,21,20160102231
2016-01-03T00:00:00.000Z,1,19,20160103001
2016-01-03T01:00:00.000Z,1,13,20160103011
2016-01-03T02:00:00.000Z,1,11,20160103021
2016-01-03T03:00:00.000Z,1,11,20160103031
2016-01-03T04:00:00.000Z,1,8,20160103041
2016-01-03T05:00:00.000Z,1,7,20160103051
2016-01-03T06:00:00.000Z,1,10,20160103061
2016-01-03T07:00:00.000Z,1,9,20160103071
2016-01-03T08:00:00.000Z,1,9,20160103081
2016-01-03T09:00:00.000Z,1,12,20160103091
2016-01-03T10:00:00.000Z,1,25,20160103101
2016-01-03T11:00:00.000Z,1,22,20160103111
2016-01-03T12:00:00.000Z,1,21,20160103121
2016-01-03T13:00:00.000Z,1,18,20160103131
2016-01-03T14:00:00.000Z,1,20,20160103141
2016-01-03T15:00:00.000Z,1,20,20160103151
2016-01-03T16:00:00.000Z,1,17,20160103161
2016-01-03T17:00:00.000Z,1,20,20160103171
2016-01-03T18:00:00.000Z,1,17,20160103181
2016-01-03T19:00:00.000Z,1,28,20160103191
2016-01-03T20:00:00.000Z,1,24,20160103201
2016-01-03T21:00:00.000Z,1,22,20160103211
2016-01-03T22:00:00.000Z,1,22,20160103221
2016-01-03T23:00:00.000Z,1,20,20160103231
2016-01-04T00:00:00.000Z,1,19,20160104001
2016-01-04T01:00:00.000Z,1,19,20160104011
2016-01-04T02:00:00.000Z,1,12,20160104021
2016-01-04T03:00:00.000Z,1,17,20160104031
2016-01-04T04:00:00.000Z,1,13,20160104041
2016-01-04T05:00:00.000Z,1,14,20160104051
2016-01-04T06:00:00.000Z,1,14,20160104061
2016-01-04T07:00:00.000Z,1,18,20160104071
2016-01-04T08:00:00.000Z,1,19,20160104081
2016-01-04T09:00:00.000Z,1,28,20160104091
2016-01-04T10:00:00.000Z,1,35,20160104101
2016-01-04T11:00:00.000Z,1,39,20160104111
2016-01-04T12:00:00.000Z,1,37,20160104121
2016-01-04T13:00:00.000Z,1,28,20160104131
2016-01-04T14:00:00.000Z,1,36,20160104141
2016-01-04T15:00:00.000Z,1,36,20160104151
2016-01-04T16:00:00.000Z,1,33,20160104161
2016-01-04T17:00:00.000Z,1,31,20160104171
2016-01-04T18:00:00.000Z,1,34,20160104181
2016-01-04T19:00:00.000Z,1,41,20160104191
2016-01-04T20:00:00.000Z,1,38,20160104201
2016-01-04T21:00:00.000Z,1,34,20160104211
2016-01-04T22:00:00.000Z,1,29,20160104221
2016-01-04T23:00:00.000Z,1,29,20160104231
2016-01-05T00:00:00.000Z,1,28,20160105001
2016-01-05T01:00:00.000Z,1,21,20160105011
2016-01-05T02:00:00.000Z,1,16,20160105021
2016-01-05T03:00:00.000Z,1,16,20160105031
2016-01-05T04:00:00.000Z,1,14,20160105041
2016-01-05T05:00:00.000Z,1,13,20160105051
2016-01-05T06:00:00.000Z,1,13,20160105061
2016-01-05T07:00:00.000Z,1,13,20160105071
2016-01-05T08:00:00.000Z,1,20,20160105081
2016-01-05T09:00:00.000Z,1,18,20160105091
2016-01-05T10:00:00.000Z,1,27,20160105101
2016-01-05T11:00:00.000Z,1,31,20160105111
2016-01-05T12:00:00.000Z,1,32,20160105121
2016-01-05T13:00:00.000Z,1,26,20160105131
2016-01-05T14:00:00.000Z,1,29,20160105141
2016-01-05T15:00:00.000Z,1,29,20160105151
2016-01-05T16:00:00.000Z,1,29,20160105161
2016-01-05T17:00:00.000Z,1,26,20160105171
2016-01-05T18:00:00.000Z,1,28,20160105181
2016-01-05T19:00:00.000Z,1,40,20160105191
2016-01-05T20:00:00.000Z,1,36,20160105201
2016-01-05T21:00:00.000Z,1,33,20160105211
2016-01-05T22:00:00.000Z,1,34,20160105221
2016-01-05T23:00:00.000Z,1,30,20160105231
2016-01-06T00:00:00.000Z,1,29,20160106001
2016-01-06T01:00:00.000Z,1,25,20160106011
2016-01-06T02:00:00.000Z,1,23,20160106021
2016-01-06T03:00:00.000Z,1,19,20160106031
2016-01-06T04:00:00.000Z,1,16,20160106041
2016-01-06T05:00:00.000Z,1,16,20160106051
2016-01-06T06:00:00.000Z,1,15,20160106061
2016-01-06T07:00:00.000Z,1,15,20160106071
2016-01-06T08:00:00.000Z,1,19,20160106081
2016-01-06T09:00:00.000Z,1,31,20160106091
2016-01-06T10:00:00.000Z,1,37,20160106101
2016-01-06T11:00:00.000Z,1,40,20160106111
2016-01-06T12:00:00.000Z,1,34,20160106121
2016-01-06T13:00:00.000Z,1,31,20160106131
2016-01-06T14:00:00.000Z,1,29,20160106141
2016-01-06T15:00:00.000Z,1,34,20160106151
2016-01-06T16:00:00.000Z,1,30,20160106161
2016-01-06T17:00:00.000Z,1,33,20160106171
2016-01-06T18:00:00.000Z,1,33,20160106181
2016-01-06T19:00:00.000Z,1,35,20160106191
2016-01-06T20:00:00.000Z,1,31,20160106201
2016-01-06T21:00:00.000Z,1,32,20160106211
2016-01-06T22:00:00.000Z,1,32,20160106221
2016-01-06T23:00:00.000Z,1,28,20160106231
2016-01-07T00:00:00.000Z,1,25,20160107001
2016-01-07T01:00:00.000Z,1,22,20160107011
2016-01-07T02:00:00.000Z,1,21,20160107021
2016-01-07T03:00:00.000Z,1,16,20160107031
2016-01-07T04:00:00.000Z,1,15,20160107041
2016-01-07T05:00:00.000Z,1,15,20160107051
2016-01-07T06:00:00.000Z,1,18,20160107061
2016-01-07T07:00:00.000Z,1,18,20160107071
2016-01-07T08:00:00.000Z,1,20,20160107081
2016-01-07T09:00:00.000Z,1,20,20160107091
2016-01-07T10:00:00.000Z,1,26,20160107101
2016-01-07T11:00:00.000Z,1,29,20160107111
2016-01-07T12:00:00.000Z,1,30,20160107121
2016-01-07T13:00:00.000Z,1,23,20160107131
2016-01-07T14:00:00.000Z,1,27,20160107141
2016-01-07T15:00:00.000Z,1,31,20160107151
2016-01-07T16:00:00.000Z,1,30,20160107161
2016-01-07T17:00:00.000Z,1,27,20160107171
2016-01-07T18:00:00.000Z,1,27,20160107181
2016-01-07T19:00:00.000Z,1,32,20160107191
2016-01-07T20:00:00.000Z,1,29,20160107201
2016-01-07T21:00:00.000Z,1,28,20160107211
2016-01-07T22:00:00.000Z,1,29,20160107221
2016-01-07T23:00:00.000Z,1,23,20160107231
2016-01-08T00:00:00.000Z,1,25,20160108001
2016-01-08T01:00:00.000Z,1,25,20160108011
2016-01-08T02:00:00.000Z,1,15,20160108021
2016-01-08T03:00:00.000Z,1,15,20160108031
2016-01-08T04:00:00.000Z,1,11,20160108041
2016-01-08T05:00:00.000Z,1,13,20160108051
2016-01-08T06:00:00.000Z,1,12,20160108061
2016-01-08T07:00:00.000Z,1,15,20160108071
2016-01-08T08:00:00.000Z,1,14,20160108081
2016-01-08T09:00:00.000Z,1,38,20160108091
2016-01-08T10:00:00.000Z,1,47,20160108101
2016-01-08T11:00:00.000Z,1,45,20160108111
2016-01-08T12:00:00.000Z,1,42,20160108121
2016-01-08T13:00:00.000Z,1,34,20160108131
2016-01-08T14:00:00.000Z,1,37,20160108141
2016-01-08T15:00:00.000Z,1,35,20160108151
2016-01-08T16:00:00.000Z,1,33,20160108161
2016-01-08T17:00:00.000Z,1,32,20160108171
2016-01-08T18:00:00.000Z,1,27,20160108181
2016-01-08T19:00:00.000Z,1,29,20160108191
2016-01-08T20:00:00.000Z,1,30,20160108201
2016-01-08T21:00:00.000Z,1,29,20160108211
2016-01-08T22:00:00.000Z,1,30,20160108221
2016-01-08T23:00:00.000Z,1,30,20160108231
2016-01-09T00:00:00.000Z,1,22,20160109001
2016-01-09T01:00:00.000Z,1,19,20160109011
2016-01-09T02:00:00.000Z,1,17,20160109021
2016-01-09T03:00:00.000Z,1,18,20160109031
2016-01-09T04:00:00.000Z,1,13,20160109041
2016-01-09T05:00:00.000Z,1,10,20160109051
2016-01-09T06:00:00.000Z,1,11,20160109061
2016-01-09T07:00:00.000Z,1,12,20160109071
2016-01-09T08:00:00.000Z,1,14,20160109081
2016-01-09T09:00:00.000Z,1,16,20160109091
2016-01-09T10:00:00.000Z,1,25,20160109101
2016-01-09T11:00:00.000Z,1,20,20160109111
2016-01-09T12:00:00.000Z,1,20,20160109121
2016-01-09T13:00:00.000Z,1,21,20160109131
2016-01-09T14:00:00.000Z,1,17,20160109141
2016-01-09T15:00:00.000Z,1,22,20160109151
2016-01-09T16:00:00.000Z,1,18,20160109161
2016-01-09T17:00:00.000Z,1,19,20160109171
2016-01-09T18:00:00.000Z,1,18,20160109181
2016-01-09T19:00:00.000Z,1,23,20160109191
2016-01-09T20:00:00.000Z,1,18,20160109201
2016-01-09T21:00:00.000Z,1,21,20160109211
2016-01-09T22:00:00.000Z,1,22,20160109221
2016-01-09T23:00:00.000Z,1,19,20160109231
2016-01-10T00:00:00.000Z,1,19,20160110001
2016-01-10T01:00:00.000Z,1,18,20160110011
2016-01-10T02:00:00.000Z,1,16,20160110021
2016-01-10T03:00:00.000Z,1,9,20160110031
2016-01-10T04:00:00.000Z,1,10,20160110041
2016-01-10T05:00:00.000Z,1,10,20160110051
2016-01-10T06:00:00.000Z,1,12,20160110061
2016-01-10T07:00:00.000Z,1,13,20160110071
2016-01-10T08:00:00.000Z,1,11,20160110081
2016-01-10T09:00:00.000Z,1,16,20160110091
2016-01-10T10:00:00.000Z,1,16,20160110101
2016-01-10T11:00:00.000Z,1,21,20160110111
2016-01-10T12:00:00.000Z,1,18,20160110121
2016-01-10T13:00:00.000Z,1,19,20160110131
2016-01-10T14:00:00.000Z,1,18,20160110141
2016-01-10T15:00:00.000Z,1,15,20160110151
2016-01-10T16:00:00.000Z,1,19,20160110161
2016-01-10T17:00:00.000Z,1,20,20160110171
2016-01-10T18:00:00.000Z,1,18,20160110181
2016-01-10T19:00:00.000Z,1,22,20160110191
2016-01-10T20:00:00.000Z,1,22,20160110201
2016-01-10T21:00:00.000Z,1,23,20160110211
2016-01-10T22:00:00.000Z,1,25,20160110221
2016-01-10T23:00:00.000Z,1,21,20160110231
2016-01-11T00:00:00.000Z,1,21,20160111001
2016-01-11T01:00:00.000Z,1,16,20160111011
2016-01-11T02:00:00.000Z,1,11,20160111021
2016-01-11T03:00:00.000Z,1,11,20160111031
2016-01-11T04:00:00.000Z,1,12,20160111041
2016-01-11T05:00:00.000Z,1,13,20160111051
2016-01-11T06:00:00.000Z,1,12,20160111061
2016-01-11T07:00:00.000Z,1,14,20160111071
2016-01-11T08:00:00.000Z,1,13,20160111081
2016-01-11T09:00:00.000Z,1,28,20160111091
2016-01-11T10:00:00.000Z,1,38,20160111101
2016-01-11T11:00:00.000Z,1,40,20160111111
2016-01-11T12:00:00.000Z,1,38,20160111121
2016-01-11T13:00:00.000Z,1,32,20160111131
2016-01-11T14:00:00.000Z,1,35,20160111141
2016-01-11T15:00:00.000Z,1,35,20160111151
2016-01-11T16:00:00.000Z,1,30,20160111161
2016-01-11T17:00:00.000Z,1,33,20160111171
2016-01-11T18:00:00.000Z,1,32,20160111181
2016-01-11T19:00:00.000Z,1,32,20160111191
2016-01-11T20:00:00.000Z,1,31,20160111201
2016-01-11T21:00:00.000Z,1,34,20160111211
2016-01-11T22:00:00.000Z,1,33,20160111221
2016-01-11T23:00:00.000Z,1,25,20160111231
2016-01-12T00:00:00.000Z,1,26,20160112001
2016-01-12T01:00:00.000Z,1,22,20160112011
2016-01-12T02:00:00.000Z,1,25,20160112021
2016-01-12T03:00:00.000Z,1,17,20160112031
2016-01-12T04:00:00.000Z,1,14,20160112041
2016-01-12T05:00:00.000Z,1,11,20160112051
2016-01-12T06:00:00.000Z,1,13,20160112061
2016-01-12T07:00:00.000Z,1,16,20160112071
2016-01-12T08:00:00.000Z,1,21,20160112081
2016-01-12T09:00:00.000Z,1,23,20160112091
2016-01-12T10:00:00.000Z,1,31,20160112101
2016-01-12T11:00:00.000Z,1,32,20160112111
2016-01-12T12:00:00.000Z,1,34,20160112121
2016-01-12T13:00:00.000Z,1,30,20160112131
2016-01-12T14:00:00.000Z,1,32,20160112141
2016-01-12T15:00:00.000Z,1,30,20160112151
2016-01-12T16:00:00.000Z,1,28,20160112161
2016-01-12T17:00:00.000Z,1,32,20160112171
2016-01-12T18:00:00.000Z,1,28,20160112181
2016-01-12T19:00:00.000Z,1,29,20160112191
2016-01-12T20:00:00.000Z,1,35,20160112201
2016-01-12T21:00:00.000Z,1,34,20160112211
2016-01-12T22:00:00.000Z,1,29,20160112221
2016-01-12T23:00:00.000Z,1,30,20160112231
2016-01-13T00:00:00.000Z,1,26,20160113001
2016-01-13T01:00:00.000Z,1,21,20160113011
2016-01-13T02:00:00.000Z,1,20,20160113021
2016-01-13T03:00:00.000Z,1,16,20160113031
2016-01-13T04:00:00.000Z,1,11,20160113041
2016-01-13T05:00:00.000Z,1,14,20160113051
2016-01-13T06:00:00.000Z,1,11,20160113061
2016-01-13T07:00:00.000Z,1,16,20160113071
2016-01-13T08:00:00.000Z,1,18,20160113081
2016-01-13T09:00:00.000Z,1,33,20160113091
2016-01-13T10:00:00.000Z,1,42,20160113101
2016-01-13T11:00:00.000Z,1,40,20160113111
2016-01-13T12:00:00.000Z,1,39,20160113121
2016-01-13T13:00:00.000Z,1,31,20160113131
2016-01-13T14:00:00.000Z,1,34,20160113141
2016-01-13T15:00:00.000Z,1,33,20160113151
2016-01-13T16:00:00.000Z,1,28,20160113161
2016-01-13T17:00:00.000Z,1,29,20160113171
2016-01-13T18:00:00.000Z,1,33,20160113181
2016-01-13T19:00:00.000Z,1,29,20160113191
2016-01-13T20:00:00.000Z,1,31,20160113201
2016-01-13T21:00:00.000Z,1,28,20160113211
2016-01-13T22:00:00.000Z,1,27,20160113221
2016-01-13T23:00:00.000Z,1,25,20160113231
2016-01-14T00:00:00.000Z,1,22,20160114001
2016-01-14T01:00:00.000Z,1,18,20160114011
2016-01-14T02:00:00.000Z,1,18,20160114021
2016-01-14T03:00:00.000Z,1,18,20160114031
2016-01-14T04:00:00.000Z,1,14,20160114041
2016-01-14T05:00:00.000Z,1,13,20160114051
2016-01-14T06:00:00.000Z,1,12,20160114061
2016-01-14T07:00:00.000Z,1,13,20160114071
2016-01-14T08:00:00.000Z,1,15,20160114081
2016-01-14T09:00:00.000Z,1,18,20160114091
2016-01-14T10:00:00.000Z,1,21,20160114101
2016-01-14T11:00:00.000Z,1,24,20160114111
2016-01-14T12:00:00.000Z,1,30,20160114121
2016-01-14T13:00:00.000Z,1,25,20160114131
2016-01-14T14:00:00.000Z,1,27,20160114141
2016-01-14T15:00:00.000Z,1,31,20160114151
2016-01-14T16:00:00.000Z,1,25,20160114161
2016-01-14T17:00:00.000Z,1,23,20160114171
2016-01-14T18:00:00.000Z,1,25,20160114181
2016-01-14T19:00:00.000Z,1,30,20160114191
2016-01-14T20:00:00.000Z,1,26,20160114201
2016-01-14T21:00:00.000Z,1,26,20160114211
2016-01-14T22:00:00.000Z,1,25,20160114221
2016-01-14T23:00:00.000Z,1,27,20160114231
2016-01-15T00:00:00.000Z,1,26,20160115001
2016-01-15T01:00:00.000Z,1,20,20160115011
2016-01-15T02:00:00.000Z,1,18,20160115021
2016-01-15T03:00:00.000Z,1,16,20160115031
2016-01-15T04:00:00.000Z,1,16,20160115041
2016-01-15T05:00:00.000Z,1,16,20160115051
2016-01-15T06:00:00.000Z,1,16,20160115061
2016-01-15T07:00:00.000Z,1,20,20160115071
2016-01-15T08:00:00.000Z,1,18,20160115081
2016-01-15T09:00:00.000Z,1,21,20160115091
2016-01-15T10:00:00.000Z,1,45,20160115101
2016-01-15T11:00:00.000Z,1,39,20160115111
2016-01-15T12:00:00.000Z,1,34,20160115121
2016-01-15T13:00:00.000Z,1,34,20160115131
2016-01-15T14:00:00.000Z,1,31,20160115141
2016-01-15T15:00:00.000Z,1,35,20160115151
2016-01-15T16:00:00.000Z,1,35,20160115161
2016-01-15T17:00:00.000Z,1,30,20160115171
2016-01-15T18:00:00.000Z,1,33,20160115181
2016-01-15T19:00:00.000Z,1,34,20160115191
2016-01-15T20:00:00.000Z,1,31,20160115201
2016-01-15T21:00:00.000Z,1,36,20160115211
2016-01-15T22:00:00.000Z,1,29,20160115221
2016-01-15T23:00:00.000Z,1,30,20160115231
2016-01-16T00:00:00.000Z,1,22,20160116001
2016-01-16T01:00:00.000Z,1,20,20160116011
2016-01-16T02:00:00.000Z,1,19,20160116021
2016-01-16T03:00:00.000Z,1,19,20160116031
2016-01-16T04:00:00.000Z,1,13,20160116041
2016-01-16T05:00:00.000Z,1,16,20160116051
2016-01-16T06:00:00.000Z,1,14,20160116061
2016-01-16T07:00:00.000Z,1,14,20160116071
2016-01-16T08:00:00.000Z,1,13,20160116081
2016-01-16T09:00:00.000Z,1,17,20160116091
2016-01-16T10:00:00.000Z,1,23,20160116101
2016-01-16T11:00:00.000Z,1,20,20160116111
2016-01-16T12:00:00.000Z,1,19,20160116121
2016-01-16T13:00:00.000Z,1,24,20160116131
2016-01-16T14:00:00.000Z,1,22,20160116141
2016-01-16T15:00:00.000Z,1,18,20160116151
2016-01-16T16:00:00.000Z,1,21,20160116161
2016-01-16T17:00:00.000Z,1,17,20160116171
2016-01-16T18:00:00.000Z,1,18,20160116181
2016-01-16T19:00:00.000Z,1,27,20160116191
2016-01-16T20:00:00.000Z,1,26,20160116201
2016-01-16T21:00:00.000Z,1,29,20160116211
2016-01-16T22:00:00.000Z,1,25,20160116221
2016-01-16T23:00:00.000Z,1,25,20160116231
2016-01-17T00:00:00.000Z,1,21,20160117001
2016-01-17T01:00:00.000Z,1,23,20160117011
2016-01-17T02:00:00.000Z,1,17,20160117021
2016-01-17T03:00:00.000Z,1,12,20160117031
2016-01-17T04:00:00.000Z,1,13,20160117041
2016-01-17T05:00:00.000Z,1,13,20160117051
2016-01-17T06:00:00.000Z,1,12,20160117061
2016-01-17T07:00:00.000Z,1,14,20160117071
2016-01-17T08:00:00.000Z,1,16,20160117081
2016-01-17T09:00:00.000Z,1,17,20160117091
2016-01-17T10:00:00.000Z,1,22,20160117101
2016-01-17T11:00:00.000Z,1,24,20160117111
2016-01-17T12:00:00.000Z,1,23,20160117121
2016-01-17T13:00:00.000Z,1,21,20160117131
2016-01-17T14:00:00.000Z,1,23,20160117141
2016-01-17T15:00:00.000Z,1,21,20160117151
2016-01-17T16:00:00.000Z,1,23,20160117161
2016-01-17T17:00:00.000Z,1,21,20160117171
2016-01-17T18:00:00.000Z,1,24,20160117181
2016-01-17T19:00:00.000Z,1,27,20160117191
2016-01-17T20:00:00.000Z,1,28,20160117201
2016-01-17T21:00:00.000Z,1,20,20160117211
2016-01-17T22:00:00.000Z,1,24,20160117221
2016-01-17T23:00:00.000Z,1,28,20160117231
2016-01-18T00:00:00.000Z,1,23,20160118001
2016-01-18T01:00:00.000Z,1,21,20160118011
2016-01-18T02:00:00.000Z,1,16,20160118021
2016-01-18T03:00:00.000Z,1,22,20160118031
2016-01-18T04:00:00.000Z,1,18,20160118041
2016-01-18T05:00:00.000Z,1,17,20160118051
2016-01-18T06:00:00.000Z,1,16,20160118061
2016-01-18T07:00:00.000Z,1,16,20160118071
2016-01-18T08:00:00.000Z,1,22,20160118081
2016-01-18T09:00:00.000Z,1,35,20160118091
2016-01-18T10:00:00.000Z,1,44,20160118101
2016-01-18T11:00:00.000Z,1,42,20160118111
2016-01-18T12:00:00.000Z,1,45,20160118121
2016-01-18T13:00:00.000Z,1,39,20160118131
2016-01-18T14:00:00.000Z,1,41,20160118141
2016-01-18T15:00:00.000Z,1,38,20160118151
2016-01-18T16:00:00.000Z,1,38,20160118161
2016-01-18T17:00:00.000Z,1,34,20160118171
2016-01-18T18:00:00.000Z,1,35,20160118181
2016-01-18T19:00:00.000Z,1,39,20160118191
2016-01-18T20:00:00.000Z,1,40,20160118201
2016-01-18T21:00:00.000Z,1,38,20160118211
2016-01-18T22:00:00.000Z,1,37,20160118221
2016-01-18T23:00:00.000Z,1,35,20160118231
2016-01-19T00:00:00.000Z,1,32,20160119001
2016-01-19T01:00:00.000Z,1,32,20160119011
2016-01-19T02:00:00.000Z,1,24,20160119021
2016-01-19T03:00:00.000Z,1,22,20160119031
2016-01-19T04:00:00.000Z,1,20,20160119041
2016-01-19T05:00:00.000Z,1,19,20160119051
2016-01-19T06:00:00.000Z,1,20,20160119061
2016-01-19T07:00:00.000Z,1,21,20160119071
2016-01-19T08:00:00.000Z,1,24,20160119081
2016-01-19T09:00:00.000Z,1,24,20160119091
2016-01-19T10:00:00.000Z,1,34,20160119101
2016-01-19T11:00:00.000Z,1,36,20160119111
2016-01-19T12:00:00.000Z,1,32,20160119121
2016-01-19T13:00:00.000Z,1,32,20160119131
2016-01-19T14:00:00.000Z,1,38,20160119141
2016-01-19T15:00:00.000Z,1,34,20160119151
2016-01-19T16:00:00.000Z,1,37,20160119161
2016-01-19T17:00:00.000Z,1,35,20160119171
2016-01-19T18:00:00.000Z,1,38,20160119181
2016-01-19T19:00:00.000Z,1,38,20160119191
2016-01-19T20:00:00.000Z,1,33,20160119201
2016-01-19T21:00:00.000Z,1,38,20160119211
2016-01-19T22:00:00.000Z,1,37,20160119221
2016-01-19T23:00:00.000Z,1,29,20160119231
2016-01-20T00:00:00.000Z,1,30,20160120001
2016-01-20T01:00:00.000Z,1,26,20160120011
2016-01-20T02:00:00.000Z,1,28,20160120021
2016-01-20T03:00:00.000Z,1,24,20160120031
2016-01-20T04:00:00.000Z,1,20,20160120041
2016-01-20T05:00:00.000Z,1,14,20160120051
2016-01-20T06:00:00.000Z,1,16,20160120061
2016-01-20T07:00:00.000Z,1,19,20160120071
2016-01-20T08:00:00.000Z,1,21,20160120081
2016-01-20T09:00:00.000Z,1,31,20160120091
2016-01-20T10:00:00.000Z,1,37,20160120101
2016-01-20T11:00:00.000Z,1,38,20160120111
2016-01-20T12:00:00.000Z,1,39,20160120121
2016-01-20T13:00:00.000Z,1,36,20160120131
2016-01-20T14:00:00.000Z,1,33,20160120141
2016-01-20T15:00:00.000Z,1,35,20160120151
2016-01-20T16:00:00.000Z,1,34,20160120161
2016-01-20T17:00:00.000Z,1,34,20160120171
2016-01-20T18:00:00.000Z,1,34,20160120181
2016-01-20T19:00:00.000Z,1,32,20160120191
2016-01-20T20:00:00.000Z,1,36,20160120201
2016-01-20T21:00:00.000Z,1,30,20160120211
2016-01-20T22:00:00.000Z,1,33,20160120221
2016-01-20T23:00:00.000Z,1,30,20160120231
2016-01-21T00:00:00.000Z,1,29,20160121001
2016-01-21T01:00:00.000Z,1,24,20160121011
2016-01-21T02:00:00.000Z,1,29,20160121021
2016-01-21T03:00:00.000Z,1,21,20160121031
2016-01-21T04:00:00.000Z,1,18,20160121041
2016-01-21T05:00:00.000Z,1,14,20160121051
2016-01-21T06:00:00.000Z,1,17,20160121061
2016-01-21T07:00:00.000Z,1,17,20160121071
2016-01-21T08:00:00.000Z,1,21,20160121081
2016-01-21T09:00:00.000Z,1,21,20160121091
2016-01-21T10:00:00.000Z,1,24,20160121101
2016-01-21T11:00:00.000Z,1,28,20160121111
2016-01-21T12:00:00.000Z,1,34,20160121121
2016-01-21T13:00:00.000Z,1,28,20160121131
2016-01-21T14:00:00.000Z,1,32,20160121141
2016-01-21T15:00:00.000Z,1,32,20160121151
2016-01-21T16:00:00.000Z,1,31,20160121161
2016-01-21T17:00:00.000Z,1,30,20160121171
2016-01-21T18:00:00.000Z,1,33,20160121181
2016-01-21T19:00:00.000Z,1,38,20160121191
2016-01-21T20:00:00.000Z,1,33,20160121201
2016-01-21T21:00:00.000Z,1,31,20160121211
2016-01-21T22:00:00.000Z,1,32,20160121221
2016-01-21T23:00:00.000Z,1,30,20160121231
2016-01-22T00:00:00.000Z,1,25,20160122001
2016-01-22T01:00:00.000Z,1,25,20160122011
2016-01-22T02:00:00.000Z,1,21,20160122021
2016-01-22T03:00:00.000Z,1,17,20160122031
2016-01-22T04:00:00.000Z,1,16,20160122041
2016-01-22T05:00:00.000Z,1,13,20160122051
2016-01-22T06:00:00.000Z,1,13,20160122061
2016-01-22T07:00:00.000Z,1,15,20160122071
2016-01-22T08:00:00.000Z,1,20,20160122081
2016-01-22T09:00:00.000Z,1,29,20160122091
2016-01-22T10:00:00.000Z,1,39,20160122101
2016-01-22T11:00:00.000Z,1,39,20160122111
2016-01-22T12:00:00.000Z,1,41,20160122121
2016-01-22T13:00:00.000Z,1,32,20160122131
2016-01-22T14:00:00.000Z,1,34,20160122141
2016-01-22T15:00:00.000Z,1,35,20160122151
2016-01-22T16:00:00.000Z,1,33,20160122161
2016-01-22T17:00:00.000Z,1,30,20160122171
2016-01-22T18:00:00.000Z,1,31,20160122181
2016-01-22T19:00:00.000Z,1,35,20160122191
2016-01-22T20:00:00.000Z,1,31,20160122201
2016-01-22T21:00:00.000Z,1,34,20160122211
2016-01-22T22:00:00.000Z,1,30,20160122221
2016-01-22T23:00:00.000Z,1,26,20160122231
2016-01-23T00:00:00.000Z,1,27,20160123001
2016-01-23T01:00:00.000Z,1,31,20160123011
2016-01-23T02:00:00.000Z,1,24,20160123021
2016-01-23T03:00:00.000Z,1,16,20160123031
2016-01-23T04:00:00.000Z,1,16,20160123041
2016-01-23T05:00:00.000Z,1,15,20160123051
2016-01-23T06:00:00.000Z,1,14,20160123061
2016-01-23T07:00:00.000Z,1,14,20160123071
2016-01-23T08:00:00.000Z,1,15,20160123081
2016-01-23T09:00:00.000Z,1,19,20160123091
2016-01-23T10:00:00.000Z,1,25,20160123101
2016-01-23T11:00:00.000Z,1,23,20160123111
2016-01-23T12:00:00.000Z,1,20,20160123121
2016-01-23T13:00:00.000Z,1,21,20160123131
2016-01-23T14:00:00.000Z,1,19,20160123141
2016-01-23T15:00:00.000Z,1,22,20160123151
2016-01-23T16:00:00.000Z,1,20,20160123161
2016-01-23T17:00:00.000Z,1,19,20160123171
2016-01-23T18:00:00.000Z,1,20,20160123181
2016-01-23T19:00:00.000Z,1,26,20160123191
2016-01-23T20:00:00.000Z,1,27,20160123201
2016-01-23T21:00:00.000Z,1,22,20160123211
2016-01-23T22:00:00.000Z,1,22,20160123221
2016-01-23T23:00:00.000Z,1,23,20160123231
2016-01-24T00:00:00.000Z,1,19,20160124001
2016-01-24T01:00:00.000Z,1,20,20160124011
2016-01-24T02:00:00.000Z,1,17,20160124021
2016-01-24T03:00:00.000Z,1,14,20160124031
2016-01-24T04:00:00.000Z,1,14,20160124041
2016-01-24T05:00:00.000Z,1,12,20160124051
2016-01-24T06:00:00.000Z,1,11,20160124061
2016-01-24T07:00:00.000Z,1,14,20160124071
2016-01-24T08:00:00.000Z,1,12,20160124081
2016-01-24T09:00:00.000Z,1,16,20160124091
2016-01-24T10:00:00.000Z,1,16,20160124101
2016-01-24T11:00:00.000Z,1,23,20160124111
2016-01-24T12:00:00.000Z,1,24,20160124121
2016-01-24T13:00:00.000Z,1,19,20160124131
2016-01-24T14:00:00.000Z,1,21,20160124141
2016-01-24T15:00:00.000Z,1,17,20160124151
2016-01-24T16:00:00.000Z,1,18,20160124161
2016-01-24T17:00:00.000Z,1,19,20160124171
2016-01-24T18:00:00.000Z,1,24,20160124181
2016-01-24T19:00:00.000Z,1,23,20160124191
2016-01-24T20:00:00.000Z,1,21,20160124201
2016-01-24T21:00:00.000Z,1,23,20160124211
2016-01-24T22:00:00.000Z,1,25,20160124221
2016-01-24T23:00:00.000Z,1,27,20160124231
2016-01-25T00:00:00.000Z,1,23,20160125001
2016-01-25T01:00:00.000Z,1,19,20160125011
2016-01-25T02:00:00.000Z,1,18,20160125021
2016-01-25T03:00:00.000Z,1,16,20160125031
2016-01-25T04:00:00.000Z,1,13,20160125041
2016-01-25T05:00:00.000Z,1,12,20160125051
2016-01-25T06:00:00.000Z,1,15,20160125061
2016-01-25T07:00:00.000Z,1,17,20160125071
2016-01-25T08:00:00.000Z,1,19,20160125081
2016-01-25T09:00:00.000Z,1,21,20160125091
2016-01-25T10:00:00.000Z,1,32,20160125101
2016-01-25T11:00:00.000Z,1,33,20160125111
2016-01-25T12:00:00.000Z,1,32,20160125121
2016-01-25T13:00:00.000Z,1,31,20160125131
2016-01-25T14:00:00.000Z,1,33,20160125141
2016-01-25T15:00:00.000Z,1,35,20160125151
2016-01-25T16:00:00.000Z,1,34,20160125161
2016-01-25T17:00:00.000Z,1,34,20160125171
2016-01-25T18:00:00.000Z,1,32,20160125181
2016-01-25T19:00:00.000Z,1,31,20160125191
2016-01-25T20:00:00.000Z,1,31,20160125201
2016-01-25T21:00:00.000Z,1,27,20160125211
2016-01-25T22:00:00.000Z,1,31,20160125221
2016-01-25T23:00:00.000Z,1,27,20160125231
2016-01-26T00:00:00.000Z,1,27,20160126001
2016-01-26T01:00:00.000Z,1,27,20160126011
2016-01-26T02:00:00.000Z,1,21,20160126021
2016-01-26T03:00:00.000Z,1,18,20160126031
2016-01-26T04:00:00.000Z,1,14,20160126041
2016-01-26T05:00:00.000Z,1,15,20160126051
2016-01-26T06:00:00.000Z,1,17,20160126061
2016-01-26T07:00:00.000Z,1,17,20160126071
2016-01-26T08:00:00.000Z,1,17,20160126081
2016-01-26T09:00:00.000Z,1,21,20160126091
2016-01-26T10:00:00.000Z,1,29,20160126101
2016-01-26T11:00:00.000Z,1,30,20160126111
2016-01-26T12:00:00.000Z,1,31,20160126121
2016-01-26T13:00:00.000Z,1,26,20160126131
2016-01-26T14:00:00.000Z,1,23,20160126141
2016-01-26T15:00:00.000Z,1,27,20160126151
2016-01-26T16:00:00.000Z,1,28,20160126161
2016-01-26T17:00:00.000Z,1,24,20160126171
2016-01-26T18:00:00.000Z,1,30,20160126181
2016-01-26T19:00:00.000Z,1,30,20160126191
2016-01-26T20:00:00.000Z,1,31,20160126201
2016-01-26T21:00:00.000Z,1,34,20160126211
2016-01-26T22:00:00.000Z,1,34,20160126221
2016-01-26T23:00:00.000Z,1,30,20160126231
2016-01-27T00:00:00.000Z,1,29,20160127001
2016-01-27T01:00:00.000Z,1,27,20160127011
2016-01-27T02:00:00.000Z,1,21,20160127021
2016-01-27T03:00:00.000Z,1,21,20160127031
2016-01-27T04:00:00.000Z,1,14,20160127041
2016-01-27T05:00:00.000Z,1,14,20160127051
2016-01-27T06:00:00.000Z,1,14,20160127061
2016-01-27T07:00:00.000Z,1,17,20160127071
2016-01-27T08:00:00.000Z,1,19,20160127081
2016-01-27T09:00:00.000Z,1,38,20160127091
2016-01-27T10:00:00.000Z,1,50,20160127101
2016-01-27T11:00:00.000Z,1,47,20160127111
2016-01-27T12:00:00.000Z,1,44,20160127121
2016-01-27T13:00:00.000Z,1,37,20160127131
2016-01-27T14:00:00.000Z,1,42,20160127141
2016-01-27T15:00:00.000Z,1,37,20160127151
2016-01-27T16:00:00.000Z,1,36,20160127161
2016-01-27T17:00:00.000Z,1,36,20160127171
2016-01-27T18:00:00.000Z,1,32,20160127181
2016-01-27T19:00:00.000Z,1,40,20160127191
2016-01-27T20:00:00.000Z,1,38,20160127201
2016-01-27T21:00:00.000Z,1,36,20160127211
2016-01-27T22:00:00.000Z,1,37,20160127221
2016-01-27T23:00:00.000Z,1,36,20160127231
2016-01-28T00:00:00.000Z,1,30,20160128001
2016-01-28T01:00:00.000Z,1,26,20160128011
2016-01-28T02:00:00.000Z,1,23,20160128021
2016-01-28T03:00:00.000Z,1,21,20160128031
2016-01-28T04:00:00.000Z,1,17,20160128041
2016-01-28T05:00:00.000Z,1,15,20160128051
2016-01-28T06:00:00.000Z,1,16,20160128061
2016-01-28T07:00:00.000Z,1,18,20160128071
2016-01-28T08:00:00.000Z,1,21,20160128081
2016-01-28T09:00:00.000Z,1,22,20160128091
2016-01-28T10:00:00.000Z,1,31,20160128101
2016-01-28T11:00:00.000Z,1,33,20160128111
2016-01-28T12:00:00.000Z,1,41,20160128121
2016-01-28T13:00:00.000Z,1,35,20160128131
2016-01-28T14:00:00.000Z,1,36,20160128141
2016-01-28T15:00:00.000Z,1,37,20160128151
2016-01-28T16:00:00.000Z,1,34,20160128161
2016-01-28T17:00:00.000Z,1,36,20160128171
2016-01-28T18:00:00.000Z,1,36,20160128181
2016-01-28T19:00:00.000Z,1,36,20160128191
2016-01-28T20:00:00.000Z,1,39,20160128201
2016-01-28T21:00:00.000Z,1,36,20160128211
2016-01-28T22:00:00.000Z,1,37,20160128221
2016-01-28T23:00:00.000Z,1,34,20160128231
2016-01-29T00:00:00.000Z,1,29,20160129001
2016-01-29T01:00:00.000Z,1,29,20160129011
2016-01-29T02:00:00.000Z,1,21,20160129021
2016-01-29T03:00:00.000Z,1,22,20160129031
2016-01-29T04:00:00.000Z,1,16,20160129041
2016-01-29T05:00:00.000Z,1,15,20160129051
2016-01-29T06:00:00.000Z,1,15,20160129061
2016-01-29T07:00:00.000Z,1,17,20160129071
2016-01-29T08:00:00.000Z,1,18,20160129081
2016-01-29T09:00:00.000Z,1,31,20160129091
2016-01-29T10:00:00.000Z,1,35,20160129101
2016-01-29T11:00:00.000Z,1,36,20160129111
2016-01-29T12:00:00.000Z,1,38,20160129121
2016-01-29T13:00:00.000Z,1,31,20160129131
2016-01-29T14:00:00.000Z,1,33,20160129141
2016-01-29T15:00:00.000Z,1,35,20160129151
2016-01-29T16:00:00.000Z,1,31,20160129161
2016-01-29T17:00:00.000Z,1,26,20160129171
2016-01-29T18:00:00.000Z,1,34,20160129181
2016-01-29T19:00:00.000Z,1,35,20160129191
2016-01-29T20:00:00.000Z,1,36,20160129201
2016-01-29T21:00:00.000Z,1,33,20160129211
2016-01-29T22:00:00.000Z,1,30,20160129221
2016-01-29T23:00:00.000Z,1,32,20160129231
2016-01-30T00:00:00.000Z,1,27,20160130001
2016-01-30T01:00:00.000Z,1,25,20160130011
2016-01-30T02:00:00.000Z,1,21,20160130021
2016-01-30T03:00:00.000Z,1,15,20160130031
2016-01-30T04:00:00.000Z,1,18,20160130041
2016-01-30T05:00:00.000Z,1,16,20160130051
2016-01-30T06:00:00.000Z,1,10,20160130061
2016-01-30T07:00:00.000Z,1,15,20160130071
2016-01-30T08:00:00.000Z,1,16,20160130081
2016-01-30T09:00:00.000Z,1,15,20160130091
2016-01-30T10:00:00.000Z,1,24,20160130101
2016-01-30T11:00:00.000Z,1,25,20160130111
2016-01-30T12:00:00.000Z,1,24,20160130121
2016-01-30T13:00:00.000Z,1,18,20160130131
2016-01-30T14:00:00.000Z,1,24,20160130141
2016-01-30T15:00:00.000Z,1,17,20160130151
2016-01-30T16:00:00.000Z,1,22,20160130161
2016-01-30T17:00:00.000Z,1,22,20160130171
2016-01-30T18:00:00.000Z,1,22,20160130181
2016-01-30T19:00:00.000Z,1,29,20160130191
2016-01-30T20:00:00.000Z,1,30,20160130201
2016-01-30T21:00:00.000Z,1,28,20160130211
2016-01-30T22:00:00.000Z,1,30,20160130221
2016-01-30T23:00:00.000Z,1,30,20160130231
2016-01-31T00:00:00.000Z,1,27,20160131001
2016-01-31T01:00:00.000Z,1,21,20160131011
2016-01-31T02:00:00.000Z,1,19,20160131021
2016-01-31T03:00:00.000Z,1,16,20160131031
2016-01-31T04:00:00.000Z,1,14,20160131041
2016-01-31T05:00:00.000Z,1,13,20160131051
2016-01-31T06:00:00.000Z,1,11,20160131061
2016-01-31T07:00:00.000Z,1,10,20160131071
2016-01-31T08:00:00.000Z,1,13,20160131081
2016-01-31T09:00:00.000Z,1,17,20160131091
2016-01-31T10:00:00.000Z,1,21,20160131101
2016-01-31T11:00:00.000Z,1,21,20160131111
2016-01-31T12:00:00.000Z,1,22,20160131121
2016-01-31T13:00:00.000Z,1,19,20160131131
2016-01-31T14:00:00.000Z,1,19,20160131141
2016-01-31T15:00:00.000Z,1,19,20160131151
2016-01-31T16:00:00.000Z,1,21,20160131161
2016-01-31T17:00:00.000Z,1,19,20160131171
2016-01-31T18:00:00.000Z,1,20,20160131181
2016-01-31T19:00:00.000Z,1,29,20160131191
2016-01-31T20:00:00.000Z,1,27,20160131201
2016-01-31T21:00:00.000Z,1,29,20160131211
2016-01-31T22:00:00.000Z,1,26,20160131221
2016-01-31T23:00:00.000Z,1,27,20160131231
2016-02-01T00:00:00.000Z,1,27,20160201001
2016-02-01T01:00:00.000Z,1,19,20160201011
2016-02-01T02:00:00.000Z,1,21,20160201021
2016-02-01T03:00:00.000Z,1,17,20160201031
2016-02-01T04:00:00.000Z,1,12,20160201041
2016-02-01T05:00:00.000Z,1,15,20160201051
2016-02-01T06:00:00.000Z,1,12,20160201061
2016-02-01T07:00:00.000Z,1,17,20160201071
2016-02-01T08:00:00.000Z,1,19,20160201081
2016-02-01T09:00:00.000Z,1,22,20160201091
2016-02-01T10:00:00.000Z,1,38,20160201101
2016-02-01T11:00:00.000Z,1,46,20160201111
2016-02-01T12:00:00.000Z,1,40,20160201121
2016-02-01T13:00:00.000Z,1,35,20160201131
2016-02-01T14:00:00.000Z,1,40,20160201141
2016-02-01T15:00:00.000Z,1,38,20160201151
2016-02-01T16:00:00.000Z,1,36,20160201161
2016-02-01T17:00:00.000Z,1,35,20160201171
2016-02-01T18:00:00.000Z,1,38,20160201181
2016-02-01T19:00:00.000Z,1,41,20160201191
2016-02-01T20:00:00.000Z,1,39,20160201201
2016-02-01T21:00:00.000Z,1,35,20160201211
2016-02-01T22:00:00.000Z,1,40,20160201221
2016-02-01T23:00:00.000Z,1,35,20160201231
2016-02-02T00:00:00.000Z,1,34,20160202001
2016-02-02T01:00:00.000Z,1,31,20160202011
2016-02-02T02:00:00.000Z,1,24,20160202021
2016-02-02T03:00:00.000Z,1,23,20160202031
2016-02-02T04:00:00.000Z,1,18,20160202041
2016-02-02T05:00:00.000Z,1,14,20160202051
2016-02-02T06:00:00.000Z,1,17,20160202061
2016-02-02T07:00:00.000Z,1,19,20160202071
2016-02-02T08:00:00.000Z,1,19,20160202081
2016-02-02T09:00:00.000Z,1,23,20160202091
2016-02-02T10:00:00.000Z,1,37,20160202101
2016-02-02T11:00:00.000Z,1,36,20160202111
2016-02-02T12:00:00.000Z,1,34,20160202121
2016-02-02T13:00:00.000Z,1,34,20160202131
2016-02-02T14:00:00.000Z,1,38,20160202141
2016-02-02T15:00:00.000Z,1,39,20160202151
2016-02-02T16:00:00.000Z,1,31,20160202161
2016-02-02T17:00:00.000Z,1,36,20160202171
2016-02-02T18:00:00.000Z,1,37,20160202181
2016-02-02T19:00:00.000Z,1,40,20160202191
2016-02-02T20:00:00.000Z,1,37,20160202201
2016-02-02T21:00:00.000Z,1,37,20160202211
2016-02-02T22:00:00.000Z,1,36,20160202221
2016-02-02T23:00:00.000Z,1,35,20160202231
2016-02-03T00:00:00.000Z,1,34,20160203001
2016-02-03T01:00:00.000Z,1,28,20160203011
2016-02-03T02:00:00.000Z,1,22,20160203021
2016-02-03T03:00:00.000Z,1,22,20160203031
2016-02-03T04:00:00.000Z,1,15,20160203041
2016-02-03T05:00:00.000Z,1,15,20160203051
2016-02-03T06:00:00.000Z,1,17,20160203061
2016-02-03T07:00:00.000Z,1,20,20160203071
2016-02-03T08:00:00.000Z,1,22,20160203081
2016-02-03T09:00:00.000Z,1,26,20160203091
2016-02-03T10:00:00.000Z,1,32,20160203101
2016-02-03T11:00:00.000Z,1,47,20160203111
2016-02-03T12:00:00.000Z,1,47,20160203121
2016-02-03T13:00:00.000Z,1,41,20160203131
2016-02-03T14:00:00.000Z,1,38,20160203141
2016-02-03T15:00:00.000Z,1,37,20160203151
2016-02-03T16:00:00.000Z,1,38,20160203161
2016-02-03T17:00:00.000Z,1,39,20160203171
2016-02-03T18:00:00.000Z,1,34,20160203181
2016-02-03T19:00:00.000Z,1,38,20160203191
2016-02-03T20:00:00.000Z,1,37,20160203201
2016-02-03T21:00:00.000Z,1,38,20160203211
2016-02-03T22:00:00.000Z,1,39,20160203221
2016-02-03T23:00:00.000Z,1,32,20160203231
2016-02-04T00:00:00.000Z,1,32,20160204001
2016-02-04T01:00:00.000Z,1,29,20160204011
2016-02-04T02:00:00.000Z,1,23,20160204021
2016-02-04T03:00:00.000Z,1,21,20160204031
2016-02-04T04:00:00.000Z,1,18,20160204041
2016-02-04T05:00:00.000Z,1,20,20160204051
2016-02-04T06:00:00.000Z,1,15,20160204061
2016-02-04T07:00:00.000Z,1,21,20160204071
2016-02-04T08:00:00.000Z,1,17,20160204081
2016-02-04T09:00:00.000Z,1,23,20160204091
2016-02-04T10:00:00.000Z,1,33,20160204101
2016-02-04T11:00:00.000Z,1,33,20160204111
2016-02-04T12:00:00.000Z,1,39,20160204121
2016-02-04T13:00:00.000Z,1,32,20160204131
2016-02-04T14:00:00.000Z,1,37,20160204141
2016-02-04T15:00:00.000Z,1,35,20160204151
2016-02-04T16:00:00.000Z,1,32,20160204161
2016-02-04T17:00:00.000Z,1,35,20160204171
2016-02-04T18:00:00.000Z,1,37,20160204181
2016-02-04T19:00:00.000Z,1,36,20160204191
2016-02-04T20:00:00.000Z,1,33,20160204201
2016-02-04T21:00:00.000Z,1,34,20160204211
2016-02-04T22:00:00.000Z,1,33,20160204221
2016-02-04T23:00:00.000Z,1,29,20160204231
2016-02-05T00:00:00.000Z,1,32,20160205001
2016-02-05T01:00:00.000Z,1,34,20160205011
2016-02-05T02:00:00.000Z,1,24,20160205021
2016-02-05T03:00:00.000Z,1,21,20160205031
2016-02-05T04:00:00.000Z,1,19,20160205041
2016-02-05T05:00:00.000Z,1,18,20160205051
2016-02-05T06:00:00.000Z,1,14,20160205061
2016-02-05T07:00:00.000Z,1,15,20160205071
2016-02-05T08:00:00.000Z,1,19,20160205081
2016-02-05T09:00:00.000Z,1,24,20160205091
2016-02-05T10:00:00.000Z,1,29,20160205101
2016-02-05T11:00:00.000Z,1,33,20160205111
2016-02-05T12:00:00.000Z,1,33,20160205121
2016-02-05T13:00:00.000Z,1,36,20160205131
2016-02-05T14:00:00.000Z,1,35,20160205141
2016-02-05T15:00:00.000Z,1,34,20160205151
2016-02-05T16:00:00.000Z,1,33,20160205161
2016-02-05T17:00:00.000Z,1,28,20160205171
2016-02-05T18:00:00.000Z,1,33,20160205181
2016-02-05T19:00:00.000Z,1,33,20160205191
2016-02-05T20:00:00.000Z,1,32,20160205201
2016-02-05T21:00:00.000Z,1,31,20160205211
2016-02-05T22:00:00.000Z,1,31,20160205221
2016-02-05T23:00:00.000Z,1,31,20160205231
2016-02-06T00:00:00.000Z,1,30,20160206001
2016-02-06T01:00:00.000Z,1,27,20160206011
2016-02-06T02:00:00.000Z,1,23,20160206021
2016-02-06T03:00:00.000Z,1,22,20160206031
2016-02-06T04:00:00.000Z,1,14,20160206041
2016-02-06T05:00:00.000Z,1,13,20160206051
2016-02-06T06:00:00.000Z,1,14,20160206061
2016-02-06T07:00:00.000Z,1,18,20160206071
2016-02-06T08:00:00.000Z,1,13,20160206081
2016-02-06T09:00:00.000Z,1,20,20160206091
2016-02-06T10:00:00.000Z,1,24,20160206101
2016-02-06T11:00:00.000Z,1,20,20160206111
2016-02-06T12:00:00.000Z,1,26,20160206121
2016-02-06T13:00:00.000Z,1,21,20160206131
2016-02-06T14:00:00.000Z,1,20,20160206141
2016-02-06T15:00:00.000Z,1,23,20160206151
2016-02-06T16:00:00.000Z,1,26,20160206161
2016-02-06T17:00:00.000Z,1,25,20160206171
2016-02-06T18:00:00.000Z,1,32,20160206181
2016-02-06T19:00:00.000Z,1,35,20160206191
2016-02-06T20:00:00.000Z,1,32,20160206201
2016-02-06T21:00:00.000Z,1,32,20160206211
2016-02-06T22:00:00.000Z,1,30,20160206221
2016-02-06T23:00:00.000Z,1,25,20160206231
2016-02-07T00:00:00.000Z,1,28,20160207001
2016-02-07T01:00:00.000Z,1,26,20160207011
2016-02-07T02:00:00.000Z,1,17,20160207021
2016-02-07T03:00:00.000Z,1,17,20160207031
2016-02-07T04:00:00.000Z,1,14,20160207041
2016-02-07T05:00:00.000Z,1,11,20160207051
2016-02-07T06:00:00.000Z,1,15,20160207061
2016-02-07T07:00:00.000Z,1,16,20160207071
2016-02-07T08:00:00.000Z,1,13,20160207081
2016-02-07T09:00:00.000Z,1,20,20160207091
2016-02-07T10:00:00.000Z,1,20,20160207101
2016-02-07T11:00:00.000Z,1,20,20160207111
2016-02-07T12:00:00.000Z,1,22,20160207121
2016-02-07T13:00:00.000Z,1,30,20160207131
2016-02-07T14:00:00.000Z,1,24,20160207141
2016-02-07T15:00:00.000Z,1,27,20160207151
2016-02-07T16:00:00.000Z,1,25,20160207161
2016-02-07T17:00:00.000Z,1,21,20160207171
2016-02-07T18:00:00.000Z,1,31,20160207181
2016-02-07T19:00:00.000Z,1,32,20160207191
2016-02-07T20:00:00.000Z,1,30,20160207201
2016-02-07T21:00:00.000Z,1,28,20160207211
2016-02-07T22:00:00.000Z,1,29,20160207221
2016-02-07T23:00:00.000Z,1,28,20160207231
2016-02-08T00:00:00.000Z,1,28,20160208001
2016-02-08T01:00:00.000Z,1,26,20160208011
2016-02-08T02:00:00.000Z,1,25,20160208021
2016-02-08T03:00:00.000Z,1,18,20160208031
2016-02-08T04:00:00.000Z,1,19,20160208041
2016-02-08T05:00:00.000Z,1,14,20160208051
2016-02-08T06:00:00.000Z,1,12,20160208061
2016-02-08T07:00:00.000Z,1,13,20160208071
2016-02-08T08:00:00.000Z,1,21,20160208081
2016-02-08T09:00:00.000Z,1,24,20160208091
2016-02-08T10:00:00.000Z,1,36,20160208101
2016-02-08T11:00:00.000Z,1,39,20160208111
2016-02-08T12:00:00.000Z,1,40,20160208121
2016-02-08T13:00:00.000Z,1,34,20160208131
2016-02-08T14:00:00.000Z,1,35,20160208141
2016-02-08T15:00:00.000Z,1,37,20160208151
2016-02-08T16:00:00.000Z,1,33,20160208161
2016-02-08T17:00:00.000Z,1,34,20160208171
2016-02-08T18:00:00.000Z,1,36,20160208181
2016-02-08T19:00:00.000Z,1,41,20160208191
2016-02-08T20:00:00.000Z,1,40,20160208201
2016-02-08T21:00:00.000Z,1,38,20160208211
2016-02-08T22:00:00.000Z,1,38,20160208221
2016-02-08T23:00:00.000Z,1,40,20160208231
2016-02-09T00:00:00.000Z,1,36,20160209001
2016-02-09T01:00:00.000Z,1,45,20160209011
2016-02-09T02:00:00.000Z,1,33,20160209021
2016-02-09T03:00:00.000Z,1,27,20160209031
2016-02-09T04:00:00.000Z,1,22,20160209041
2016-02-09T05:00:00.000Z,1,19,20160209051
2016-02-09T06:00:00.000Z,1,23,20160209061
2016-02-09T07:00:00.000Z,1,19,20160209071
2016-02-09T08:00:00.000Z,1,23,20160209081
2016-02-09T09:00:00.000Z,1,30,20160209091
2016-02-09T10:00:00.000Z,1,44,20160209101
2016-02-09T11:00:00.000Z,1,39,20160209111
2016-02-09T12:00:00.000Z,1,41,20160209121
2016-02-09T13:00:00.000Z,1,37,20160209131
2016-02-09T14:00:00.000Z,1,39,20160209141
2016-02-09T15:00:00.000Z,1,40,20160209151
2016-02-09T16:00:00.000Z,1,34,20160209161
2016-02-09T17:00:00.000Z,1,34,20160209171
2016-02-09T18:00:00.000Z,1,36,20160209181
2016-02-09T19:00:00.000Z,1,41,20160209191
2016-02-09T20:00:00.000Z,1,37,20160209201
2016-02-09T21:00:00.000Z,1,32,20160209211
2016-02-09T22:00:00.000Z,1,37,20160209221
2016-02-09T23:00:00.000Z,1,34,20160209231
2016-02-10T00:00:00.000Z,1,36,20160210001
2016-02-10T01:00:00.000Z,1,35,20160210011
2016-02-10T02:00:00.000Z,1,30,20160210021
2016-02-10T03:00:00.000Z,1,27,20160210031
2016-02-10T04:00:00.000Z,1,21,20160210041
2016-02-10T05:00:00.000Z,1,14,20160210051
2016-02-10T06:00:00.000Z,1,16,20160210061
2016-02-10T07:00:00.000Z,1,21,20160210071
2016-02-10T08:00:00.000Z,1,20,20160210081
2016-02-10T09:00:00.000Z,1,24,20160210091
2016-02-10T10:00:00.000Z,1,24,20160210101
2016-02-10T11:00:00.000Z,1,45,20160210111
2016-02-10T12:00:00.000Z,1,41,20160210121
2016-02-10T13:00:00.000Z,1,38,20160210131
2016-02-10T14:00:00.000Z,1,35,20160210141
2016-02-10T15:00:00.000Z,1,36,20160210151
2016-02-10T16:00:00.000Z,1,36,20160210161
2016-02-10T17:00:00.000Z,1,34,20160210171
2016-02-10T18:00:00.000Z,1,30,20160210181
2016-02-10T19:00:00.000Z,1,40,20160210191
2016-02-10T20:00:00.000Z,1,42,20160210201
2016-02-10T21:00:00.000Z,1,38,20160210211
2016-02-10T22:00:00.000Z,1,36,20160210221
2016-02-10T23:00:00.000Z,1,39,20160210231
2016-02-11T00:00:00.000Z,1,32,20160211001
2016-02-11T01:00:00.000Z,1,34,20160211011
2016-02-11T02:00:00.000Z,1,27,20160211021
2016-02-11T03:00:00.000Z,1,25,20160211031
2016-02-11T04:00:00.000Z,1,22,20160211041
2016-02-11T05:00:00.000Z,1,23,20160211051
2016-02-11T06:00:00.000Z,1,25,20160211061
2016-02-11T07:00:00.000Z,1,23,20160211071
2016-02-11T08:00:00.000Z,1,21,20160211081
2016-02-11T09:00:00.000Z,1,28,20160211091
2016-02-11T10:00:00.000Z,1,32,20160211101
2016-02-11T11:00:00.000Z,1,34,20160211111
2016-02-11T12:00:00.000Z,1,37,20160211121
2016-02-11T13:00:00.000Z,1,32,20160211131
2016-02-11T14:00:00.000Z,1,31,20160211141
2016-02-11T15:00:00.000Z,1,36,20160211151
2016-02-11T16:00:00.000Z,1,36,20160211161
2016-02-11T17:00:00.000Z,1,33,20160211171
2016-02-11T18:00:00.000Z,1,35,20160211181
2016-02-11T19:00:00.000Z,1,39,20160211191
2016-02-11T20:00:00.000Z,1,41,20160211201
2016-02-11T21:00:00.000Z,1,42,20160211211
2016-02-11T22:00:00.000Z,1,43,20160211221
2016-02-11T23:00:00.000Z,1,37,20160211231
2016-02-12T00:00:00.000Z,1,33,20160212001
2016-02-12T01:00:00.000Z,1,36,20160212011
2016-02-12T02:00:00.000Z,1,28,20160212021
2016-02-12T03:00:00.000Z,1,20,20160212031
2016-02-12T04:00:00.000Z,1,24,20160212041
2016-02-12T05:00:00.000Z,1,21,20160212051
2016-02-12T06:00:00.000Z,1,16,20160212061
2016-02-12T07:00:00.000Z,1,20,20160212071
2016-02-12T08:00:00.000Z,1,26,20160212081
2016-02-12T09:00:00.000Z,1,29,20160212091
2016-02-12T10:00:00.000Z,1,34,20160212101
2016-02-12T11:00:00.000Z,1,36,20160212111
2016-02-12T12:00:00.000Z,1,34,20160212121
2016-02-12T13:00:00.000Z,1,31,20160212131
2016-02-12T14:00:00.000Z,1,36,20160212141
2016-02-12T15:00:00.000Z,1,33,20160212151
2016-02-12T16:00:00.000Z,1,36,20160212161
2016-02-12T17:00:00.000Z,1,33,20160212171
2016-02-12T18:00:00.000Z,1,34,20160212181
2016-02-12T19:00:00.000Z,1,33,20160212191
2016-02-12T20:00:00.000Z,1,34,20160212201
2016-02-12T21:00:00.000Z,1,35,20160212211
2016-02-12T22:00:00.000Z,1,33,20160212221
2016-02-12T23:00:00.000Z,1,27,20160212231
2016-02-13T00:00:00.000Z,1,29,20160213001
2016-02-13T01:00:00.000Z,1,26,20160213011
2016-02-13T02:00:00.000Z,1,23,20160213021
2016-02-13T03:00:00.000Z,1,18,20160213031
2016-02-13T04:00:00.000Z,1,18,20160213041
2016-02-13T05:00:00.000Z,1,16,20160213051
2016-02-13T06:00:00.000Z,1,14,20160213061
2016-02-13T07:00:00.000Z,1,17,20160213071
2016-02-13T08:00:00.000Z,1,17,20160213081
2016-02-13T09:00:00.000Z,1,17,20160213091
2016-02-13T10:00:00.000Z,1,24,20160213101
2016-02-13T11:00:00.000Z,1,24,20160213111
2016-02-13T12:00:00.000Z,1,22,20160213121
2016-02-13T13:00:00.000Z,1,22,20160213131
2016-02-13T14:00:00.000Z,1,22,20160213141
2016-02-13T15:00:00.000Z,1,20,20160213151
2016-02-13T16:00:00.000Z,1,22,20160213161
2016-02-13T17:00:00.000Z,1,23,20160213171
2016-02-13T18:00:00.000Z,1,26,20160213181
2016-02-13T19:00:00.000Z,1,28,20160213191
2016-02-13T20:00:00.000Z,1,24,20160213201
2016-02-13T21:00:00.000Z,1,26,20160213211
2016-02-13T22:00:00.000Z,1,24,20160213221
2016-02-13T23:00:00.000Z,1,26,20160213231
2016-02-14T00:00:00.000Z,1,26,20160214001
2016-02-14T01:00:00.000Z,1,20,20160214011
2016-02-14T02:00:00.000Z,1,18,20160214021
2016-02-14T03:00:00.000Z,1,15,20160214031
2016-02-14T04:00:00.000Z,1,17,20160214041
2016-02-14T05:00:00.000Z,1,14,20160214051
2016-02-14T06:00:00.000Z,1,16,20160214061
2016-02-14T07:00:00.000Z,1,11,20160214071
2016-02-14T08:00:00.000Z,1,16,20160214081
2016-02-14T09:00:00.000Z,1,18,20160214091
2016-02-14T10:00:00.000Z,1,19,20160214101
2016-02-14T11:00:00.000Z,1,21,20160214111
2016-02-14T12:00:00.000Z,1,20,20160214121
2016-02-14T13:00:00.000Z,1,18,20160214131
2016-02-14T14:00:00.000Z,1,19,20160214141
2016-02-14T15:00:00.000Z,1,19,20160214151
2016-02-14T16:00:00.000Z,1,16,20160214161
2016-02-14T17:00:00.000Z,1,19,20160214171
2016-02-14T18:00:00.000Z,1,18,20160214181
2016-02-14T19:00:00.000Z,1,27,20160214191
2016-02-14T20:00:00.000Z,1,24,20160214201
2016-02-14T21:00:00.000Z,1,21,20160214211
2016-02-14T22:00:00.000Z,1,26,20160214221
2016-02-14T23:00:00.000Z,1,24,20160214231
2016-02-15T00:00:00.000Z,1,27,20160215001
2016-02-15T01:00:00.000Z,1,22,20160215011
2016-02-15T02:00:00.000Z,1,19,20160215021
2016-02-15T03:00:00.000Z,1,19,20160215031
2016-02-15T04:00:00.000Z,1,16,20160215041
2016-02-15T05:00:00.000Z,1,17,20160215051
2016-02-15T06:00:00.000Z,1,14,20160215061
2016-02-15T07:00:00.000Z,1,15,20160215071
2016-02-15T08:00:00.000Z,1,23,20160215081
2016-02-15T09:00:00.000Z,1,38,20160215091
2016-02-15T10:00:00.000Z,1,47,20160215101
2016-02-15T11:00:00.000Z,1,48,20160215111
2016-02-15T12:00:00.000Z,1,46,20160215121
2016-02-15T13:00:00.000Z,1,41,20160215131
2016-02-15T14:00:00.000Z,1,42,20160215141
2016-02-15T15:00:00.000Z,1,41,20160215151
2016-02-15T16:00:00.000Z,1,40,20160215161
2016-02-15T17:00:00.000Z,1,36,20160215171
2016-02-15T18:00:00.000Z,1,36,20160215181
2016-02-15T19:00:00.000Z,1,39,20160215191
2016-02-15T20:00:00.000Z,1,41,20160215201
2016-02-15T21:00:00.000Z,1,39,20160215211
2016-02-15T22:00:00.000Z,1,38,20160215221
2016-02-15T23:00:00.000Z,1,36,20160215231
2016-02-16T00:00:00.000Z,1,29,20160216001
2016-02-16T01:00:00.000Z,1,28,20160216011
2016-02-16T02:00:00.000Z,1,25,20160216021
2016-02-16T03:00:00.000Z,1,22,20160216031
2016-02-16T04:00:00.000Z,1,18,20160216041
2016-02-16T05:00:00.000Z,1,17,20160216051
2016-02-16T06:00:00.000Z,1,17,20160216061
2016-02-16T07:00:00.000Z,1,18,20160216071
2016-02-16T08:00:00.000Z,1,23,20160216081
2016-02-16T09:00:00.000Z,1,24,20160216091
2016-02-16T10:00:00.000Z,1,39,20160216101
2016-02-16T11:00:00.000Z,1,39,20160216111
2016-02-16T12:00:00.000Z,1,38,20160216121
2016-02-16T13:00:00.000Z,1,35,20160216131
2016-02-16T14:00:00.000Z,1,36,20160216141
2016-02-16T15:00:00.000Z,1,37,20160216151
2016-02-16T16:00:00.000Z,1,37,20160216161
2016-02-16T17:00:00.000Z,1,35,20160216171
2016-02-16T18:00:00.000Z,1,33,20160216181
2016-02-16T19:00:00.000Z,1,39,20160216191
2016-02-16T20:00:00.000Z,1,37,20160216201
2016-02-16T21:00:00.000Z,1,37,20160216211
2016-02-16T22:00:00.000Z,1,33,20160216221
2016-02-16T23:00:00.000Z,1,32,20160216231
2016-02-17T00:00:00.000Z,1,33,20160217001
2016-02-17T01:00:00.000Z,1,28,20160217011
2016-02-17T02:00:00.000Z,1,20,20160217021
2016-02-17T03:00:00.000Z,1,22,20160217031
2016-02-17T04:00:00.000Z,1,20,20160217041
2016-02-17T05:00:00.000Z,1,18,20160217051
2016-02-17T06:00:00.000Z,1,18,20160217061
2016-02-17T07:00:00.000Z,1,21,20160217071
2016-02-17T08:00:00.000Z,1,22,20160217081
2016-02-17T09:00:00.000Z,1,24,20160217091
2016-02-17T10:00:00.000Z,1,32,20160217101
2016-02-17T11:00:00.000Z,1,70,20160217111
2016-02-17T12:00:00.000Z,1,54,20160217121
2016-02-17T13:00:00.000Z,1,45,20160217131
2016-02-17T14:00:00.000Z,1,46,20160217141
2016-02-17T15:00:00.000Z,1,43,20160217151
2016-02-17T16:00:00.000Z,1,39,20160217161
2016-02-17T17:00:00.000Z,1,43,20160217171
2016-02-17T18:00:00.000Z,1,44,20160217181
2016-02-17T19:00:00.000Z,1,43,20160217191
2016-02-17T20:00:00.000Z,1,48,20160217201
2016-02-17T21:00:00.000Z,1,42,20160217211
2016-02-17T22:00:00.000Z,1,41,20160217221
2016-02-17T23:00:00.000Z,1,38,20160217231
2016-02-18T00:00:00.000Z,1,33,20160218001
2016-02-18T01:00:00.000Z,1,35,20160218011
2016-02-18T02:00:00.000Z,1,30,20160218021
2016-02-18T03:00:00.000Z,1,24,20160218031
2016-02-18T04:00:00.000Z,1,23,20160218041
2016-02-18T05:00:00.000Z,1,24,20160218051
2016-02-18T06:00:00.000Z,1,24,20160218061
2016-02-18T07:00:00.000Z,1,23,20160218071
2016-02-18T08:00:00.000Z,1,28,20160218081
2016-02-18T09:00:00.000Z,1,30,20160218091
2016-02-18T10:00:00.000Z,1,36,20160218101
2016-02-18T11:00:00.000Z,1,35,20160218111
2016-02-18T12:00:00.000Z,1,40,20160218121
2016-02-18T13:00:00.000Z,1,37,20160218131
2016-02-18T14:00:00.000Z,1,40,20160218141
2016-02-18T15:00:00.000Z,1,38,20160218151
2016-02-18T16:00:00.000Z,1,39,20160218161
2016-02-18T17:00:00.000Z,1,35,20160218171
2016-02-18T18:00:00.000Z,1,39,20160218181
2016-02-18T19:00:00.000Z,1,42,20160218191
2016-02-18T20:00:00.000Z,1,39,20160218201
2016-02-18T21:00:00.000Z,1,39,20160218211
2016-02-18T22:00:00.000Z,1,41,20160218221
2016-02-18T23:00:00.000Z,1,29,20160218231
2016-02-19T00:00:00.000Z,1,35,20160219001
2016-02-19T01:00:00.000Z,1,30,20160219011
2016-02-19T02:00:00.000Z,1,26,20160219021
2016-02-19T03:00:00.000Z,1,22,20160219031
2016-02-19T04:00:00.000Z,1,18,20160219041
2016-02-19T05:00:00.000Z,1,19,20160219051
2016-02-19T06:00:00.000Z,1,19,20160219061
2016-02-19T07:00:00.000Z,1,19,20160219071
2016-02-19T08:00:00.000Z,1,22,20160219081
2016-02-19T09:00:00.000Z,1,25,20160219091
2016-02-19T10:00:00.000Z,1,38,20160219101
2016-02-19T11:00:00.000Z,1,50,20160219111
2016-02-19T12:00:00.000Z,1,44,20160219121
2016-02-19T13:00:00.000Z,1,38,20160219131
2016-02-19T14:00:00.000Z,1,42,20160219141
2016-02-19T15:00:00.000Z,1,39,20160219151
2016-02-19T16:00:00.000Z,1,35,20160219161
2016-02-19T17:00:00.000Z,1,34,20160219171
2016-02-19T18:00:00.000Z,1,36,20160219181
2016-02-19T19:00:00.000Z,1,40,20160219191
2016-02-19T20:00:00.000Z,1,39,20160219201
2016-02-19T21:00:00.000Z,1,37,20160219211
2016-02-19T22:00:00.000Z,1,35,20160219221
2016-02-19T23:00:00.000Z,1,31,20160219231
2016-02-20T00:00:00.000Z,1,33,20160220001
2016-02-20T01:00:00.000Z,1,29,20160220011
2016-02-20T02:00:00.000Z,1,29,20160220021
2016-02-20T03:00:00.000Z,1,24,20160220031
2016-02-20T04:00:00.000Z,1,17,20160220041
2016-02-20T05:00:00.000Z,1,18,20160220051
2016-02-20T06:00:00.000Z,1,15,20160220061
2016-02-20T07:00:00.000Z,1,18,20160220071
2016-02-20T08:00:00.000Z,1,17,20160220081
2016-02-20T09:00:00.000Z,1,19,20160220091
2016-02-20T10:00:00.000Z,1,26,20160220101
2016-02-20T11:00:00.000Z,1,29,20160220111
2016-02-20T12:00:00.000Z,1,29,20160220121
2016-02-20T13:00:00.000Z,1,26,20160220131
2016-02-20T14:00:00.000Z,1,26,20160220141
2016-02-20T15:00:00.000Z,1,30,20160220151
2016-02-20T16:00:00.000Z,1,28,20160220161
2016-02-20T17:00:00.000Z,1,25,20160220171
2016-02-20T18:00:00.000Z,1,28,20160220181
2016-02-20T19:00:00.000Z,1,31,20160220191
2016-02-20T20:00:00.000Z,1,34,20160220201
2016-02-20T21:00:00.000Z,1,35,20160220211
2016-02-20T22:00:00.000Z,1,28,20160220221
2016-02-20T23:00:00.000Z,1,28,20160220231
2016-02-21T00:00:00.000Z,1,31,20160221001
2016-02-21T01:00:00.000Z,1,24,20160221011
2016-02-21T02:00:00.000Z,1,22,20160221021
2016-02-21T03:00:00.000Z,1,21,20160221031
2016-02-21T04:00:00.000Z,1,21,20160221041
2016-02-21T05:00:00.000Z,1,18,20160221051
2016-02-21T06:00:00.000Z,1,17,20160221061
2016-02-21T07:00:00.000Z,1,17,20160221071
2016-02-21T08:00:00.000Z,1,16,20160221081
2016-02-21T09:00:00.000Z,1,23,20160221091
2016-02-21T10:00:00.000Z,1,21,20160221101
2016-02-21T11:00:00.000Z,1,26,20160221111
2016-02-21T12:00:00.000Z,1,25,20160221121
2016-02-21T13:00:00.000Z,1,22,20160221131
2016-02-21T14:00:00.000Z,1,22,20160221141
2016-02-21T15:00:00.000Z,1,25,20160221151
2016-02-21T16:00:00.000Z,1,25,20160221161
2016-02-21T17:00:00.000Z,1,25,20160221171
2016-02-21T18:00:00.000Z,1,28,20160221181
2016-02-21T19:00:00.000Z,1,29,20160221191
2016-02-21T20:00:00.000Z,1,28,20160221201
2016-02-21T21:00:00.000Z,1,28,20160221211
2016-02-21T22:00:00.000Z,1,29,20160221221
2016-02-21T23:00:00.000Z,1,32,20160221231
2016-02-22T00:00:00.000Z,1,32,20160222001
2016-02-22T01:00:00.000Z,1,21,20160222011
2016-02-22T02:00:00.000Z,1,24,20160222021
2016-02-22T03:00:00.000Z,1,22,20160222031
2016-02-22T04:00:00.000Z,1,19,20160222041
2016-02-22T05:00:00.000Z,1,18,20160222051
2016-02-22T06:00:00.000Z,1,19,20160222061
2016-02-22T07:00:00.000Z,1,25,20160222071
2016-02-22T08:00:00.000Z,1,22,20160222081
2016-02-22T09:00:00.000Z,1,30,20160222091
2016-02-22T10:00:00.000Z,1,41,20160222101
2016-02-22T11:00:00.000Z,1,41,20160222111
2016-02-22T12:00:00.000Z,1,41,20160222121
2016-02-22T13:00:00.000Z,1,37,20160222131
2016-02-22T14:00:00.000Z,1,39,20160222141
2016-02-22T15:00:00.000Z,1,40,20160222151
2016-02-22T16:00:00.000Z,1,38,20160222161
2016-02-22T17:00:00.000Z,1,38,20160222171
2016-02-22T18:00:00.000Z,1,38,20160222181
2016-02-22T19:00:00.000Z,1,45,20160222191
2016-02-22T20:00:00.000Z,1,40,20160222201
2016-02-22T21:00:00.000Z,1,40,20160222211
2016-02-22T22:00:00.000Z,1,37,20160222221
2016-02-22T23:00:00.000Z,1,36,20160222231
2016-02-23T00:00:00.000Z,1,38,20160223001
2016-02-23T01:00:00.000Z,1,31,20160223011
2016-02-23T02:00:00.000Z,1,24,20160223021
2016-02-23T03:00:00.000Z,1,24,20160223031
2016-02-23T04:00:00.000Z,1,22,20160223041
2016-02-23T05:00:00.000Z,1,16,20160223051
2016-02-23T06:00:00.000Z,1,19,20160223061
2016-02-23T07:00:00.000Z,1,22,20160223071
2016-02-23T08:00:00.000Z,1,19,20160223081
2016-02-23T09:00:00.000Z,1,27,20160223091
2016-02-23T10:00:00.000Z,1,33,20160223101
2016-02-23T11:00:00.000Z,1,52,20160223111
2016-02-23T12:00:00.000Z,1,55,20160223121
2016-02-23T13:00:00.000Z,1,46,20160223131
2016-02-23T14:00:00.000Z,1,49,20160223141
2016-02-23T15:00:00.000Z,1,48,20160223151
2016-02-23T16:00:00.000Z,1,43,20160223161
2016-02-23T17:00:00.000Z,1,40,20160223171
2016-02-23T18:00:00.000Z,1,44,20160223181
2016-02-23T19:00:00.000Z,1,46,20160223191
2016-02-23T20:00:00.000Z,1,43,20160223201
2016-02-23T21:00:00.000Z,1,41,20160223211
2016-02-23T22:00:00.000Z,1,42,20160223221
2016-02-23T23:00:00.000Z,1,43,20160223231
2016-02-24T00:00:00.000Z,1,35,20160224001
2016-02-24T01:00:00.000Z,1,33,20160224011
2016-02-24T02:00:00.000Z,1,29,20160224021
2016-02-24T03:00:00.000Z,1,25,20160224031
2016-02-24T04:00:00.000Z,1,21,20160224041
2016-02-24T05:00:00.000Z,1,18,20160224051
2016-02-24T06:00:00.000Z,1,21,20160224061
2016-02-24T07:00:00.000Z,1,24,20160224071
2016-02-24T08:00:00.000Z,1,28,20160224081
2016-02-24T09:00:00.000Z,1,34,20160224091
2016-02-24T10:00:00.000Z,1,43,20160224101
2016-02-24T11:00:00.000Z,1,45,20160224111
2016-02-24T12:00:00.000Z,1,45,20160224121
2016-02-24T13:00:00.000Z,1,58,20160224131
2016-02-24T14:00:00.000Z,1,50,20160224141
2016-02-24T15:00:00.000Z,1,44,20160224151
2016-02-24T16:00:00.000Z,1,42,20160224161
2016-02-24T17:00:00.000Z,1,42,20160224171
2016-02-24T18:00:00.000Z,1,44,20160224181
2016-02-24T19:00:00.000Z,1,45,20160224191
2016-02-24T20:00:00.000Z,1,40,20160224201
2016-02-24T21:00:00.000Z,1,44,20160224211
2016-02-24T22:00:00.000Z,1,43,20160224221
2016-02-24T23:00:00.000Z,1,39,20160224231
2016-02-25T00:00:00.000Z,1,36,20160225001
2016-02-25T01:00:00.000Z,1,34,20160225011
2016-02-25T02:00:00.000Z,1,26,20160225021
2016-02-25T03:00:00.000Z,1,26,20160225031
2016-02-25T04:00:00.000Z,1,21,20160225041
2016-02-25T05:00:00.000Z,1,21,20160225051
2016-02-25T06:00:00.000Z,1,19,20160225061
2016-02-25T07:00:00.000Z,1,25,20160225071
2016-02-25T08:00:00.000Z,1,28,20160225081
2016-02-25T09:00:00.000Z,1,29,20160225091
2016-02-25T10:00:00.000Z,1,41,20160225101
2016-02-25T11:00:00.000Z,1,38,20160225111
2016-02-25T12:00:00.000Z,1,37,20160225121
2016-02-25T13:00:00.000Z,1,34,20160225131
2016-02-25T14:00:00.000Z,1,34,20160225141
2016-02-25T15:00:00.000Z,1,37,20160225151
2016-02-25T16:00:00.000Z,1,37,20160225161
2016-02-25T17:00:00.000Z,1,37,20160225171
2016-02-25T18:00:00.000Z,1,36,20160225181
2016-02-25T19:00:00.000Z,1,38,20160225191
2016-02-25T20:00:00.000Z,1,33,20160225201
2016-02-25T21:00:00.000Z,1,34,20160225211
2016-02-25T22:00:00.000Z,1,36,20160225221
2016-02-25T23:00:00.000Z,1,36,20160225231
2016-02-26T00:00:00.000Z,1,37,20160226001
2016-02-26T01:00:00.000Z,1,38,20160226011
2016-02-26T02:00:00.000Z,1,25,20160226021
2016-02-26T03:00:00.000Z,1,23,20160226031
2016-02-26T04:00:00.000Z,1,21,20160226041
2016-02-26T05:00:00.000Z,1,20,20160226051
2016-02-26T06:00:00.000Z,1,19,20160226061
2016-02-26T07:00:00.000Z,1,20,20160226071
2016-02-26T08:00:00.000Z,1,25,20160226081
2016-02-26T09:00:00.000Z,1,25,20160226091
2016-02-26T10:00:00.000Z,1,38,20160226101
2016-02-26T11:00:00.000Z,1,41,20160226111
2016-02-26T12:00:00.000Z,1,40,20160226121
2016-02-26T13:00:00.000Z,1,33,20160226131
2016-02-26T14:00:00.000Z,1,39,20160226141
2016-02-26T15:00:00.000Z,1,36,20160226151
2016-02-26T16:00:00.000Z,1,38,20160226161
2016-02-26T17:00:00.000Z,1,36,20160226171
2016-02-26T18:00:00.000Z,1,34,20160226181
2016-02-26T19:00:00.000Z,1,52,20160226191
2016-02-26T20:00:00.000Z,1,44,20160226201
2016-02-26T21:00:00.000Z,1,39,20160226211
2016-02-26T22:00:00.000Z,1,32,20160226221
2016-02-26T23:00:00.000Z,1,32,20160226231
2016-02-27T00:00:00.000Z,1,34,20160227001
2016-02-27T01:00:00.000Z,1,28,20160227011
2016-02-27T02:00:00.000Z,1,23,20160227021
2016-02-27T03:00:00.000Z,1,23,20160227031
2016-02-27T04:00:00.000Z,1,17,20160227041
2016-02-27T05:00:00.000Z,1,15,20160227051
2016-02-27T06:00:00.000Z,1,13,20160227061
2016-02-27T07:00:00.000Z,1,14,20160227071
2016-02-27T08:00:00.000Z,1,20,20160227081
2016-02-27T09:00:00.000Z,1,23,20160227091
2016-02-27T10:00:00.000Z,1,27,20160227101
2016-02-27T11:00:00.000Z,1,27,20160227111
2016-02-27T12:00:00.000Z,1,24,20160227121
2016-02-27T13:00:00.000Z,1,24,20160227131
2016-02-27T14:00:00.000Z,1,25,20160227141
2016-02-27T15:00:00.000Z,1,23,20160227151
2016-02-27T16:00:00.000Z,1,22,20160227161
2016-02-27T17:00:00.000Z,1,23,20160227171
2016-02-27T18:00:00.000Z,1,23,20160227181
2016-02-27T19:00:00.000Z,1,26,20160227191
2016-02-27T20:00:00.000Z,1,30,20160227201
2016-02-27T21:00:00.000Z,1,24,20160227211
2016-02-27T22:00:00.000Z,1,32,20160227221
2016-02-27T23:00:00.000Z,1,28,20160227231
2016-02-28T00:00:00.000Z,1,27,20160228001
2016-02-28T01:00:00.000Z,1,25,20160228011
2016-02-28T02:00:00.000Z,1,20,20160228021
2016-02-28T03:00:00.000Z,1,19,20160228031
2016-02-28T04:00:00.000Z,1,14,20160228041
2016-02-28T05:00:00.000Z,1,16,20160228051
2016-02-28T06:00:00.000Z,1,13,20160228061
2016-02-28T07:00:00.000Z,1,16,20160228071
2016-02-28T08:00:00.000Z,1,16,20160228081
2016-02-28T09:00:00.000Z,1,19,20160228091
2016-02-28T10:00:00.000Z,1,23,20160228101
2016-02-28T11:00:00.000Z,1,24,20160228111
2016-02-28T12:00:00.000Z,1,25,20160228121
2016-02-28T13:00:00.000Z,1,23,20160228131
2016-02-28T14:00:00.000Z,1,22,20160228141
2016-02-28T15:00:00.000Z,1,22,20160228151
2016-02-28T16:00:00.000Z,1,22,20160228161
2016-02-28T17:00:00.000Z,1,25,20160228171
2016-02-28T18:00:00.000Z,1,23,20160228181
2016-02-28T19:00:00.000Z,1,28,20160228191
2016-02-28T20:00:00.000Z,1,27,20160228201
2016-02-28T21:00:00.000Z,1,25,20160228211
2016-02-28T22:00:00.000Z,1,30,20160228221
2016-02-28T23:00:00.000Z,1,29,20160228231
2016-02-29T00:00:00.000Z,1,28,20160229001
2016-02-29T01:00:00.000Z,1,26,20160229011
2016-02-29T02:00:00.000Z,1,24,20160229021
2016-02-29T03:00:00.000Z,1,21,20160229031
2016-02-29T04:00:00.000Z,1,22,20160229041
2016-02-29T05:00:00.000Z,1,22,20160229051
2016-02-29T06:00:00.000Z,1,27,20160229061
2016-02-29T07:00:00.000Z,1,30,20160229071
2016-02-29T08:00:00.000Z,1,36,20160229081
2016-02-29T09:00:00.000Z,1,49,20160229091
2016-02-29T10:00:00.000Z,1,64,20160229101
2016-02-29T11:00:00.000Z,1,62,20160229111
2016-02-29T12:00:00.000Z,1,58,20160229121
2016-02-29T13:00:00.000Z,1,54,20160229131
2016-02-29T14:00:00.000Z,1,48,20160229141
2016-02-29T15:00:00.000Z,1,54,20160229151
2016-02-29T16:00:00.000Z,1,49,20160229161
2016-02-29T17:00:00.000Z,1,52,20160229171
2016-02-29T18:00:00.000Z,1,54,20160229181
2016-02-29T19:00:00.000Z,1,54,20160229191
2016-02-29T20:00:00.000Z,1,51,20160229201
2016-02-29T21:00:00.000Z,1,52,20160229211
2016-02-29T22:00:00.000Z,1,51,20160229221
2016-02-29T23:00:00.000Z,1,44,20160229231
2016-03-01T00:00:00.000Z,1,42,20160301001
2016-03-01T01:00:00.000Z,1,39,20160301011
2016-03-01T02:00:00.000Z,1,39,20160301021
2016-03-01T03:00:00.000Z,1,30,20160301031
2016-03-01T04:00:00.000Z,1,26,20160301041
2016-03-01T05:00:00.000Z,1,25,20160301051
2016-03-01T06:00:00.000Z,1,27,20160301061
2016-03-01T07:00:00.000Z,1,30,20160301071
2016-03-01T08:00:00.000Z,1,33,20160301081
2016-03-01T09:00:00.000Z,1,37,20160301091
2016-03-01T10:00:00.000Z,1,38,20160301101
2016-03-01T11:00:00.000Z,1,41,20160301111
2016-03-01T12:00:00.000Z,1,44,20160301121
2016-03-01T13:00:00.000Z,1,43,20160301131
2016-03-01T14:00:00.000Z,1,42,20160301141
2016-03-01T15:00:00.000Z,1,44,20160301151
2016-03-01T16:00:00.000Z,1,40,20160301161
2016-03-01T17:00:00.000Z,1,38,20160301171
2016-03-01T18:00:00.000Z,1,37,20160301181
2016-03-01T19:00:00.000Z,1,40,20160301191
2016-03-01T20:00:00.000Z,1,41,20160301201
2016-03-01T21:00:00.000Z,1,47,20160301211
2016-03-01T22:00:00.000Z,1,46,20160301221
2016-03-01T23:00:00.000Z,1,40,20160301231
2016-03-02T00:00:00.000Z,1,35,20160302001
2016-03-02T01:00:00.000Z,1,36,20160302011
2016-03-02T02:00:00.000Z,1,27,20160302021
2016-03-02T03:00:00.000Z,1,23,20160302031
2016-03-02T04:00:00.000Z,1,19,20160302041
2016-03-02T05:00:00.000Z,1,22,20160302051
2016-03-02T06:00:00.000Z,1,20,20160302061
2016-03-02T07:00:00.000Z,1,21,20160302071
2016-03-02T08:00:00.000Z,1,27,20160302081
2016-03-02T09:00:00.000Z,1,36,20160302091
2016-03-02T10:00:00.000Z,1,43,20160302101
2016-03-02T11:00:00.000Z,1,42,20160302111
2016-03-02T12:00:00.000Z,1,41,20160302121
2016-03-02T13:00:00.000Z,1,43,20160302131
2016-03-02T14:00:00.000Z,1,46,20160302141
2016-03-02T15:00:00.000Z,1,41,20160302151
2016-03-02T16:00:00.000Z,1,38,20160302161
2016-03-02T17:00:00.000Z,1,41,20160302171
2016-03-02T18:00:00.000Z,1,40,20160302181
2016-03-02T19:00:00.000Z,1,47,20160302191
2016-03-02T20:00:00.000Z,1,44,20160302201
2016-03-02T21:00:00.000Z,1,44,20160302211
2016-03-02T22:00:00.000Z,1,40,20160302221
2016-03-02T23:00:00.000Z,1,38,20160302231
2016-03-03T00:00:00.000Z,1,37,20160303001
2016-03-03T01:00:00.000Z,1,32,20160303011
2016-03-03T02:00:00.000Z,1,29,20160303021
2016-03-03T03:00:00.000Z,1,25,20160303031
2016-03-03T04:00:00.000Z,1,19,20160303041
2016-03-03T05:00:00.000Z,1,16,20160303051
2016-03-03T06:00:00.000Z,1,21,20160303061
2016-03-03T07:00:00.000Z,1,24,20160303071
2016-03-03T08:00:00.000Z,1,24,20160303081
2016-03-03T09:00:00.000Z,1,29,20160303091
2016-03-03T10:00:00.000Z,1,29,20160303101
2016-03-03T11:00:00.000Z,1,41,20160303111
2016-03-03T12:00:00.000Z,1,39,20160303121
2016-03-03T13:00:00.000Z,1,34,20160303131
2016-03-03T14:00:00.000Z,1,40,20160303141
2016-03-03T15:00:00.000Z,1,38,20160303151
2016-03-03T16:00:00.000Z,1,42,20160303161
2016-03-03T17:00:00.000Z,1,35,20160303171
2016-03-03T18:00:00.000Z,1,36,20160303181
2016-03-03T19:00:00.000Z,1,41,20160303191
2016-03-03T20:00:00.000Z,1,36,20160303201
2016-03-03T21:00:00.000Z,1,36,20160303211
2016-03-03T22:00:00.000Z,1,35,20160303221
2016-03-03T23:00:00.000Z,1,35,20160303231
2016-03-04T00:00:00.000Z,1,35,20160304001
2016-03-04T01:00:00.000Z,1,33,20160304011
2016-03-04T02:00:00.000Z,1,24,20160304021
2016-03-04T03:00:00.000Z,1,20,20160304031
2016-03-04T04:00:00.000Z,1,17,20160304041
2016-03-04T05:00:00.000Z,1,20,20160304051
2016-03-04T06:00:00.000Z,1,18,20160304061
2016-03-04T07:00:00.000Z,1,20,20160304071
2016-03-04T08:00:00.000Z,1,21,20160304081
2016-03-04T09:00:00.000Z,1,24,20160304091
2016-03-04T10:00:00.000Z,1,30,20160304101
2016-03-04T11:00:00.000Z,1,35,20160304111
2016-03-04T12:00:00.000Z,1,46,20160304121
2016-03-04T13:00:00.000Z,1,40,20160304131
2016-03-04T14:00:00.000Z,1,40,20160304141
2016-03-04T15:00:00.000Z,1,37,20160304151
2016-03-04T16:00:00.000Z,1,35,20160304161
2016-03-04T17:00:00.000Z,1,31,20160304171
2016-03-04T18:00:00.000Z,1,35,20160304181
2016-03-04T19:00:00.000Z,1,46,20160304191
2016-03-04T20:00:00.000Z,1,38,20160304201
2016-03-04T21:00:00.000Z,1,37,20160304211
2016-03-04T22:00:00.000Z,1,32,20160304221
2016-03-04T23:00:00.000Z,1,36,20160304231
2016-03-05T00:00:00.000Z,1,32,20160305001
2016-03-05T01:00:00.000Z,1,28,20160305011
2016-03-05T02:00:00.000Z,1,23,20160305021
2016-03-05T03:00:00.000Z,1,22,20160305031
2016-03-05T04:00:00.000Z,1,20,20160305041
2016-03-05T05:00:00.000Z,1,17,20160305051
2016-03-05T06:00:00.000Z,1,15,20160305061
2016-03-05T07:00:00.000Z,1,19,20160305071
2016-03-05T08:00:00.000Z,1,23,20160305081
2016-03-05T09:00:00.000Z,1,22,20160305091
2016-03-05T10:00:00.000Z,1,32,20160305101
2016-03-05T11:00:00.000Z,1,29,20160305111
2016-03-05T12:00:00.000Z,1,27,20160305121
2016-03-05T13:00:00.000Z,1,28,20160305131
2016-03-05T14:00:00.000Z,1,23,20160305141
2016-03-05T15:00:00.000Z,1,24,20160305151
2016-03-05T16:00:00.000Z,1,22,20160305161
2016-03-05T17:00:00.000Z,1,25,20160305171
2016-03-05T18:00:00.000Z,1,32,20160305181
2016-03-05T19:00:00.000Z,1,35,20160305191
2016-03-05T20:00:00.000Z,1,36,20160305201
2016-03-05T21:00:00.000Z,1,28,20160305211
2016-03-05T22:00:00.000Z,1,30,20160305221
2016-03-05T23:00:00.000Z,1,26,20160305231
2016-03-06T00:00:00.000Z,1,23,20160306001
2016-03-06T01:00:00.000Z,1,24,20160306011
2016-03-06T02:00:00.000Z,1,18,20160306021
2016-03-06T03:00:00.000Z,1,18,20160306031
2016-03-06T04:00:00.000Z,1,17,20160306041
2016-03-06T05:00:00.000Z,1,15,20160306051
2016-03-06T06:00:00.000Z,1,16,20160306061
2016-03-06T07:00:00.000Z,1,18,20160306071
2016-03-06T08:00:00.000Z,1,17,20160306081
2016-03-06T09:00:00.000Z,1,22,20160306091
2016-03-06T10:00:00.000Z,1,24,20160306101
2016-03-06T11:00:00.000Z,1,24,20160306111
2016-03-06T12:00:00.000Z,1,25,20160306121
2016-03-06T13:00:00.000Z,1,25,20160306131
2016-03-06T14:00:00.000Z,1,22,20160306141
2016-03-06T15:00:00.000Z,1,23,20160306151
2016-03-06T16:00:00.000Z,1,20,20160306161
2016-03-06T17:00:00.000Z,1,24,20160306171
2016-03-06T18:00:00.000Z,1,29,20160306181
2016-03-06T19:00:00.000Z,1,30,20160306191
2016-03-06T20:00:00.000Z,1,29,20160306201
2016-03-06T21:00:00.000Z,1,27,20160306211
2016-03-06T22:00:00.000Z,1,29,20160306221
2016-03-06T23:00:00.000Z,1,30,20160306231
2016-03-07T00:00:00.000Z,1,25,20160307001
2016-03-07T01:00:00.000Z,1,22,20160307011
2016-03-07T02:00:00.000Z,1,22,20160307021
2016-03-07T03:00:00.000Z,1,17,20160307031
2016-03-07T04:00:00.000Z,1,15,20160307041
2016-03-07T05:00:00.000Z,1,17,20160307051
2016-03-07T06:00:00.000Z,1,15,20160307061
2016-03-07T07:00:00.000Z,1,20,20160307071
2016-03-07T08:00:00.000Z,1,24,20160307081
2016-03-07T09:00:00.000Z,1,25,20160307091
2016-03-07T10:00:00.000Z,1,37,20160307101
2016-03-07T11:00:00.000Z,1,37,20160307111
2016-03-07T12:00:00.000Z,1,36,20160307121
2016-03-07T13:00:00.000Z,1,34,20160307131
2016-03-07T14:00:00.000Z,1,35,20160307141
2016-03-07T15:00:00.000Z,1,37,20160307151
2016-03-07T16:00:00.000Z,1,35,20160307161
2016-03-07T17:00:00.000Z,1,30,20160307171
2016-03-07T18:00:00.000Z,1,39,20160307181
2016-03-07T19:00:00.000Z,1,40,20160307191
2016-03-07T20:00:00.000Z,1,42,20160307201
2016-03-07T21:00:00.000Z,1,38,20160307211
2016-03-07T22:00:00.000Z,1,25,20160307221
2016-03-07T23:00:00.000Z,1,21,20160307231
2016-03-08T00:00:00.000Z,1,29,20160308001
2016-03-08T01:00:00.000Z,1,28,20160308011
2016-03-08T02:00:00.000Z,1,24,20160308021
2016-03-08T03:00:00.000Z,1,23,20160308031
2016-03-08T04:00:00.000Z,1,17,20160308041
2016-03-08T05:00:00.000Z,1,19,20160308051
2016-03-08T06:00:00.000Z,1,21,20160308061
2016-03-08T07:00:00.000Z,1,22,20160308071
2016-03-08T08:00:00.000Z,1,22,20160308081
2016-03-08T09:00:00.000Z,1,28,20160308091
2016-03-08T10:00:00.000Z,1,35,20160308101
2016-03-08T11:00:00.000Z,1,48,20160308111
2016-03-08T12:00:00.000Z,1,44,20160308121
2016-03-08T13:00:00.000Z,1,36,20160308131
2016-03-08T14:00:00.000Z,1,42,20160308141
2016-03-08T15:00:00.000Z,1,44,20160308151
2016-03-08T16:00:00.000Z,1,38,20160308161
2016-03-08T17:00:00.000Z,1,38,20160308171
2016-03-08T18:00:00.000Z,1,37,20160308181
2016-03-08T19:00:00.000Z,1,39,20160308191
2016-03-08T20:00:00.000Z,1,38,20160308201
2016-03-08T21:00:00.000Z,1,39,20160308211
2016-03-08T22:00:00.000Z,1,37,20160308221
2016-03-08T23:00:00.000Z,1,37,20160308231
2016-03-09T00:00:00.000Z,1,35,20160309001
2016-03-09T01:00:00.000Z,1,30,20160309011
2016-03-09T02:00:00.000Z,1,24,20160309021
2016-03-09T03:00:00.000Z,1,21,20160309031
2016-03-09T04:00:00.000Z,1,20,20160309041
2016-03-09T05:00:00.000Z,1,20,20160309051
2016-03-09T06:00:00.000Z,1,17,20160309061
2016-03-09T07:00:00.000Z,1,20,20160309071
2016-03-09T08:00:00.000Z,1,25,20160309081
2016-03-09T09:00:00.000Z,1,35,20160309091
2016-03-09T10:00:00.000Z,1,44,20160309101
2016-03-09T11:00:00.000Z,1,40,20160309111
2016-03-09T12:00:00.000Z,1,46,20160309121
2016-03-09T13:00:00.000Z,1,40,20160309131
2016-03-09T14:00:00.000Z,1,45,20160309141
2016-03-09T15:00:00.000Z,1,38,20160309151
2016-03-09T16:00:00.000Z,1,37,20160309161
2016-03-09T17:00:00.000Z,1,36,20160309171
2016-03-09T18:00:00.000Z,1,36,20160309181
2016-03-09T19:00:00.000Z,1,43,20160309191
2016-03-09T20:00:00.000Z,1,43,20160309201
2016-03-09T21:00:00.000Z,1,36,20160309211
2016-03-09T22:00:00.000Z,1,38,20160309221
2016-03-09T23:00:00.000Z,1,32,20160309231
2016-03-10T00:00:00.000Z,1,36,20160310001
2016-03-10T01:00:00.000Z,1,28,20160310011
2016-03-10T02:00:00.000Z,1,25,20160310021
2016-03-10T03:00:00.000Z,1,24,20160310031
2016-03-10T04:00:00.000Z,1,22,20160310041
2016-03-10T05:00:00.000Z,1,20,20160310051
2016-03-10T06:00:00.000Z,1,17,20160310061
2016-03-10T07:00:00.000Z,1,20,20160310071
2016-03-10T08:00:00.000Z,1,23,20160310081
2016-03-10T09:00:00.000Z,1,31,20160310091
2016-03-10T10:00:00.000Z,1,33,20160310101
2016-03-10T11:00:00.000Z,1,34,20160310111
2016-03-10T12:00:00.000Z,1,35,20160310121
2016-03-10T13:00:00.000Z,1,33,20160310131
2016-03-10T14:00:00.000Z,1,42,20160310141
2016-03-10T15:00:00.000Z,1,35,20160310151
2016-03-10T16:00:00.000Z,1,37,20160310161
2016-03-10T17:00:00.000Z,1,34,20160310171
2016-03-10T18:00:00.000Z,1,37,20160310181
2016-03-10T19:00:00.000Z,1,34,20160310191
2016-03-10T20:00:00.000Z,1,38,20160310201
2016-03-10T21:00:00.000Z,1,37,20160310211
2016-03-10T22:00:00.000Z,1,35,20160310221
2016-03-10T23:00:00.000Z,1,33,20160310231
2016-03-11T00:00:00.000Z,1,32,20160311001
2016-03-11T01:00:00.000Z,1,27,20160311011
2016-03-11T02:00:00.000Z,1,26,20160311021
2016-03-11T03:00:00.000Z,1,24,20160311031
2016-03-11T04:00:00.000Z,1,15,20160311041
2016-03-11T05:00:00.000Z,1,20,20160311051
2016-03-11T06:00:00.000Z,1,15,20160311061
2016-03-11T07:00:00.000Z,1,20,20160311071
2016-03-11T08:00:00.000Z,1,23,20160311081
2016-03-11T09:00:00.000Z,1,24,20160311091
2016-03-11T10:00:00.000Z,1,29,20160311101
2016-03-11T11:00:00.000Z,1,35,20160311111
2016-03-11T12:00:00.000Z,1,41,20160311121
2016-03-11T13:00:00.000Z,1,37,20160311131
2016-03-11T14:00:00.000Z,1,35,20160311141
2016-03-11T15:00:00.000Z,1,36,20160311151
2016-03-11T16:00:00.000Z,1,33,20160311161
2016-03-11T17:00:00.000Z,1,33,20160311171
2016-03-11T18:00:00.000Z,1,32,20160311181
2016-03-11T19:00:00.000Z,1,32,20160311191
2016-03-11T20:00:00.000Z,1,35,20160311201
2016-03-11T21:00:00.000Z,1,35,20160311211
2016-03-11T22:00:00.000Z,1,37,20160311221
2016-03-11T23:00:00.000Z,1,32,20160311231
2016-03-12T00:00:00.000Z,1,28,20160312001
2016-03-12T01:00:00.000Z,1,24,20160312011
2016-03-12T02:00:00.000Z,1,24,20160312021
2016-03-12T03:00:00.000Z,1,19,20160312031
2016-03-12T04:00:00.000Z,1,18,20160312041
2016-03-12T05:00:00.000Z,1,13,20160312051
2016-03-12T06:00:00.000Z,1,12,20160312061
2016-03-12T07:00:00.000Z,1,16,20160312071
2016-03-12T08:00:00.000Z,1,18,20160312081
2016-03-12T09:00:00.000Z,1,23,20160312091
2016-03-12T10:00:00.000Z,1,27,20160312101
2016-03-12T11:00:00.000Z,1,31,20160312111
2016-03-12T12:00:00.000Z,1,24,20160312121
2016-03-12T13:00:00.000Z,1,26,20160312131
2016-03-12T14:00:00.000Z,1,26,20160312141
2016-03-12T15:00:00.000Z,1,27,20160312151
2016-03-12T16:00:00.000Z,1,22,20160312161
2016-03-12T17:00:00.000Z,1,23,20160312171
2016-03-12T18:00:00.000Z,1,26,20160312181
2016-03-12T19:00:00.000Z,1,31,20160312191
2016-03-12T20:00:00.000Z,1,34,20160312201
2016-03-12T21:00:00.000Z,1,31,20160312211
2016-03-12T22:00:00.000Z,1,31,20160312221
2016-03-12T23:00:00.000Z,1,34,20160312231
2016-03-13T00:00:00.000Z,1,27,20160313001
2016-03-13T01:00:00.000Z,1,22,20160313011
2016-03-13T02:00:00.000Z,1,20,20160313021
2016-03-13T03:00:00.000Z,1,14,20160313031
2016-03-13T04:00:00.000Z,1,17,20160313041
2016-03-13T05:00:00.000Z,1,16,20160313051
2016-03-13T06:00:00.000Z,1,17,20160313061
2016-03-13T07:00:00.000Z,1,17,20160313071
2016-03-13T08:00:00.000Z,1,18,20160313081
2016-03-13T09:00:00.000Z,1,21,20160313091
2016-03-13T10:00:00.000Z,1,24,20160313101
2016-03-13T11:00:00.000Z,1,23,20160313111
2016-03-13T12:00:00.000Z,1,27,20160313121
2016-03-13T13:00:00.000Z,1,23,20160313131
2016-03-13T14:00:00.000Z,1,23,20160313141
2016-03-13T15:00:00.000Z,1,20,20160313151
2016-03-13T16:00:00.000Z,1,25,20160313161
2016-03-13T17:00:00.000Z,1,21,20160313171
2016-03-13T18:00:00.000Z,1,25,20160313181
2016-03-13T19:00:00.000Z,1,33,20160313191
2016-03-13T20:00:00.000Z,1,28,20160313201
2016-03-13T21:00:00.000Z,1,28,20160313211
2016-03-13T22:00:00.000Z,1,32,20160313221
2016-03-13T23:00:00.000Z,1,33,20160313231
2016-03-14T00:00:00.000Z,1,29,20160314001
2016-03-14T01:00:00.000Z,1,24,20160314011
2016-03-14T02:00:00.000Z,1,21,20160314021
2016-03-14T03:00:00.000Z,1,16,20160314031
2016-03-14T04:00:00.000Z,1,19,20160314041
2016-03-14T05:00:00.000Z,1,16,20160314051
2016-03-14T06:00:00.000Z,1,17,20160314061
2016-03-14T07:00:00.000Z,1,23,20160314071
2016-03-14T08:00:00.000Z,1,22,20160314081
2016-03-14T09:00:00.000Z,1,30,20160314091
2016-03-14T10:00:00.000Z,1,47,20160314101
2016-03-14T11:00:00.000Z,1,46,20160314111
2016-03-14T12:00:00.000Z,1,45,20160314121
2016-03-14T13:00:00.000Z,1,42,20160314131
2016-03-14T14:00:00.000Z,1,49,20160314141
2016-03-14T15:00:00.000Z,1,46,20160314151
2016-03-14T16:00:00.000Z,1,44,20160314161
2016-03-14T17:00:00.000Z,1,38,20160314171
2016-03-14T18:00:00.000Z,1,46,20160314181
2016-03-14T19:00:00.000Z,1,44,20160314191
2016-03-14T20:00:00.000Z,1,38,20160314201
2016-03-14T21:00:00.000Z,1,41,20160314211
2016-03-14T22:00:00.000Z,1,37,20160314221
2016-03-14T23:00:00.000Z,1,36,20160314231
2016-03-15T00:00:00.000Z,1,36,20160315001
2016-03-15T01:00:00.000Z,1,30,20160315011
2016-03-15T02:00:00.000Z,1,26,20160315021
2016-03-15T03:00:00.000Z,1,25,20160315031
2016-03-15T04:00:00.000Z,1,19,20160315041
2016-03-15T05:00:00.000Z,1,19,20160315051
2016-03-15T06:00:00.000Z,1,16,20160315061
2016-03-15T07:00:00.000Z,1,22,20160315071
2016-03-15T08:00:00.000Z,1,24,20160315081
2016-03-15T09:00:00.000Z,1,31,20160315091
2016-03-15T10:00:00.000Z,1,37,20160315101
2016-03-15T11:00:00.000Z,1,44,20160315111
2016-03-15T12:00:00.000Z,1,40,20160315121
2016-03-15T13:00:00.000Z,1,37,20160315131
2016-03-15T14:00:00.000Z,1,41,20160315141
2016-03-15T15:00:00.000Z,1,39,20160315151
2016-03-15T16:00:00.000Z,1,44,20160315161
2016-03-15T17:00:00.000Z,1,41,20160315171
2016-03-15T18:00:00.000Z,1,38,20160315181
2016-03-15T19:00:00.000Z,1,39,20160315191
2016-03-15T20:00:00.000Z,1,38,20160315201
2016-03-15T21:00:00.000Z,1,34,20160315211
2016-03-15T22:00:00.000Z,1,38,20160315221
2016-03-15T23:00:00.000Z,1,38,20160315231
2016-03-16T00:00:00.000Z,1,32,20160316001
2016-03-16T01:00:00.000Z,1,24,20160316011
2016-03-16T02:00:00.000Z,1,25,20160316021
2016-03-16T03:00:00.000Z,1,22,20160316031
2016-03-16T04:00:00.000Z,1,20,20160316041
2016-03-16T05:00:00.000Z,1,18,20160316051
2016-03-16T06:00:00.000Z,1,17,20160316061
2016-03-16T07:00:00.000Z,1,19,20160316071
2016-03-16T08:00:00.000Z,1,25,20160316081
2016-03-16T09:00:00.000Z,1,40,20160316091
2016-03-16T10:00:00.000Z,1,50,20160316101
2016-03-16T11:00:00.000Z,1,49,20160316111
2016-03-16T12:00:00.000Z,1,44,20160316121
2016-03-16T13:00:00.000Z,1,39,20160316131
2016-03-16T14:00:00.000Z,1,43,20160316141
2016-03-16T15:00:00.000Z,1,44,20160316151
2016-03-16T16:00:00.000Z,1,43,20160316161
2016-03-16T17:00:00.000Z,1,40,20160316171
2016-03-16T18:00:00.000Z,1,42,20160316181
2016-03-16T19:00:00.000Z,1,48,20160316191
2016-03-16T20:00:00.000Z,1,44,20160316201
2016-03-16T21:00:00.000Z,1,40,20160316211
2016-03-16T22:00:00.000Z,1,43,20160316221
2016-03-16T23:00:00.000Z,1,40,20160316231
2016-03-17T00:00:00.000Z,1,35,20160317001
2016-03-17T01:00:00.000Z,1,28,20160317011
2016-03-17T02:00:00.000Z,1,28,20160317021
2016-03-17T03:00:00.000Z,1,24,20160317031
2016-03-17T04:00:00.000Z,1,18,20160317041
2016-03-17T05:00:00.000Z,1,17,20160317051
2016-03-17T06:00:00.000Z,1,20,20160317061
2016-03-17T07:00:00.000Z,1,26,20160317071
2016-03-17T08:00:00.000Z,1,24,20160317081
2016-03-17T09:00:00.000Z,1,29,20160317091
2016-03-17T10:00:00.000Z,1,38,20160317101
2016-03-17T11:00:00.000Z,1,42,20160317111
2016-03-17T12:00:00.000Z,1,40,20160317121
2016-03-17T13:00:00.000Z,1,38,20160317131
2016-03-17T14:00:00.000Z,1,43,20160317141
2016-03-17T15:00:00.000Z,1,40,20160317151
2016-03-17T16:00:00.000Z,1,39,20160317161
2016-03-17T17:00:00.000Z,1,37,20160317171
2016-03-17T18:00:00.000Z,1,38,20160317181
2016-03-17T19:00:00.000Z,1,45,20160317191
2016-03-17T20:00:00.000Z,1,44,20160317201
2016-03-17T21:00:00.000Z,1,41,20160317211
2016-03-17T22:00:00.000Z,1,38,20160317221
2016-03-17T23:00:00.000Z,1,36,20160317231
2016-03-18T00:00:00.000Z,1,32,20160318001
2016-03-18T01:00:00.000Z,1,27,20160318011
2016-03-18T02:00:00.000Z,1,23,20160318021
2016-03-18T03:00:00.000Z,1,20,20160318031
2016-03-18T04:00:00.000Z,1,16,20160318041
2016-03-18T05:00:00.000Z,1,15,20160318051
2016-03-18T06:00:00.000Z,1,20,20160318061
2016-03-18T07:00:00.000Z,1,21,20160318071
2016-03-18T08:00:00.000Z,1,20,20160318081
2016-03-18T09:00:00.000Z,1,23,20160318091
2016-03-18T10:00:00.000Z,1,33,20160318101
2016-03-18T11:00:00.000Z,1,40,20160318111
2016-03-18T12:00:00.000Z,1,43,20160318121
2016-03-18T13:00:00.000Z,1,35,20160318131
2016-03-18T14:00:00.000Z,1,39,20160318141
2016-03-18T15:00:00.000Z,1,38,20160318151
2016-03-18T16:00:00.000Z,1,34,20160318161
2016-03-18T17:00:00.000Z,1,33,20160318171
2016-03-18T18:00:00.000Z,1,35,20160318181
2016-03-18T19:00:00.000Z,1,41,20160318191
2016-03-18T20:00:00.000Z,1,36,20160318201
2016-03-18T21:00:00.000Z,1,34,20160318211
2016-03-18T22:00:00.000Z,1,34,20160318221
2016-03-18T23:00:00.000Z,1,33,20160318231
2016-03-19T00:00:00.000Z,1,32,20160319001
2016-03-19T01:00:00.000Z,1,25,20160319011
2016-03-19T02:00:00.000Z,1,18,20160319021
2016-03-19T03:00:00.000Z,1,17,20160319031
2016-03-19T04:00:00.000Z,1,17,20160319041
2016-03-19T05:00:00.000Z,1,16,20160319051
2016-03-19T06:00:00.000Z,1,13,20160319061
2016-03-19T07:00:00.000Z,1,15,20160319071
2016-03-19T08:00:00.000Z,1,19,20160319081
2016-03-19T09:00:00.000Z,1,20,20160319091
2016-03-19T10:00:00.000Z,1,30,20160319101
2016-03-19T11:00:00.000Z,1,26,20160319111
2016-03-19T12:00:00.000Z,1,30,20160319121
2016-03-19T13:00:00.000Z,1,22,20160319131
2016-03-19T14:00:00.000Z,1,26,20160319141
2016-03-19T15:00:00.000Z,1,21,20160319151
2016-03-19T16:00:00.000Z,1,23,20160319161
2016-03-19T17:00:00.000Z,1,25,20160319171
2016-03-19T18:00:00.000Z,1,23,20160319181
2016-03-19T19:00:00.000Z,1,27,20160319191
2016-03-19T20:00:00.000Z,1,26,20160319201
2016-03-19T21:00:00.000Z,1,26,20160319211
2016-03-19T22:00:00.000Z,1,25,20160319221
2016-03-19T23:00:00.000Z,1,23,20160319231
2016-03-20T00:00:00.000Z,1,24,20160320001
2016-03-20T01:00:00.000Z,1,21,20160320011
2016-03-20T02:00:00.000Z,1,18,20160320021
2016-03-20T03:00:00.000Z,1,15,20160320031
2016-03-20T04:00:00.000Z,1,13,20160320041
2016-03-20T05:00:00.000Z,1,13,20160320051
2016-03-20T06:00:00.000Z,1,14,20160320061
2016-03-20T07:00:00.000Z,1,18,20160320071
2016-03-20T08:00:00.000Z,1,15,20160320081
2016-03-20T09:00:00.000Z,1,19,20160320091
2016-03-20T10:00:00.000Z,1,24,20160320101
2016-03-20T11:00:00.000Z,1,26,20160320111
2016-03-20T12:00:00.000Z,1,24,20160320121
2016-03-20T13:00:00.000Z,1,23,20160320131
2016-03-20T14:00:00.000Z,1,22,20160320141
2016-03-20T15:00:00.000Z,1,23,20160320151
2016-03-20T16:00:00.000Z,1,20,20160320161
2016-03-20T17:00:00.000Z,1,25,20160320171
2016-03-20T18:00:00.000Z,1,27,20160320181
2016-03-20T19:00:00.000Z,1,26,20160320191
2016-03-20T20:00:00.000Z,1,33,20160320201
2016-03-20T21:00:00.000Z,1,28,20160320211
2016-03-20T22:00:00.000Z,1,28,20160320221
2016-03-20T23:00:00.000Z,1,32,20160320231
2016-03-21T00:00:00.000Z,1,25,20160321001
2016-03-21T01:00:00.000Z,1,22,20160321011
2016-03-21T02:00:00.000Z,1,16,20160321021
2016-03-21T03:00:00.000Z,1,19,20160321031
2016-03-21T04:00:00.000Z,1,16,20160321041
2016-03-21T05:00:00.000Z,1,13,20160321051
2016-03-21T06:00:00.000Z,1,16,20160321061
2016-03-21T07:00:00.000Z,1,24,20160321071
2016-03-21T08:00:00.000Z,1,21,20160321081
2016-03-21T09:00:00.000Z,1,25,20160321091
2016-03-21T10:00:00.000Z,1,31,20160321101
2016-03-21T11:00:00.000Z,1,48,20160321111
2016-03-21T12:00:00.000Z,1,49,20160321121
2016-03-21T13:00:00.000Z,1,44,20160321131
2016-03-21T14:00:00.000Z,1,51,20160321141
2016-03-21T15:00:00.000Z,1,44,20160321151
2016-03-21T16:00:00.000Z,1,47,20160321161
2016-03-21T17:00:00.000Z,1,43,20160321171
2016-03-21T18:00:00.000Z,1,46,20160321181
2016-03-21T19:00:00.000Z,1,40,20160321191
2016-03-21T20:00:00.000Z,1,45,20160321201
2016-03-21T21:00:00.000Z,1,38,20160321211
2016-03-21T22:00:00.000Z,1,38,20160321221
2016-03-21T23:00:00.000Z,1,38,20160321231
2016-03-22T00:00:00.000Z,1,34,20160322001
2016-03-22T01:00:00.000Z,1,30,20160322011
2016-03-22T02:00:00.000Z,1,24,20160322021
2016-03-22T03:00:00.000Z,1,23,20160322031
2016-03-22T04:00:00.000Z,1,18,20160322041
2016-03-22T05:00:00.000Z,1,15,20160322051
2016-03-22T06:00:00.000Z,1,19,20160322061
2016-03-22T07:00:00.000Z,1,24,20160322071
2016-03-22T08:00:00.000Z,1,28,20160322081
2016-03-22T09:00:00.000Z,1,28,20160322091
2016-03-22T10:00:00.000Z,1,39,20160322101
2016-03-22T11:00:00.000Z,1,38,20160322111
2016-03-22T12:00:00.000Z,1,35,20160322121
2016-03-22T13:00:00.000Z,1,40,20160322131
2016-03-22T14:00:00.000Z,1,38,20160322141
2016-03-22T15:00:00.000Z,1,39,20160322151
2016-03-22T16:00:00.000Z,1,37,20160322161
2016-03-22T17:00:00.000Z,1,35,20160322171
2016-03-22T18:00:00.000Z,1,48,20160322181
2016-03-22T19:00:00.000Z,1,48,20160322191
2016-03-22T20:00:00.000Z,1,41,20160322201
2016-03-22T21:00:00.000Z,1,36,20160322211
2016-03-22T22:00:00.000Z,1,34,20160322221
2016-03-22T23:00:00.000Z,1,35,20160322231
2016-03-23T00:00:00.000Z,1,34,20160323001
2016-03-23T01:00:00.000Z,1,29,20160323011
2016-03-23T02:00:00.000Z,1,27,20160323021
2016-03-23T03:00:00.000Z,1,21,20160323031
2016-03-23T04:00:00.000Z,1,21,20160323041
2016-03-23T05:00:00.000Z,1,16,20160323051
2016-03-23T06:00:00.000Z,1,19,20160323061
2016-03-23T07:00:00.000Z,1,19,20160323071
2016-03-23T08:00:00.000Z,1,23,20160323081
2016-03-23T09:00:00.000Z,1,31,20160323091
2016-03-23T10:00:00.000Z,1,41,20160323101
2016-03-23T11:00:00.000Z,1,41,20160323111
2016-03-23T12:00:00.000Z,1,39,20160323121
2016-03-23T13:00:00.000Z,1,35,20160323131
2016-03-23T14:00:00.000Z,1,45,20160323141
2016-03-23T15:00:00.000Z,1,42,20160323151
2016-03-23T16:00:00.000Z,1,37,20160323161
2016-03-23T17:00:00.000Z,1,36,20160323171
2016-03-23T18:00:00.000Z,1,39,20160323181
2016-03-23T19:00:00.000Z,1,42,20160323191
2016-03-23T20:00:00.000Z,1,42,20160323201
2016-03-23T21:00:00.000Z,1,36,20160323211
2016-03-23T22:00:00.000Z,1,33,20160323221
2016-03-23T23:00:00.000Z,1,28,20160323231
2016-03-24T00:00:00.000Z,1,33,20160324001
2016-03-24T01:00:00.000Z,1,25,20160324011
2016-03-24T02:00:00.000Z,1,21,20160324021
2016-03-24T03:00:00.000Z,1,19,20160324031
2016-03-24T04:00:00.000Z,1,19,20160324041
2016-03-24T05:00:00.000Z,1,18,20160324051
2016-03-24T06:00:00.000Z,1,16,20160324061
2016-03-24T07:00:00.000Z,1,20,20160324071
2016-03-24T08:00:00.000Z,1,19,20160324081
2016-03-24T09:00:00.000Z,1,26,20160324091
2016-03-24T10:00:00.000Z,1,26,20160324101
2016-03-24T11:00:00.000Z,1,37,20160324111
2016-03-24T12:00:00.000Z,1,32,20160324121
2016-03-24T13:00:00.000Z,1,28,20160324131
2016-03-24T14:00:00.000Z,1,32,20160324141
2016-03-24T15:00:00.000Z,1,33,20160324151
2016-03-24T16:00:00.000Z,1,32,20160324161
2016-03-24T17:00:00.000Z,1,34,20160324171
2016-03-24T18:00:00.000Z,1,29,20160324181
2016-03-24T19:00:00.000Z,1,38,20160324191
2016-03-24T20:00:00.000Z,1,31,20160324201
2016-03-24T21:00:00.000Z,1,30,20160324211
2016-03-24T22:00:00.000Z,1,36,20160324221
2016-03-24T23:00:00.000Z,1,32,20160324231
2016-03-25T00:00:00.000Z,1,30,20160325001
2016-03-25T01:00:00.000Z,1,28,20160325011
2016-03-25T02:00:00.000Z,1,22,20160325021
2016-03-25T03:00:00.000Z,1,18,20160325031
2016-03-25T04:00:00.000Z,1,14,20160325041
2016-03-25T05:00:00.000Z,1,17,20160325051
2016-03-25T06:00:00.000Z,1,14,20160325061
2016-03-25T07:00:00.000Z,1,18,20160325071
2016-03-25T08:00:00.000Z,1,16,20160325081
2016-03-25T09:00:00.000Z,1,28,20160325091
2016-03-25T10:00:00.000Z,1,32,20160325101
2016-03-25T11:00:00.000Z,1,29,20160325111
2016-03-25T12:00:00.000Z,1,32,20160325121
2016-03-25T13:00:00.000Z,1,27,20160325131
2016-03-25T14:00:00.000Z,1,27,20160325141
2016-03-25T15:00:00.000Z,1,26,20160325151
2016-03-25T16:00:00.000Z,1,25,20160325161
2016-03-25T17:00:00.000Z,1,25,20160325171
2016-03-25T18:00:00.000Z,1,28,20160325181
2016-03-25T19:00:00.000Z,1,35,20160325191
2016-03-25T20:00:00.000Z,1,30,20160325201
2016-03-25T21:00:00.000Z,1,33,20160325211
2016-03-25T22:00:00.000Z,1,25,20160325221
2016-03-25T23:00:00.000Z,1,26,20160325231
2016-03-26T00:00:00.000Z,1,28,20160326001
2016-03-26T01:00:00.000Z,1,24,20160326011
2016-03-26T02:00:00.000Z,1,18,20160326021
2016-03-26T03:00:00.000Z,1,17,20160326031
2016-03-26T04:00:00.000Z,1,15,20160326041
2016-03-26T05:00:00.000Z,1,13,20160326051
2016-03-26T06:00:00.000Z,1,14,20160326061
2016-03-26T07:00:00.000Z,1,15,20160326071
2016-03-26T08:00:00.000Z,1,17,20160326081
2016-03-26T09:00:00.000Z,1,18,20160326091
2016-03-26T10:00:00.000Z,1,22,20160326101
2016-03-26T11:00:00.000Z,1,24,20160326111
2016-03-26T12:00:00.000Z,1,18,20160326121
2016-03-26T13:00:00.000Z,1,22,20160326131
2016-03-26T14:00:00.000Z,1,19,20160326141
2016-03-26T15:00:00.000Z,1,20,20160326151
2016-03-26T16:00:00.000Z,1,23,20160326161
2016-03-26T17:00:00.000Z,1,22,20160326171
2016-03-26T18:00:00.000Z,1,22,20160326181
2016-03-26T19:00:00.000Z,1,27,20160326191
2016-03-26T20:00:00.000Z,1,24,20160326201
2016-03-26T21:00:00.000Z,1,25,20160326211
2016-03-26T22:00:00.000Z,1,23,20160326221
2016-03-26T23:00:00.000Z,1,24,20160326231
2016-03-27T00:00:00.000Z,1,24,20160327001
2016-03-27T01:00:00.000Z,1,19,20160327011
2016-03-27T02:00:00.000Z,1,17,20160327021
2016-03-27T03:00:00.000Z,1,13,20160327031
2016-03-27T04:00:00.000Z,1,13,20160327041
2016-03-27T05:00:00.000Z,1,13,20160327051
2016-03-27T06:00:00.000Z,1,13,20160327061
2016-03-27T07:00:00.000Z,1,15,20160327071
2016-03-27T08:00:00.000Z,1,16,20160327081
2016-03-27T09:00:00.000Z,1,16,20160327091
2016-03-27T10:00:00.000Z,1,18,20160327101
2016-03-27T11:00:00.000Z,1,22,20160327111
2016-03-27T12:00:00.000Z,1,22,20160327121
2016-03-27T13:00:00.000Z,1,21,20160327131
2016-03-27T14:00:00.000Z,1,19,20160327141
2016-03-27T15:00:00.000Z,1,22,20160327151
2016-03-27T16:00:00.000Z,1,22,20160327161
2016-03-27T17:00:00.000Z,1,21,20160327171
2016-03-27T18:00:00.000Z,1,27,20160327181
2016-03-27T19:00:00.000Z,1,26,20160327191
2016-03-27T20:00:00.000Z,1,25,20160327201
2016-03-27T21:00:00.000Z,1,26,20160327211
2016-03-27T22:00:00.000Z,1,21,20160327221
2016-03-27T23:00:00.000Z,1,24,20160327231
2016-03-28T00:00:00.000Z,1,23,20160328001
2016-03-28T01:00:00.000Z,1,22,20160328011
2016-03-28T02:00:00.000Z,1,16,20160328021
2016-03-28T03:00:00.000Z,1,17,20160328031
2016-03-28T04:00:00.000Z,1,13,20160328041
2016-03-28T05:00:00.000Z,1,12,20160328051
2016-03-28T06:00:00.000Z,1,19,20160328061
2016-03-28T07:00:00.000Z,1,18,20160328071
2016-03-28T08:00:00.000Z,1,21,20160328081
2016-03-28T09:00:00.000Z,1,28,20160328091
2016-03-28T10:00:00.000Z,1,29,20160328101
2016-03-28T11:00:00.000Z,1,41,20160328111
2016-03-28T12:00:00.000Z,1,43,20160328121
2016-03-28T13:00:00.000Z,1,34,20160328131
2016-03-28T14:00:00.000Z,1,39,20160328141
2016-03-28T15:00:00.000Z,1,37,20160328151
2016-03-28T16:00:00.000Z,1,39,20160328161
2016-03-28T17:00:00.000Z,1,38,20160328171
2016-03-28T18:00:00.000Z,1,39,20160328181
2016-03-28T19:00:00.000Z,1,38,20160328191
2016-03-28T20:00:00.000Z,1,42,20160328201
2016-03-28T21:00:00.000Z,1,39,20160328211
2016-03-28T22:00:00.000Z,1,39,20160328221
2016-03-28T23:00:00.000Z,1,38,20160328231
2016-03-29T00:00:00.000Z,1,32,20160329001
2016-03-29T01:00:00.000Z,1,31,20160329011
2016-03-29T02:00:00.000Z,1,26,20160329021
2016-03-29T03:00:00.000Z,1,19,20160329031
2016-03-29T04:00:00.000Z,1,18,20160329041
2016-03-29T05:00:00.000Z,1,16,20160329051
2016-03-29T06:00:00.000Z,1,20,20160329061
2016-03-29T07:00:00.000Z,1,22,20160329071
2016-03-29T08:00:00.000Z,1,25,20160329081
2016-03-29T09:00:00.000Z,1,28,20160329091
2016-03-29T10:00:00.000Z,1,38,20160329101
2016-03-29T11:00:00.000Z,1,42,20160329111
2016-03-29T12:00:00.000Z,1,43,20160329121
2016-03-29T13:00:00.000Z,1,41,20160329131
2016-03-29T14:00:00.000Z,1,44,20160329141
2016-03-29T15:00:00.000Z,1,45,20160329151
2016-03-29T16:00:00.000Z,1,38,20160329161
2016-03-29T17:00:00.000Z,1,42,20160329171
2016-03-29T18:00:00.000Z,1,43,20160329181
2016-03-29T19:00:00.000Z,1,44,20160329191
2016-03-29T20:00:00.000Z,1,44,20160329201
2016-03-29T21:00:00.000Z,1,40,20160329211
2016-03-29T22:00:00.000Z,1,39,20160329221
2016-03-29T23:00:00.000Z,1,39,20160329231
2016-03-30T00:00:00.000Z,1,36,20160330001
2016-03-30T01:00:00.000Z,1,33,20160330011
2016-03-30T02:00:00.000Z,1,26,20160330021
2016-03-30T03:00:00.000Z,1,21,20160330031
2016-03-30T04:00:00.000Z,1,18,20160330041
2016-03-30T05:00:00.000Z,1,17,20160330051
2016-03-30T06:00:00.000Z,1,20,20160330061
2016-03-30T07:00:00.000Z,1,26,20160330071
2016-03-30T08:00:00.000Z,1,25,20160330081
2016-03-30T09:00:00.000Z,1,27,20160330091
2016-03-30T10:00:00.000Z,1,44,20160330101
2016-03-30T11:00:00.000Z,1,52,20160330111
2016-03-30T12:00:00.000Z,1,48,20160330121
2016-03-30T13:00:00.000Z,1,43,20160330131
2016-03-30T14:00:00.000Z,1,46,20160330141
2016-03-30T15:00:00.000Z,1,51,20160330151
2016-03-30T16:00:00.000Z,1,46,20160330161
2016-03-30T17:00:00.000Z,1,47,20160330171
2016-03-30T18:00:00.000Z,1,42,20160330181
2016-03-30T19:00:00.000Z,1,48,20160330191
2016-03-30T20:00:00.000Z,1,44,20160330201
2016-03-30T21:00:00.000Z,1,41,20160330211
2016-03-30T22:00:00.000Z,1,41,20160330221
2016-03-30T23:00:00.000Z,1,38,20160330231
2016-03-31T00:00:00.000Z,1,36,20160331001
2016-03-31T01:00:00.000Z,1,30,20160331011
2016-03-31T02:00:00.000Z,1,26,20160331021
2016-03-31T03:00:00.000Z,1,24,20160331031
2016-03-31T04:00:00.000Z,1,18,20160331041
2016-03-31T05:00:00.000Z,1,18,20160331051
2016-03-31T06:00:00.000Z,1,18,20160331061
2016-03-31T07:00:00.000Z,1,22,20160331071
2016-03-31T08:00:00.000Z,1,25,20160331081
2016-03-31T09:00:00.000Z,1,28,20160331091
2016-03-31T10:00:00.000Z,1,40,20160331101
2016-03-31T11:00:00.000Z,1,41,20160331111
2016-03-31T12:00:00.000Z,1,41,20160331121
2016-03-31T13:00:00.000Z,1,36,20160331131
2016-03-31T14:00:00.000Z,1,42,20160331141
2016-03-31T15:00:00.000Z,1,41,20160331151
2016-03-31T16:00:00.000Z,1,40,20160331161
2016-03-31T17:00:00.000Z,1,37,20160331171
2016-03-31T18:00:00.000Z,1,44,20160331181
2016-03-31T19:00:00.000Z,1,45,20160331191
2016-03-31T20:00:00.000Z,1,40,20160331201
2016-03-31T21:00:00.000Z,1,38,20160331211
2016-03-31T22:00:00.000Z,1,32,20160331221
2016-03-31T23:00:00.000Z,1,37,20160331231
2016-04-01T00:00:00.000Z,1,35,20160401001
2016-04-01T01:00:00.000Z,1,30,20160401011
2016-04-01T02:00:00.000Z,1,23,20160401021
2016-04-01T03:00:00.000Z,1,22,20160401031
2016-04-01T04:00:00.000Z,1,18,20160401041
2016-04-01T05:00:00.000Z,1,17,20160401051
2016-04-01T06:00:00.000Z,1,18,20160401061
2016-04-01T07:00:00.000Z,1,22,20160401071
2016-04-01T08:00:00.000Z,1,23,20160401081
2016-04-01T09:00:00.000Z,1,28,20160401091
2016-04-01T10:00:00.000Z,1,34,20160401101
2016-04-01T11:00:00.000Z,1,45,20160401111
2016-04-01T12:00:00.000Z,1,50,20160401121
2016-04-01T13:00:00.000Z,1,43,20160401131
2016-04-01T14:00:00.000Z,1,40,20160401141
2016-04-01T15:00:00.000Z,1,43,20160401151
2016-04-01T16:00:00.000Z,1,37,20160401161
2016-04-01T17:00:00.000Z,1,35,20160401171
2016-04-01T18:00:00.000Z,1,40,20160401181
2016-04-01T19:00:00.000Z,1,40,20160401191
2016-04-01T20:00:00.000Z,1,37,20160401201
2016-04-01T21:00:00.000Z,1,38,20160401211
2016-04-01T22:00:00.000Z,1,34,20160401221
2016-04-01T23:00:00.000Z,1,31,20160401231
2016-04-02T00:00:00.000Z,1,32,20160402001
2016-04-02T01:00:00.000Z,1,24,20160402011
2016-04-02T02:00:00.000Z,1,20,20160402021
2016-04-02T03:00:00.000Z,1,14,20160402031
2016-04-02T04:00:00.000Z,1,16,20160402041
2016-04-02T05:00:00.000Z,1,11,20160402051
2016-04-02T06:00:00.000Z,1,14,20160402061
2016-04-02T07:00:00.000Z,1,16,20160402071
2016-04-02T08:00:00.000Z,1,17,20160402081
2016-04-02T09:00:00.000Z,1,20,20160402091
2016-04-02T10:00:00.000Z,1,21,20160402101
2016-04-02T11:00:00.000Z,1,25,20160402111
2016-04-02T12:00:00.000Z,1,26,20160402121
2016-04-02T13:00:00.000Z,1,26,20160402131
2016-04-02T14:00:00.000Z,1,24,20160402141
2016-04-02T15:00:00.000Z,1,24,20160402151
2016-04-02T16:00:00.000Z,1,28,20160402161
2016-04-02T17:00:00.000Z,1,27,20160402171
2016-04-02T18:00:00.000Z,1,31,20160402181
2016-04-02T19:00:00.000Z,1,29,20160402191
2016-04-02T20:00:00.000Z,1,29,20160402201
2016-04-02T21:00:00.000Z,1,32,20160402211
2016-04-02T22:00:00.000Z,1,31,20160402221
2016-04-02T23:00:00.000Z,1,32,20160402231
2016-04-03T00:00:00.000Z,1,28,20160403001
2016-04-03T01:00:00.000Z,1,21,20160403011
2016-04-03T02:00:00.000Z,1,20,20160403021
2016-04-03T03:00:00.000Z,1,20,20160403031
2016-04-03T04:00:00.000Z,1,14,20160403041
2016-04-03T05:00:00.000Z,1,13,20160403051
2016-04-03T06:00:00.000Z,1,13,20160403061
2016-04-03T07:00:00.000Z,1,20,20160403071
2016-04-03T08:00:00.000Z,1,17,20160403081
2016-04-03T09:00:00.000Z,1,26,20160403091
2016-04-03T10:00:00.000Z,1,27,20160403101
2016-04-03T11:00:00.000Z,1,25,20160403111
2016-04-03T12:00:00.000Z,1,24,20160403121
2016-04-03T13:00:00.000Z,1,25,20160403131
2016-04-03T14:00:00.000Z,1,24,20160403141
2016-04-03T15:00:00.000Z,1,27,20160403151
2016-04-03T16:00:00.000Z,1,25,20160403161
2016-04-03T17:00:00.000Z,1,27,20160403171
2016-04-03T18:00:00.000Z,1,30,20160403181
2016-04-03T19:00:00.000Z,1,28,20160403191
2016-04-03T20:00:00.000Z,1,27,20160403201
2016-04-03T21:00:00.000Z,1,29,20160403211
2016-04-03T22:00:00.000Z,1,26,20160403221
2016-04-03T23:00:00.000Z,1,28,20160403231
2016-04-04T00:00:00.000Z,1,28,20160404001
2016-04-04T01:00:00.000Z,1,24,20160404011
2016-04-04T02:00:00.000Z,1,21,20160404021
2016-04-04T03:00:00.000Z,1,19,20160404031
2016-04-04T04:00:00.000Z,1,17,20160404041
2016-04-04T05:00:00.000Z,1,17,20160404051
2016-04-04T06:00:00.000Z,1,16,20160404061
2016-04-04T07:00:00.000Z,1,20,20160404071
2016-04-04T08:00:00.000Z,1,27,20160404081
2016-04-04T09:00:00.000Z,1,28,20160404091
2016-04-04T10:00:00.000Z,1,39,20160404101
2016-04-04T11:00:00.000Z,1,53,20160404111
2016-04-04T12:00:00.000Z,1,50,20160404121
2016-04-04T13:00:00.000Z,1,42,20160404131
2016-04-04T14:00:00.000Z,1,44,20160404141
2016-04-04T15:00:00.000Z,1,45,20160404151
2016-04-04T16:00:00.000Z,1,45,20160404161
2016-04-04T17:00:00.000Z,1,44,20160404171
2016-04-04T18:00:00.000Z,1,44,20160404181
2016-04-04T19:00:00.000Z,1,48,20160404191
2016-04-04T20:00:00.000Z,1,43,20160404201
2016-04-04T21:00:00.000Z,1,40,20160404211
2016-04-04T22:00:00.000Z,1,39,20160404221
2016-04-04T23:00:00.000Z,1,41,20160404231
2016-04-05T00:00:00.000Z,1,35,20160405001
2016-04-05T01:00:00.000Z,1,29,20160405011
2016-04-05T02:00:00.000Z,1,26,20160405021
2016-04-05T03:00:00.000Z,1,20,20160405031
2016-04-05T04:00:00.000Z,1,18,20160405041
2016-04-05T05:00:00.000Z,1,17,20160405051
2016-04-05T06:00:00.000Z,1,19,20160405061
2016-04-05T07:00:00.000Z,1,25,20160405071
2016-04-05T08:00:00.000Z,1,29,20160405081
2016-04-05T09:00:00.000Z,1,30,20160405091
2016-04-05T10:00:00.000Z,1,43,20160405101
2016-04-05T11:00:00.000Z,1,44,20160405111
2016-04-05T12:00:00.000Z,1,45,20160405121
2016-04-05T13:00:00.000Z,1,38,20160405131
2016-04-05T14:00:00.000Z,1,45,20160405141
2016-04-05T15:00:00.000Z,1,43,20160405151
2016-04-05T16:00:00.000Z,1,40,20160405161
2016-04-05T17:00:00.000Z,1,42,20160405171
2016-04-05T18:00:00.000Z,1,43,20160405181
2016-04-05T19:00:00.000Z,1,44,20160405191
2016-04-05T20:00:00.000Z,1,39,20160405201
2016-04-05T21:00:00.000Z,1,40,20160405211
2016-04-05T22:00:00.000Z,1,39,20160405221
2016-04-05T23:00:00.000Z,1,41,20160405231
2016-04-06T00:00:00.000Z,1,35,20160406001
2016-04-06T01:00:00.000Z,1,32,20160406011
2016-04-06T02:00:00.000Z,1,23,20160406021
2016-04-06T03:00:00.000Z,1,18,20160406031
2016-04-06T04:00:00.000Z,1,18,20160406041
2016-04-06T05:00:00.000Z,1,16,20160406051
2016-04-06T06:00:00.000Z,1,19,20160406061
2016-04-06T07:00:00.000Z,1,23,20160406071
2016-04-06T08:00:00.000Z,1,21,20160406081
2016-04-06T09:00:00.000Z,1,25,20160406091
2016-04-06T10:00:00.000Z,1,39,20160406101
2016-04-06T11:00:00.000Z,1,41,20160406111
2016-04-06T12:00:00.000Z,1,41,20160406121
2016-04-06T13:00:00.000Z,1,39,20160406131
2016-04-06T14:00:00.000Z,1,41,20160406141
2016-04-06T15:00:00.000Z,1,38,20160406151
2016-04-06T16:00:00.000Z,1,36,20160406161
2016-04-06T17:00:00.000Z,1,37,20160406171
2016-04-06T18:00:00.000Z,1,46,20160406181
2016-04-06T19:00:00.000Z,1,46,20160406191
2016-04-06T20:00:00.000Z,1,45,20160406201
2016-04-06T21:00:00.000Z,1,43,20160406211
2016-04-06T22:00:00.000Z,1,39,20160406221
2016-04-06T23:00:00.000Z,1,35,20160406231
2016-04-07T00:00:00.000Z,1,34,20160407001
2016-04-07T01:00:00.000Z,1,25,20160407011
2016-04-07T02:00:00.000Z,1,27,20160407021
2016-04-07T03:00:00.000Z,1,22,20160407031
2016-04-07T04:00:00.000Z,1,20,20160407041
2016-04-07T05:00:00.000Z,1,17,20160407051
2016-04-07T06:00:00.000Z,1,20,20160407061
2016-04-07T07:00:00.000Z,1,26,20160407071
2016-04-07T08:00:00.000Z,1,23,20160407081
2016-04-07T09:00:00.000Z,1,28,20160407091
2016-04-07T10:00:00.000Z,1,48,20160407101
2016-04-07T11:00:00.000Z,1,46,20160407111
2016-04-07T12:00:00.000Z,1,45,20160407121
2016-04-07T13:00:00.000Z,1,41,20160407131
2016-04-07T14:00:00.000Z,1,46,20160407141
2016-04-07T15:00:00.000Z,1,43,20160407151
2016-04-07T16:00:00.000Z,1,43,20160407161
2016-04-07T17:00:00.000Z,1,45,20160407171
2016-04-07T18:00:00.000Z,1,42,20160407181
2016-04-07T19:00:00.000Z,1,45,20160407191
2016-04-07T20:00:00.000Z,1,42,20160407201
2016-04-07T21:00:00.000Z,1,40,20160407211
2016-04-07T22:00:00.000Z,1,39,20160407221
2016-04-07T23:00:00.000Z,1,32,20160407231
2016-04-08T00:00:00.000Z,1,34,20160408001
2016-04-08T01:00:00.000Z,1,29,20160408011
2016-04-08T02:00:00.000Z,1,24,20160408021
2016-04-08T03:00:00.000Z,1,19,20160408031
2016-04-08T04:00:00.000Z,1,15,20160408041
2016-04-08T05:00:00.000Z,1,17,20160408051
2016-04-08T06:00:00.000Z,1,19,20160408061
2016-04-08T07:00:00.000Z,1,21,20160408071
2016-04-08T08:00:00.000Z,1,20,20160408081
2016-04-08T09:00:00.000Z,1,23,20160408091
2016-04-08T10:00:00.000Z,1,27,20160408101
2016-04-08T11:00:00.000Z,1,34,20160408111
2016-04-08T12:00:00.000Z,1,36,20160408121
2016-04-08T13:00:00.000Z,1,34,20160408131
2016-04-08T14:00:00.000Z,1,34,20160408141
2016-04-08T15:00:00.000Z,1,34,20160408151
2016-04-08T16:00:00.000Z,1,30,20160408161
2016-04-08T17:00:00.000Z,1,30,20160408171
2016-04-08T18:00:00.000Z,1,34,20160408181
2016-04-08T19:00:00.000Z,1,39,20160408191
2016-04-08T20:00:00.000Z,1,36,20160408201
2016-04-08T21:00:00.000Z,1,31,20160408211
2016-04-08T22:00:00.000Z,1,33,20160408221
2016-04-08T23:00:00.000Z,1,28,20160408231
2016-04-09T00:00:00.000Z,1,28,20160409001
2016-04-09T01:00:00.000Z,1,24,20160409011
2016-04-09T02:00:00.000Z,1,22,20160409021
2016-04-09T03:00:00.000Z,1,19,20160409031
2016-04-09T04:00:00.000Z,1,16,20160409041
2016-04-09T05:00:00.000Z,1,13,20160409051
2016-04-09T06:00:00.000Z,1,13,20160409061
2016-04-09T07:00:00.000Z,1,16,20160409071
2016-04-09T08:00:00.000Z,1,17,20160409081
2016-04-09T09:00:00.000Z,1,21,20160409091
2016-04-09T10:00:00.000Z,1,31,20160409101
2016-04-09T11:00:00.000Z,1,31,20160409111
2016-04-09T12:00:00.000Z,1,30,20160409121
2016-04-09T13:00:00.000Z,1,23,20160409131
2016-04-09T14:00:00.000Z,1,24,20160409141
2016-04-09T15:00:00.000Z,1,22,20160409151
2016-04-09T16:00:00.000Z,1,24,20160409161
2016-04-09T17:00:00.000Z,1,27,20160409171
2016-04-09T18:00:00.000Z,1,27,20160409181
2016-04-09T19:00:00.000Z,1,29,20160409191
2016-04-09T20:00:00.000Z,1,29,20160409201
2016-04-09T21:00:00.000Z,1,30,20160409211
2016-04-09T22:00:00.000Z,1,28,20160409221
2016-04-09T23:00:00.000Z,1,29,20160409231
2016-04-10T00:00:00.000Z,1,30,20160410001
2016-04-10T01:00:00.000Z,1,19,20160410011
2016-04-10T02:00:00.000Z,1,21,20160410021
2016-04-10T03:00:00.000Z,1,15,20160410031
2016-04-10T04:00:00.000Z,1,16,20160410041
2016-04-10T05:00:00.000Z,1,11,20160410051
2016-04-10T06:00:00.000Z,1,13,20160410061
2016-04-10T07:00:00.000Z,1,14,20160410071
2016-04-10T08:00:00.000Z,1,16,20160410081
2016-04-10T09:00:00.000Z,1,19,20160410091
2016-04-10T10:00:00.000Z,1,24,20160410101
2016-04-10T11:00:00.000Z,1,23,20160410111
2016-04-10T12:00:00.000Z,1,25,20160410121
2016-04-10T13:00:00.000Z,1,26,20160410131
2016-04-10T14:00:00.000Z,1,25,20160410141
2016-04-10T15:00:00.000Z,1,23,20160410151
2016-04-10T16:00:00.000Z,1,20,20160410161
2016-04-10T17:00:00.000Z,1,25,20160410171
2016-04-10T18:00:00.000Z,1,28,20160410181
2016-04-10T19:00:00.000Z,1,29,20160410191
2016-04-10T20:00:00.000Z,1,30,20160410201
2016-04-10T21:00:00.000Z,1,27,20160410211
2016-04-10T22:00:00.000Z,1,31,20160410221
2016-04-10T23:00:00.000Z,1,30,20160410231
2016-04-11T00:00:00.000Z,1,23,20160411001
2016-04-11T01:00:00.000Z,1,21,20160411011
2016-04-11T02:00:00.000Z,1,19,20160411021
2016-04-11T03:00:00.000Z,1,17,20160411031
2016-04-11T04:00:00.000Z,1,13,20160411041
2016-04-11T05:00:00.000Z,1,15,20160411051
2016-04-11T06:00:00.000Z,1,17,20160411061
2016-04-11T07:00:00.000Z,1,21,20160411071
2016-04-11T08:00:00.000Z,1,21,20160411081
2016-04-11T09:00:00.000Z,1,28,20160411091
2016-04-11T10:00:00.000Z,1,33,20160411101
2016-04-11T11:00:00.000Z,1,41,20160411111
2016-04-11T12:00:00.000Z,1,39,20160411121
2016-04-11T13:00:00.000Z,1,38,20160411131
2016-04-11T14:00:00.000Z,1,44,20160411141
2016-04-11T15:00:00.000Z,1,38,20160411151
2016-04-11T16:00:00.000Z,1,42,20160411161
2016-04-11T17:00:00.000Z,1,42,20160411171
2016-04-11T18:00:00.000Z,1,46,20160411181
2016-04-11T19:00:00.000Z,1,43,20160411191
2016-04-11T20:00:00.000Z,1,46,20160411201
2016-04-11T21:00:00.000Z,1,39,20160411211
2016-04-11T22:00:00.000Z,1,43,20160411221
2016-04-11T23:00:00.000Z,1,36,20160411231
2016-04-12T00:00:00.000Z,1,36,20160412001
2016-04-12T01:00:00.000Z,1,32,20160412011
2016-04-12T02:00:00.000Z,1,23,20160412021
2016-04-12T03:00:00.000Z,1,19,20160412031
2016-04-12T04:00:00.000Z,1,20,20160412041
2016-04-12T05:00:00.000Z,1,14,20160412051
2016-04-12T06:00:00.000Z,1,18,20160412061
2016-04-12T07:00:00.000Z,1,20,20160412071
2016-04-12T08:00:00.000Z,1,25,20160412081
2016-04-12T09:00:00.000Z,1,38,20160412091
2016-04-12T10:00:00.000Z,1,53,20160412101
2016-04-12T11:00:00.000Z,1,53,20160412111
2016-04-12T12:00:00.000Z,1,54,20160412121
2016-04-12T13:00:00.000Z,1,48,20160412131
2016-04-12T14:00:00.000Z,1,48,20160412141
2016-04-12T15:00:00.000Z,1,48,20160412151
2016-04-12T16:00:00.000Z,1,41,20160412161
2016-04-12T17:00:00.000Z,1,45,20160412171
2016-04-12T18:00:00.000Z,1,50,20160412181
2016-04-12T19:00:00.000Z,1,48,20160412191
2016-04-12T20:00:00.000Z,1,47,20160412201
2016-04-12T21:00:00.000Z,1,41,20160412211
2016-04-12T22:00:00.000Z,1,38,20160412221
2016-04-12T23:00:00.000Z,1,38,20160412231
2016-04-13T00:00:00.000Z,1,36,20160413001
2016-04-13T01:00:00.000Z,1,33,20160413011
2016-04-13T02:00:00.000Z,1,28,20160413021
2016-04-13T03:00:00.000Z,1,22,20160413031
2016-04-13T04:00:00.000Z,1,18,20160413041
2016-04-13T05:00:00.000Z,1,19,20160413051
2016-04-13T06:00:00.000Z,1,25,20160413061
2016-04-13T07:00:00.000Z,1,27,20160413071
2016-04-13T08:00:00.000Z,1,24,20160413081
2016-04-13T09:00:00.000Z,1,33,20160413091
2016-04-13T10:00:00.000Z,1,45,20160413101
2016-04-13T11:00:00.000Z,1,41,20160413111
2016-04-13T12:00:00.000Z,1,46,20160413121
2016-04-13T13:00:00.000Z,1,40,20160413131
2016-04-13T14:00:00.000Z,1,38,20160413141
2016-04-13T15:00:00.000Z,1,43,20160413151
2016-04-13T16:00:00.000Z,1,40,20160413161
2016-04-13T17:00:00.000Z,1,39,20160413171
2016-04-13T18:00:00.000Z,1,41,20160413181
2016-04-13T19:00:00.000Z,1,43,20160413191
2016-04-13T20:00:00.000Z,1,39,20160413201
2016-04-13T21:00:00.000Z,1,35,20160413211
2016-04-13T22:00:00.000Z,1,37,20160413221
2016-04-13T23:00:00.000Z,1,35,20160413231
2016-04-14T00:00:00.000Z,1,33,20160414001
2016-04-14T01:00:00.000Z,1,27,20160414011
2016-04-14T02:00:00.000Z,1,25,20160414021
2016-04-14T03:00:00.000Z,1,21,20160414031
2016-04-14T04:00:00.000Z,1,18,20160414041
2016-04-14T05:00:00.000Z,1,17,20160414051
2016-04-14T06:00:00.000Z,1,17,20160414061
2016-04-14T07:00:00.000Z,1,21,20160414071
2016-04-14T08:00:00.000Z,1,21,20160414081
2016-04-14T09:00:00.000Z,1,28,20160414091
2016-04-14T10:00:00.000Z,1,35,20160414101
2016-04-14T11:00:00.000Z,1,41,20160414111
2016-04-14T12:00:00.000Z,1,36,20160414121
2016-04-14T13:00:00.000Z,1,36,20160414131
2016-04-14T14:00:00.000Z,1,42,20160414141
2016-04-14T15:00:00.000Z,1,43,20160414151
2016-04-14T16:00:00.000Z,1,45,20160414161
2016-04-14T17:00:00.000Z,1,47,20160414171
2016-04-14T18:00:00.000Z,1,45,20160414181
2016-04-14T19:00:00.000Z,1,45,20160414191
2016-04-14T20:00:00.000Z,1,37,20160414201
2016-04-14T21:00:00.000Z,1,36,20160414211
2016-04-14T22:00:00.000Z,1,35,20160414221
2016-04-14T23:00:00.000Z,1,36,20160414231
2016-04-15T00:00:00.000Z,1,32,20160415001
2016-04-15T01:00:00.000Z,1,29,20160415011
2016-04-15T02:00:00.000Z,1,23,20160415021
2016-04-15T03:00:00.000Z,1,21,20160415031
2016-04-15T04:00:00.000Z,1,18,20160415041
2016-04-15T05:00:00.000Z,1,16,20160415051
2016-04-15T06:00:00.000Z,1,15,20160415061
2016-04-15T07:00:00.000Z,1,22,20160415071
2016-04-15T08:00:00.000Z,1,20,20160415081
2016-04-15T09:00:00.000Z,1,33,20160415091
2016-04-15T10:00:00.000Z,1,39,20160415101
2016-04-15T11:00:00.000Z,1,42,20160415111
2016-04-15T12:00:00.000Z,1,44,20160415121
2016-04-15T13:00:00.000Z,1,38,20160415131
2016-04-15T14:00:00.000Z,1,42,20160415141
2016-04-15T15:00:00.000Z,1,36,20160415151
2016-04-15T16:00:00.000Z,1,40,20160415161
2016-04-15T17:00:00.000Z,1,37,20160415171
2016-04-15T18:00:00.000Z,1,37,20160415181
2016-04-15T19:00:00.000Z,1,40,20160415191
2016-04-15T20:00:00.000Z,1,37,20160415201
2016-04-15T21:00:00.000Z,1,40,20160415211
2016-04-15T22:00:00.000Z,1,34,20160415221
2016-04-15T23:00:00.000Z,1,33,20160415231
2016-04-16T00:00:00.000Z,1,33,20160416001
2016-04-16T01:00:00.000Z,1,24,20160416011
2016-04-16T02:00:00.000Z,1,24,20160416021
2016-04-16T03:00:00.000Z,1,21,20160416031
2016-04-16T04:00:00.000Z,1,15,20160416041
2016-04-16T05:00:00.000Z,1,14,20160416051
2016-04-16T06:00:00.000Z,1,14,20160416061
2016-04-16T07:00:00.000Z,1,17,20160416071
2016-04-16T08:00:00.000Z,1,15,20160416081
2016-04-16T09:00:00.000Z,1,21,20160416091
2016-04-16T10:00:00.000Z,1,28,20160416101
2016-04-16T11:00:00.000Z,1,26,20160416111
2016-04-16T12:00:00.000Z,1,26,20160416121
2016-04-16T13:00:00.000Z,1,24,20160416131
2016-04-16T14:00:00.000Z,1,22,20160416141
2016-04-16T15:00:00.000Z,1,22,20160416151
2016-04-16T16:00:00.000Z,1,23,20160416161
2016-04-16T17:00:00.000Z,1,20,20160416171
2016-04-16T18:00:00.000Z,1,25,20160416181
2016-04-16T19:00:00.000Z,1,32,20160416191
2016-04-16T20:00:00.000Z,1,28,20160416201
2016-04-16T21:00:00.000Z,1,27,20160416211
2016-04-16T22:00:00.000Z,1,28,20160416221
2016-04-16T23:00:00.000Z,1,25,20160416231
2016-04-17T00:00:00.000Z,1,25,20160417001
2016-04-17T01:00:00.000Z,1,25,20160417011
2016-04-17T02:00:00.000Z,1,18,20160417021
2016-04-17T03:00:00.000Z,1,15,20160417031
2016-04-17T04:00:00.000Z,1,13,20160417041
2016-04-17T05:00:00.000Z,1,13,20160417051
2016-04-17T06:00:00.000Z,1,15,20160417061
2016-04-17T07:00:00.000Z,1,13,20160417071
2016-04-17T08:00:00.000Z,1,20,20160417081
2016-04-17T09:00:00.000Z,1,23,20160417091
2016-04-17T10:00:00.000Z,1,23,20160417101
2016-04-17T11:00:00.000Z,1,26,20160417111
2016-04-17T12:00:00.000Z,1,26,20160417121
2016-04-17T13:00:00.000Z,1,24,20160417131
2016-04-17T14:00:00.000Z,1,26,20160417141
2016-04-17T15:00:00.000Z,1,24,20160417151
2016-04-17T16:00:00.000Z,1,27,20160417161
2016-04-17T17:00:00.000Z,1,30,20160417171
2016-04-17T18:00:00.000Z,1,28,20160417181
2016-04-17T19:00:00.000Z,1,33,20160417191
2016-04-17T20:00:00.000Z,1,29,20160417201
2016-04-17T21:00:00.000Z,1,30,20160417211
2016-04-17T22:00:00.000Z,1,29,20160417221
2016-04-17T23:00:00.000Z,1,27,20160417231
2016-04-18T00:00:00.000Z,1,30,20160418001
2016-04-18T01:00:00.000Z,1,24,20160418011
2016-04-18T02:00:00.000Z,1,20,20160418021
2016-04-18T03:00:00.000Z,1,18,20160418031
2016-04-18T04:00:00.000Z,1,16,20160418041
2016-04-18T05:00:00.000Z,1,15,20160418051
2016-04-18T06:00:00.000Z,1,20,20160418061
2016-04-18T07:00:00.000Z,1,20,20160418071
2016-04-18T08:00:00.000Z,1,26,20160418081
2016-04-18T09:00:00.000Z,1,36,20160418091
2016-04-18T10:00:00.000Z,1,45,20160418101
2016-04-18T11:00:00.000Z,1,47,20160418111
2016-04-18T12:00:00.000Z,1,49,20160418121
2016-04-18T13:00:00.000Z,1,48,20160418131
2016-04-18T14:00:00.000Z,1,47,20160418141
2016-04-18T15:00:00.000Z,1,48,20160418151
2016-04-18T16:00:00.000Z,1,45,20160418161
2016-04-18T17:00:00.000Z,1,45,20160418171
2016-04-18T18:00:00.000Z,1,47,20160418181
2016-04-18T19:00:00.000Z,1,48,20160418191
2016-04-18T20:00:00.000Z,1,45,20160418201
2016-04-18T21:00:00.000Z,1,43,20160418211
2016-04-18T22:00:00.000Z,1,43,20160418221
2016-04-18T23:00:00.000Z,1,41,20160418231
2016-04-19T00:00:00.000Z,1,37,20160419001
2016-04-19T01:00:00.000Z,1,34,20160419011
2016-04-19T02:00:00.000Z,1,31,20160419021
2016-04-19T03:00:00.000Z,1,27,20160419031
2016-04-19T04:00:00.000Z,1,22,20160419041
2016-04-19T05:00:00.000Z,1,27,20160419051
2016-04-19T06:00:00.000Z,1,23,20160419061
2016-04-19T07:00:00.000Z,1,27,20160419071
2016-04-19T08:00:00.000Z,1,32,20160419081
2016-04-19T09:00:00.000Z,1,32,20160419091
2016-04-19T10:00:00.000Z,1,38,20160419101
2016-04-19T11:00:00.000Z,1,45,20160419111
2016-04-19T12:00:00.000Z,1,46,20160419121
2016-04-19T13:00:00.000Z,1,37,20160419131
2016-04-19T14:00:00.000Z,1,43,20160419141
2016-04-19T15:00:00.000Z,1,44,20160419151
2016-04-19T16:00:00.000Z,1,44,20160419161
2016-04-19T17:00:00.000Z,1,44,20160419171
2016-04-19T18:00:00.000Z,1,44,20160419181
2016-04-19T19:00:00.000Z,1,45,20160419191
2016-04-19T20:00:00.000Z,1,41,20160419201
2016-04-19T21:00:00.000Z,1,42,20160419211
2016-04-19T22:00:00.000Z,1,40,20160419221
2016-04-19T23:00:00.000Z,1,39,20160419231
2016-04-20T00:00:00.000Z,1,35,20160420001
2016-04-20T01:00:00.000Z,1,32,20160420011
2016-04-20T02:00:00.000Z,1,27,20160420021
2016-04-20T03:00:00.000Z,1,21,20160420031
2016-04-20T04:00:00.000Z,1,19,20160420041
2016-04-20T05:00:00.000Z,1,18,20160420051
2016-04-20T06:00:00.000Z,1,20,20160420061
2016-04-20T07:00:00.000Z,1,25,20160420071
2016-04-20T08:00:00.000Z,1,25,20160420081
2016-04-20T09:00:00.000Z,1,29,20160420091
2016-04-20T10:00:00.000Z,1,35,20160420101
2016-04-20T11:00:00.000Z,1,44,20160420111
2016-04-20T12:00:00.000Z,1,42,20160420121
2016-04-20T13:00:00.000Z,1,36,20160420131
2016-04-20T14:00:00.000Z,1,42,20160420141
2016-04-20T15:00:00.000Z,1,41,20160420151
2016-04-20T16:00:00.000Z,1,41,20160420161
2016-04-20T17:00:00.000Z,1,40,20160420171
2016-04-20T18:00:00.000Z,1,39,20160420181
2016-04-20T19:00:00.000Z,1,43,20160420191
2016-04-20T20:00:00.000Z,1,40,20160420201
2016-04-20T21:00:00.000Z,1,38,20160420211
2016-04-20T22:00:00.000Z,1,35,20160420221
2016-04-20T23:00:00.000Z,1,31,20160420231
2016-04-21T00:00:00.000Z,1,34,20160421001
2016-04-21T01:00:00.000Z,1,29,20160421011
2016-04-21T02:00:00.000Z,1,25,20160421021
2016-04-21T03:00:00.000Z,1,19,20160421031
2016-04-21T04:00:00.000Z,1,17,20160421041
2016-04-21T05:00:00.000Z,1,18,20160421051
2016-04-21T06:00:00.000Z,1,20,20160421061
2016-04-21T07:00:00.000Z,1,25,20160421071
2016-04-21T08:00:00.000Z,1,21,20160421081
2016-04-21T09:00:00.000Z,1,29,20160421091
2016-04-21T10:00:00.000Z,1,43,20160421101
2016-04-21T11:00:00.000Z,1,45,20160421111
2016-04-21T12:00:00.000Z,1,43,20160421121
2016-04-21T13:00:00.000Z,1,40,20160421131
2016-04-21T14:00:00.000Z,1,41,20160421141
2016-04-21T15:00:00.000Z,1,40,20160421151
2016-04-21T16:00:00.000Z,1,39,20160421161
2016-04-21T17:00:00.000Z,1,39,20160421171
2016-04-21T18:00:00.000Z,1,41,20160421181
2016-04-21T19:00:00.000Z,1,40,20160421191
2016-04-21T20:00:00.000Z,1,38,20160421201
2016-04-21T21:00:00.000Z,1,39,20160421211
2016-04-21T22:00:00.000Z,1,32,20160421221
2016-04-21T23:00:00.000Z,1,35,20160421231
2016-04-22T00:00:00.000Z,1,29,20160422001
2016-04-22T01:00:00.000Z,1,25,20160422011
2016-04-22T02:00:00.000Z,1,24,20160422021
2016-04-22T03:00:00.000Z,1,20,20160422031
2016-04-22T04:00:00.000Z,1,18,20160422041
2016-04-22T05:00:00.000Z,1,13,20160422051
2016-04-22T06:00:00.000Z,1,17,20160422061
2016-04-22T07:00:00.000Z,1,21,20160422071
2016-04-22T08:00:00.000Z,1,20,20160422081
2016-04-22T09:00:00.000Z,1,27,20160422091
2016-04-22T10:00:00.000Z,1,37,20160422101
2016-04-22T11:00:00.000Z,1,39,20160422111
2016-04-22T12:00:00.000Z,1,41,20160422121
2016-04-22T13:00:00.000Z,1,40,20160422131
2016-04-22T14:00:00.000Z,1,41,20160422141
2016-04-22T15:00:00.000Z,1,41,20160422151
2016-04-22T16:00:00.000Z,1,37,20160422161
2016-04-22T17:00:00.000Z,1,35,20160422171
2016-04-22T18:00:00.000Z,1,38,20160422181
2016-04-22T19:00:00.000Z,1,39,20160422191
2016-04-22T20:00:00.000Z,1,37,20160422201
2016-04-22T21:00:00.000Z,1,38,20160422211
2016-04-22T22:00:00.000Z,1,34,20160422221
2016-04-22T23:00:00.000Z,1,33,20160422231
2016-04-23T00:00:00.000Z,1,32,20160423001
2016-04-23T01:00:00.000Z,1,28,20160423011
2016-04-23T02:00:00.000Z,1,22,20160423021
2016-04-23T03:00:00.000Z,1,18,20160423031
2016-04-23T04:00:00.000Z,1,14,20160423041
2016-04-23T05:00:00.000Z,1,14,20160423051
2016-04-23T06:00:00.000Z,1,16,20160423061
2016-04-23T07:00:00.000Z,1,18,20160423071
2016-04-23T08:00:00.000Z,1,18,20160423081
2016-04-23T09:00:00.000Z,1,22,20160423091
2016-04-23T10:00:00.000Z,1,29,20160423101
2016-04-23T11:00:00.000Z,1,31,20160423111
2016-04-23T12:00:00.000Z,1,30,20160423121
2016-04-23T13:00:00.000Z,1,25,20160423131
2016-04-23T14:00:00.000Z,1,27,20160423141
2016-04-23T15:00:00.000Z,1,25,20160423151
2016-04-23T16:00:00.000Z,1,23,20160423161
2016-04-23T17:00:00.000Z,1,24,20160423171
2016-04-23T18:00:00.000Z,1,30,20160423181
2016-04-23T19:00:00.000Z,1,31,20160423191
2016-04-23T20:00:00.000Z,1,34,20160423201
2016-04-23T21:00:00.000Z,1,28,20160423211
2016-04-23T22:00:00.000Z,1,29,20160423221
2016-04-23T23:00:00.000Z,1,32,20160423231
2016-04-24T00:00:00.000Z,1,30,20160424001
2016-04-24T01:00:00.000Z,1,25,20160424011
2016-04-24T02:00:00.000Z,1,21,20160424021
2016-04-24T03:00:00.000Z,1,17,20160424031
2016-04-24T04:00:00.000Z,1,16,20160424041
2016-04-24T05:00:00.000Z,1,11,20160424051
2016-04-24T06:00:00.000Z,1,14,20160424061
2016-04-24T07:00:00.000Z,1,15,20160424071
2016-04-24T08:00:00.000Z,1,18,20160424081
2016-04-24T09:00:00.000Z,1,24,20160424091
2016-04-24T10:00:00.000Z,1,23,20160424101
2016-04-24T11:00:00.000Z,1,26,20160424111
2016-04-24T12:00:00.000Z,1,27,20160424121
2016-04-24T13:00:00.000Z,1,28,20160424131
2016-04-24T14:00:00.000Z,1,23,20160424141
2016-04-24T15:00:00.000Z,1,23,20160424151
2016-04-24T16:00:00.000Z,1,25,20160424161
2016-04-24T17:00:00.000Z,1,24,20160424171
2016-04-24T18:00:00.000Z,1,35,20160424181
2016-04-24T19:00:00.000Z,1,37,20160424191
2016-04-24T20:00:00.000Z,1,35,20160424201
2016-04-24T21:00:00.000Z,1,34,20160424211
2016-04-24T22:00:00.000Z,1,31,20160424221
2016-04-24T23:00:00.000Z,1,34,20160424231
2016-04-25T00:00:00.000Z,1,31,20160425001
2016-04-25T01:00:00.000Z,1,24,20160425011
2016-04-25T02:00:00.000Z,1,22,20160425021
2016-04-25T03:00:00.000Z,1,16,20160425031
2016-04-25T04:00:00.000Z,1,20,20160425041
2016-04-25T05:00:00.000Z,1,17,20160425051
2016-04-25T06:00:00.000Z,1,17,20160425061
2016-04-25T07:00:00.000Z,1,23,20160425071
2016-04-25T08:00:00.000Z,1,29,20160425081
2016-04-25T09:00:00.000Z,1,47,20160425091
2016-04-25T10:00:00.000Z,1,62,20160425101
2016-04-25T11:00:00.000Z,1,61,20160425111
2016-04-25T12:00:00.000Z,1,56,20160425121
2016-04-25T13:00:00.000Z,1,48,20160425131
2016-04-25T14:00:00.000Z,1,50,20160425141
2016-04-25T15:00:00.000Z,1,51,20160425151
2016-04-25T16:00:00.000Z,1,50,20160425161
2016-04-25T17:00:00.000Z,1,52,20160425171
2016-04-25T18:00:00.000Z,1,52,20160425181
2016-04-25T19:00:00.000Z,1,49,20160425191
2016-04-25T20:00:00.000Z,1,48,20160425201
2016-04-25T21:00:00.000Z,1,40,20160425211
2016-04-25T22:00:00.000Z,1,43,20160425221
2016-04-25T23:00:00.000Z,1,42,20160425231
2016-04-26T00:00:00.000Z,1,39,20160426001
2016-04-26T01:00:00.000Z,1,34,20160426011
2016-04-26T02:00:00.000Z,1,32,20160426021
2016-04-26T03:00:00.000Z,1,25,20160426031
2016-04-26T04:00:00.000Z,1,16,20160426041
2016-04-26T05:00:00.000Z,1,21,20160426051
2016-04-26T06:00:00.000Z,1,25,20160426061
2016-04-26T07:00:00.000Z,1,28,20160426071
2016-04-26T08:00:00.000Z,1,26,20160426081
2016-04-26T09:00:00.000Z,1,29,20160426091
2016-04-26T10:00:00.000Z,1,40,20160426101
2016-04-26T11:00:00.000Z,1,39,20160426111
2016-04-26T12:00:00.000Z,1,43,20160426121
2016-04-26T13:00:00.000Z,1,36,20160426131
2016-04-26T14:00:00.000Z,1,44,20160426141
2016-04-26T15:00:00.000Z,1,44,20160426151
2016-04-26T16:00:00.000Z,1,44,20160426161
2016-04-26T17:00:00.000Z,1,41,20160426171
2016-04-26T18:00:00.000Z,1,43,20160426181
2016-04-26T19:00:00.000Z,1,47,20160426191
2016-04-26T20:00:00.000Z,1,40,20160426201
2016-04-26T21:00:00.000Z,1,36,20160426211
2016-04-26T22:00:00.000Z,1,34,20160426221
2016-04-26T23:00:00.000Z,1,36,20160426231
2016-04-27T00:00:00.000Z,1,32,20160427001
2016-04-27T01:00:00.000Z,1,29,20160427011
2016-04-27T02:00:00.000Z,1,26,20160427021
2016-04-27T03:00:00.000Z,1,21,20160427031
2016-04-27T04:00:00.000Z,1,16,20160427041
2016-04-27T05:00:00.000Z,1,16,20160427051
2016-04-27T06:00:00.000Z,1,21,20160427061
2016-04-27T07:00:00.000Z,1,26,20160427071
2016-04-27T08:00:00.000Z,1,27,20160427081
2016-04-27T09:00:00.000Z,1,31,20160427091
2016-04-27T10:00:00.000Z,1,40,20160427101
2016-04-27T11:00:00.000Z,1,40,20160427111
2016-04-27T12:00:00.000Z,1,43,20160427121
2016-04-27T13:00:00.000Z,1,37,20160427131
2016-04-27T14:00:00.000Z,1,40,20160427141
2016-04-27T15:00:00.000Z,1,39,20160427151
2016-04-27T16:00:00.000Z,1,38,20160427161
2016-04-27T17:00:00.000Z,1,36,20160427171
2016-04-27T18:00:00.000Z,1,45,20160427181
2016-04-27T19:00:00.000Z,1,44,20160427191
2016-04-27T20:00:00.000Z,1,43,20160427201
2016-04-27T21:00:00.000Z,1,37,20160427211
2016-04-27T22:00:00.000Z,1,39,20160427221
2016-04-27T23:00:00.000Z,1,35,20160427231
2016-04-28T00:00:00.000Z,1,37,20160428001
2016-04-28T01:00:00.000Z,1,27,20160428011
2016-04-28T02:00:00.000Z,1,23,20160428021
2016-04-28T03:00:00.000Z,1,24,20160428031
2016-04-28T04:00:00.000Z,1,18,20160428041
2016-04-28T05:00:00.000Z,1,17,20160428051
2016-04-28T06:00:00.000Z,1,21,20160428061
2016-04-28T07:00:00.000Z,1,25,20160428071
2016-04-28T08:00:00.000Z,1,27,20160428081
2016-04-28T09:00:00.000Z,1,36,20160428091
2016-04-28T10:00:00.000Z,1,50,20160428101
2016-04-28T11:00:00.000Z,1,53,20160428111
2016-04-28T12:00:00.000Z,1,54,20160428121
2016-04-28T13:00:00.000Z,1,41,20160428131
2016-04-28T14:00:00.000Z,1,46,20160428141
2016-04-28T15:00:00.000Z,1,39,20160428151
2016-04-28T16:00:00.000Z,1,42,20160428161
2016-04-28T17:00:00.000Z,1,41,20160428171
2016-04-28T18:00:00.000Z,1,43,20160428181
2016-04-28T19:00:00.000Z,1,42,20160428191
2016-04-28T20:00:00.000Z,1,39,20160428201
2016-04-28T21:00:00.000Z,1,38,20160428211
2016-04-28T22:00:00.000Z,1,36,20160428221
2016-04-28T23:00:00.000Z,1,38,20160428231
2016-04-29T00:00:00.000Z,1,39,20160429001
2016-04-29T01:00:00.000Z,1,29,20160429011
2016-04-29T02:00:00.000Z,1,25,20160429021
2016-04-29T03:00:00.000Z,1,20,20160429031
2016-04-29T04:00:00.000Z,1,17,20160429041
2016-04-29T05:00:00.000Z,1,17,20160429051
2016-04-29T06:00:00.000Z,1,20,20160429061
2016-04-29T07:00:00.000Z,1,26,20160429071
2016-04-29T08:00:00.000Z,1,27,20160429081
2016-04-29T09:00:00.000Z,1,30,20160429091
2016-04-29T10:00:00.000Z,1,41,20160429101
2016-04-29T11:00:00.000Z,1,40,20160429111
2016-04-29T12:00:00.000Z,1,41,20160429121
2016-04-29T13:00:00.000Z,1,38,20160429131
2016-04-29T14:00:00.000Z,1,43,20160429141
2016-04-29T15:00:00.000Z,1,38,20160429151
2016-04-29T16:00:00.000Z,1,41,20160429161
2016-04-29T17:00:00.000Z,1,37,20160429171
2016-04-29T18:00:00.000Z,1,40,20160429181
2016-04-29T19:00:00.000Z,1,39,20160429191
2016-04-29T20:00:00.000Z,1,40,20160429201
2016-04-29T21:00:00.000Z,1,35,20160429211
2016-04-29T22:00:00.000Z,1,35,20160429221
2016-04-29T23:00:00.000Z,1,33,20160429231
2016-04-30T00:00:00.000Z,1,31,20160430001
2016-04-30T01:00:00.000Z,1,28,20160430011
2016-04-30T02:00:00.000Z,1,23,20160430021
2016-04-30T03:00:00.000Z,1,15,20160430031
2016-04-30T04:00:00.000Z,1,15,20160430041
2016-04-30T05:00:00.000Z,1,16,20160430051
2016-04-30T06:00:00.000Z,1,17,20160430061
2016-04-30T07:00:00.000Z,1,14,20160430071
2016-04-30T08:00:00.000Z,1,21,20160430081
2016-04-30T09:00:00.000Z,1,21,20160430091
2016-04-30T10:00:00.000Z,1,21,20160430101
2016-04-30T11:00:00.000Z,1,26,20160430111
2016-04-30T12:00:00.000Z,1,27,20160430121
2016-04-30T13:00:00.000Z,1,25,20160430131
2016-04-30T14:00:00.000Z,1,21,20160430141
2016-04-30T15:00:00.000Z,1,21,20160430151
2016-04-30T16:00:00.000Z,1,23,20160430161
2016-04-30T17:00:00.000Z,1,22,20160430171
2016-04-30T18:00:00.000Z,1,26,20160430181
2016-04-30T19:00:00.000Z,1,29,20160430191
2016-04-30T20:00:00.000Z,1,28,20160430201
2016-04-30T21:00:00.000Z,1,24,20160430211
2016-04-30T22:00:00.000Z,1,25,20160430221
2016-04-30T23:00:00.000Z,1,28,20160430231
2016-05-01T00:00:00.000Z,1,25,20160501001
2016-05-01T01:00:00.000Z,1,23,20160501011
2016-05-01T02:00:00.000Z,1,20,20160501021
2016-05-01T03:00:00.000Z,1,16,20160501031
2016-05-01T04:00:00.000Z,1,13,20160501041
2016-05-01T05:00:00.000Z,1,14,20160501051
2016-05-01T06:00:00.000Z,1,13,20160501061
2016-05-01T07:00:00.000Z,1,18,20160501071
2016-05-01T08:00:00.000Z,1,18,20160501081
2016-05-01T09:00:00.000Z,1,20,20160501091
2016-05-01T10:00:00.000Z,1,30,20160501101
2016-05-01T11:00:00.000Z,1,27,20160501111
2016-05-01T12:00:00.000Z,1,27,20160501121
2016-05-01T13:00:00.000Z,1,24,20160501131
2016-05-01T14:00:00.000Z,1,24,20160501141
2016-05-01T15:00:00.000Z,1,28,20160501151
2016-05-01T16:00:00.000Z,1,26,20160501161
2016-05-01T17:00:00.000Z,1,25,20160501171
2016-05-01T18:00:00.000Z,1,25,20160501181
2016-05-01T19:00:00.000Z,1,31,20160501191
2016-05-01T20:00:00.000Z,1,30,20160501201
2016-05-01T21:00:00.000Z,1,27,20160501211
2016-05-01T22:00:00.000Z,1,31,20160501221
2016-05-01T23:00:00.000Z,1,29,20160501231
2016-05-02T00:00:00.000Z,1,27,20160502001
2016-05-02T01:00:00.000Z,1,22,20160502011
2016-05-02T02:00:00.000Z,1,16,20160502021
2016-05-02T03:00:00.000Z,1,16,20160502031
2016-05-02T04:00:00.000Z,1,19,20160502041
2016-05-02T05:00:00.000Z,1,18,20160502051
2016-05-02T06:00:00.000Z,1,18,20160502061
2016-05-02T07:00:00.000Z,1,24,20160502071
2016-05-02T08:00:00.000Z,1,25,20160502081
2016-05-02T09:00:00.000Z,1,29,20160502091
2016-05-02T10:00:00.000Z,1,33,20160502101
2016-05-02T11:00:00.000Z,1,42,20160502111
2016-05-02T12:00:00.000Z,1,41,20160502121
2016-05-02T13:00:00.000Z,1,37,20160502131
2016-05-02T14:00:00.000Z,1,40,20160502141
2016-05-02T15:00:00.000Z,1,39,20160502151
2016-05-02T16:00:00.000Z,1,36,20160502161
2016-05-02T17:00:00.000Z,1,41,20160502171
2016-05-02T18:00:00.000Z,1,41,20160502181
2016-05-02T19:00:00.000Z,1,47,20160502191
2016-05-02T20:00:00.000Z,1,45,20160502201
2016-05-02T21:00:00.000Z,1,39,20160502211
2016-05-02T22:00:00.000Z,1,36,20160502221
2016-05-02T23:00:00.000Z,1,39,20160502231
2016-05-03T00:00:00.000Z,1,36,20160503001
2016-05-03T01:00:00.000Z,1,31,20160503011
2016-05-03T02:00:00.000Z,1,21,20160503021
2016-05-03T03:00:00.000Z,1,20,20160503031
2016-05-03T04:00:00.000Z,1,19,20160503041
2016-05-03T05:00:00.000Z,1,19,20160503051
2016-05-03T06:00:00.000Z,1,21,20160503061
2016-05-03T07:00:00.000Z,1,25,20160503071
2016-05-03T08:00:00.000Z,1,24,20160503081
2016-05-03T09:00:00.000Z,1,30,20160503091
2016-05-03T10:00:00.000Z,1,39,20160503101
2016-05-03T11:00:00.000Z,1,55,20160503111
2016-05-03T12:00:00.000Z,1,57,20160503121
2016-05-03T13:00:00.000Z,1,48,20160503131
2016-05-03T14:00:00.000Z,1,51,20160503141
2016-05-03T15:00:00.000Z,1,47,20160503151
2016-05-03T16:00:00.000Z,1,47,20160503161
2016-05-03T17:00:00.000Z,1,44,20160503171
2016-05-03T18:00:00.000Z,1,48,20160503181
2016-05-03T19:00:00.000Z,1,51,20160503191
2016-05-03T20:00:00.000Z,1,46,20160503201
2016-05-03T21:00:00.000Z,1,44,20160503211
2016-05-03T22:00:00.000Z,1,41,20160503221
2016-05-03T23:00:00.000Z,1,38,20160503231
2016-05-04T00:00:00.000Z,1,34,20160504001
2016-05-04T01:00:00.000Z,1,29,20160504011
2016-05-04T02:00:00.000Z,1,23,20160504021
2016-05-04T03:00:00.000Z,1,22,20160504031
2016-05-04T04:00:00.000Z,1,20,20160504041
2016-05-04T05:00:00.000Z,1,17,20160504051
2016-05-04T06:00:00.000Z,1,19,20160504061
2016-05-04T07:00:00.000Z,1,24,20160504071
2016-05-04T08:00:00.000Z,1,25,20160504081
2016-05-04T09:00:00.000Z,1,30,20160504091
2016-05-04T10:00:00.000Z,1,42,20160504101
2016-05-04T11:00:00.000Z,1,45,20160504111
2016-05-04T12:00:00.000Z,1,47,20160504121
2016-05-04T13:00:00.000Z,1,40,20160504131
2016-05-04T14:00:00.000Z,1,45,20160504141
2016-05-04T15:00:00.000Z,1,43,20160504151
2016-05-04T16:00:00.000Z,1,42,20160504161
2016-05-04T17:00:00.000Z,1,40,20160504171
2016-05-04T18:00:00.000Z,1,41,20160504181
2016-05-04T19:00:00.000Z,1,45,20160504191
2016-05-04T20:00:00.000Z,1,41,20160504201
2016-05-04T21:00:00.000Z,1,37,20160504211
2016-05-04T22:00:00.000Z,1,39,20160504221
2016-05-04T23:00:00.000Z,1,39,20160504231
2016-05-05T00:00:00.000Z,1,35,20160505001
2016-05-05T01:00:00.000Z,1,30,20160505011
2016-05-05T02:00:00.000Z,1,25,20160505021
2016-05-05T03:00:00.000Z,1,20,20160505031
2016-05-05T04:00:00.000Z,1,21,20160505041
2016-05-05T05:00:00.000Z,1,19,20160505051
2016-05-05T06:00:00.000Z,1,19,20160505061
2016-05-05T07:00:00.000Z,1,27,20160505071
2016-05-05T08:00:00.000Z,1,25,20160505081
2016-05-05T09:00:00.000Z,1,31,20160505091
2016-05-05T10:00:00.000Z,1,37,20160505101
2016-05-05T11:00:00.000Z,1,54,20160505111
2016-05-05T12:00:00.000Z,1,46,20160505121
2016-05-05T13:00:00.000Z,1,41,20160505131
2016-05-05T14:00:00.000Z,1,45,20160505141
2016-05-05T15:00:00.000Z,1,43,20160505151
2016-05-05T16:00:00.000Z,1,43,20160505161
2016-05-05T17:00:00.000Z,1,41,20160505171
2016-05-05T18:00:00.000Z,1,44,20160505181
2016-05-05T19:00:00.000Z,1,38,20160505191
2016-05-05T20:00:00.000Z,1,42,20160505201
2016-05-05T21:00:00.000Z,1,34,20160505211
2016-05-05T22:00:00.000Z,1,36,20160505221
2016-05-05T23:00:00.000Z,1,34,20160505231
2016-05-06T00:00:00.000Z,1,33,20160506001
2016-05-06T01:00:00.000Z,1,35,20160506011
2016-05-06T02:00:00.000Z,1,36,20160506021
2016-05-06T03:00:00.000Z,1,29,20160506031
2016-05-06T04:00:00.000Z,1,28,20160506041
2016-05-06T05:00:00.000Z,1,26,20160506051
2016-05-06T06:00:00.000Z,1,30,20160506061
2016-05-06T07:00:00.000Z,1,30,20160506071
2016-05-06T08:00:00.000Z,1,34,20160506081
2016-05-06T09:00:00.000Z,1,35,20160506091
2016-05-06T10:00:00.000Z,1,63,20160506101
2016-05-06T11:00:00.000Z,1,61,20160506111
2016-05-06T12:00:00.000Z,1,58,20160506121
2016-05-06T13:00:00.000Z,1,46,20160506131
2016-05-06T14:00:00.000Z,1,48,20160506141
2016-05-06T15:00:00.000Z,1,46,20160506151
2016-05-06T16:00:00.000Z,1,43,20160506161
2016-05-06T17:00:00.000Z,1,47,20160506171
2016-05-06T18:00:00.000Z,1,48,20160506181
2016-05-06T19:00:00.000Z,1,46,20160506191
2016-05-06T20:00:00.000Z,1,45,20160506201
2016-05-06T21:00:00.000Z,1,40,20160506211
2016-05-06T22:00:00.000Z,1,35,20160506221
2016-05-06T23:00:00.000Z,1,36,20160506231
2016-05-07T00:00:00.000Z,1,33,20160507001
2016-05-07T01:00:00.000Z,1,31,20160507011
2016-05-07T02:00:00.000Z,1,22,20160507021
2016-05-07T03:00:00.000Z,1,21,20160507031
2016-05-07T04:00:00.000Z,1,18,20160507041
2016-05-07T05:00:00.000Z,1,17,20160507051
2016-05-07T06:00:00.000Z,1,17,20160507061
2016-05-07T07:00:00.000Z,1,19,20160507071
2016-05-07T08:00:00.000Z,1,20,20160507081
2016-05-07T09:00:00.000Z,1,21,20160507091
2016-05-07T10:00:00.000Z,1,32,20160507101
2016-05-07T11:00:00.000Z,1,30,20160507111
2016-05-07T12:00:00.000Z,1,29,20160507121
2016-05-07T13:00:00.000Z,1,26,20160507131
2016-05-07T14:00:00.000Z,1,28,20160507141
2016-05-07T15:00:00.000Z,1,27,20160507151
2016-05-07T16:00:00.000Z,1,26,20160507161
2016-05-07T17:00:00.000Z,1,26,20160507171
2016-05-07T18:00:00.000Z,1,27,20160507181
2016-05-07T19:00:00.000Z,1,30,20160507191
2016-05-07T20:00:00.000Z,1,27,20160507201
2016-05-07T21:00:00.000Z,1,25,20160507211
2016-05-07T22:00:00.000Z,1,30,20160507221
2016-05-07T23:00:00.000Z,1,30,20160507231
2016-05-08T00:00:00.000Z,1,30,20160508001
2016-05-08T01:00:00.000Z,1,22,20160508011
2016-05-08T02:00:00.000Z,1,23,20160508021
2016-05-08T03:00:00.000Z,1,15,20160508031
2016-05-08T04:00:00.000Z,1,16,20160508041
2016-05-08T05:00:00.000Z,1,16,20160508051
2016-05-08T06:00:00.000Z,1,16,20160508061
2016-05-08T07:00:00.000Z,1,20,20160508071
2016-05-08T08:00:00.000Z,1,29,20160508081
2016-05-08T09:00:00.000Z,1,32,20160508091
2016-05-08T10:00:00.000Z,1,35,20160508101
2016-05-08T11:00:00.000Z,1,36,20160508111
2016-05-08T12:00:00.000Z,1,35,20160508121
2016-05-08T13:00:00.000Z,1,34,20160508131
2016-05-08T14:00:00.000Z,1,31,20160508141
2016-05-08T15:00:00.000Z,1,30,20160508151
2016-05-08T16:00:00.000Z,1,30,20160508161
2016-05-08T17:00:00.000Z,1,32,20160508171
2016-05-08T18:00:00.000Z,1,36,20160508181
2016-05-08T19:00:00.000Z,1,37,20160508191
2016-05-08T20:00:00.000Z,1,39,20160508201
2016-05-08T21:00:00.000Z,1,32,20160508211
2016-05-08T22:00:00.000Z,1,31,20160508221
2016-05-08T23:00:00.000Z,1,33,20160508231
2016-05-09T00:00:00.000Z,1,35,20160509001
2016-05-09T01:00:00.000Z,1,29,20160509011
2016-05-09T02:00:00.000Z,1,23,20160509021
2016-05-09T03:00:00.000Z,1,23,20160509031
2016-05-09T04:00:00.000Z,1,15,20160509041
2016-05-09T05:00:00.000Z,1,18,20160509051
2016-05-09T06:00:00.000Z,1,22,20160509061
2016-05-09T07:00:00.000Z,1,27,20160509071
2016-05-09T08:00:00.000Z,1,28,20160509081
2016-05-09T09:00:00.000Z,1,35,20160509091
2016-05-09T10:00:00.000Z,1,52,20160509101
2016-05-09T11:00:00.000Z,1,64,20160509111
2016-05-09T12:00:00.000Z,1,63,20160509121
2016-05-09T13:00:00.000Z,1,49,20160509131
2016-05-09T14:00:00.000Z,1,53,20160509141
2016-05-09T15:00:00.000Z,1,52,20160509151
2016-05-09T16:00:00.000Z,1,51,20160509161
2016-05-09T17:00:00.000Z,1,53,20160509171
2016-05-09T18:00:00.000Z,1,52,20160509181
2016-05-09T19:00:00.000Z,1,50,20160509191
2016-05-09T20:00:00.000Z,1,48,20160509201
2016-05-09T21:00:00.000Z,1,42,20160509211
2016-05-09T22:00:00.000Z,1,44,20160509221
2016-05-09T23:00:00.000Z,1,42,20160509231
2016-05-10T00:00:00.000Z,1,45,20160510001
2016-05-10T01:00:00.000Z,1,34,20160510011
2016-05-10T02:00:00.000Z,1,27,20160510021
2016-05-10T03:00:00.000Z,1,25,20160510031
2016-05-10T04:00:00.000Z,1,18,20160510041
2016-05-10T05:00:00.000Z,1,22,20160510051
2016-05-10T06:00:00.000Z,1,22,20160510061
2016-05-10T07:00:00.000Z,1,26,20160510071
2016-05-10T08:00:00.000Z,1,27,20160510081
2016-05-10T09:00:00.000Z,1,34,20160510091
2016-05-10T10:00:00.000Z,1,49,20160510101
2016-05-10T11:00:00.000Z,1,57,20160510111
2016-05-10T12:00:00.000Z,1,56,20160510121
2016-05-10T13:00:00.000Z,1,47,20160510131
2016-05-10T14:00:00.000Z,1,50,20160510141
2016-05-10T15:00:00.000Z,1,51,20160510151
2016-05-10T16:00:00.000Z,1,54,20160510161
2016-05-10T17:00:00.000Z,1,53,20160510171
2016-05-10T18:00:00.000Z,1,56,20160510181
2016-05-10T19:00:00.000Z,1,53,20160510191
2016-05-10T20:00:00.000Z,1,46,20160510201
2016-05-10T21:00:00.000Z,1,44,20160510211
2016-05-10T22:00:00.000Z,1,45,20160510221
2016-05-10T23:00:00.000Z,1,44,20160510231
2016-05-11T00:00:00.000Z,1,40,20160511001
2016-05-11T01:00:00.000Z,1,36,20160511011
2016-05-11T02:00:00.000Z,1,30,20160511021
2016-05-11T03:00:00.000Z,1,24,20160511031
2016-05-11T04:00:00.000Z,1,20,20160511041
2016-05-11T05:00:00.000Z,1,22,20160511051
2016-05-11T06:00:00.000Z,1,22,20160511061
2016-05-11T07:00:00.000Z,1,27,20160511071
2016-05-11T08:00:00.000Z,1,27,20160511081
2016-05-11T09:00:00.000Z,1,34,20160511091
2016-05-11T10:00:00.000Z,1,40,20160511101
2016-05-11T11:00:00.000Z,1,52,20160511111
2016-05-11T12:00:00.000Z,1,54,20160511121
2016-05-11T13:00:00.000Z,1,44,20160511131
2016-05-11T14:00:00.000Z,1,48,20160511141
2016-05-11T15:00:00.000Z,1,52,20160511151
2016-05-11T16:00:00.000Z,1,49,20160511161
2016-05-11T17:00:00.000Z,1,45,20160511171
2016-05-11T18:00:00.000Z,1,51,20160511181
2016-05-11T19:00:00.000Z,1,50,20160511191
2016-05-11T20:00:00.000Z,1,47,20160511201
2016-05-11T21:00:00.000Z,1,43,20160511211
2016-05-11T22:00:00.000Z,1,43,20160511221
2016-05-11T23:00:00.000Z,1,41,20160511231
2016-05-12T00:00:00.000Z,1,37,20160512001
2016-05-12T01:00:00.000Z,1,32,20160512011
2016-05-12T02:00:00.000Z,1,32,20160512021
2016-05-12T03:00:00.000Z,1,26,20160512031
2016-05-12T04:00:00.000Z,1,20,20160512041
2016-05-12T05:00:00.000Z,1,20,20160512051
2016-05-12T06:00:00.000Z,1,23,20160512061
2016-05-12T07:00:00.000Z,1,23,20160512071
2016-05-12T08:00:00.000Z,1,30,20160512081
2016-05-12T09:00:00.000Z,1,39,20160512091
2016-05-12T10:00:00.000Z,1,54,20160512101
2016-05-12T11:00:00.000Z,1,58,20160512111
2016-05-12T12:00:00.000Z,1,55,20160512121
2016-05-12T13:00:00.000Z,1,48,20160512131
2016-05-12T14:00:00.000Z,1,50,20160512141
2016-05-12T15:00:00.000Z,1,49,20160512151
2016-05-12T16:00:00.000Z,1,50,20160512161
2016-05-12T17:00:00.000Z,1,49,20160512171
2016-05-12T18:00:00.000Z,1,50,20160512181
2016-05-12T19:00:00.000Z,1,45,20160512191
2016-05-12T20:00:00.000Z,1,43,20160512201
2016-05-12T21:00:00.000Z,1,42,20160512211
2016-05-12T22:00:00.000Z,1,44,20160512221
2016-05-12T23:00:00.000Z,1,40,20160512231
2016-05-13T00:00:00.000Z,1,40,20160513001
2016-05-13T01:00:00.000Z,1,31,20160513011
2016-05-13T02:00:00.000Z,1,25,20160513021
2016-05-13T03:00:00.000Z,1,26,20160513031
2016-05-13T04:00:00.000Z,1,20,20160513041
2016-05-13T05:00:00.000Z,1,19,20160513051
2016-05-13T06:00:00.000Z,1,21,20160513061
2016-05-13T07:00:00.000Z,1,27,20160513071
2016-05-13T08:00:00.000Z,1,27,20160513081
2016-05-13T09:00:00.000Z,1,32,20160513091
2016-05-13T10:00:00.000Z,1,40,20160513101
2016-05-13T11:00:00.000Z,1,46,20160513111
2016-05-13T12:00:00.000Z,1,46,20160513121
2016-05-13T13:00:00.000Z,1,40,20160513131
2016-05-13T14:00:00.000Z,1,47,20160513141
2016-05-13T15:00:00.000Z,1,45,20160513151
2016-05-13T16:00:00.000Z,1,40,20160513161
2016-05-13T17:00:00.000Z,1,40,20160513171
2016-05-13T18:00:00.000Z,1,43,20160513181
2016-05-13T19:00:00.000Z,1,53,20160513191
2016-05-13T20:00:00.000Z,1,44,20160513201
2016-05-13T21:00:00.000Z,1,46,20160513211
2016-05-13T22:00:00.000Z,1,38,20160513221
2016-05-13T23:00:00.000Z,1,40,20160513231
2016-05-14T00:00:00.000Z,1,34,20160514001
2016-05-14T01:00:00.000Z,1,32,20160514011
2016-05-14T02:00:00.000Z,1,24,20160514021
2016-05-14T03:00:00.000Z,1,20,20160514031
2016-05-14T04:00:00.000Z,1,14,20160514041
2016-05-14T05:00:00.000Z,1,17,20160514051
2016-05-14T06:00:00.000Z,1,13,20160514061
2016-05-14T07:00:00.000Z,1,18,20160514071
2016-05-14T08:00:00.000Z,1,24,20160514081
2016-05-14T09:00:00.000Z,1,26,20160514091
2016-05-14T10:00:00.000Z,1,27,20160514101
2016-05-14T11:00:00.000Z,1,33,20160514111
2016-05-14T12:00:00.000Z,1,31,20160514121
2016-05-14T13:00:00.000Z,1,24,20160514131
2016-05-14T14:00:00.000Z,1,28,20160514141
2016-05-14T15:00:00.000Z,1,28,20160514151
2016-05-14T16:00:00.000Z,1,27,20160514161
2016-05-14T17:00:00.000Z,1,29,20160514171
2016-05-14T18:00:00.000Z,1,27,20160514181
2016-05-14T19:00:00.000Z,1,27,20160514191
2016-05-14T20:00:00.000Z,1,31,20160514201
2016-05-14T21:00:00.000Z,1,32,20160514211
2016-05-14T22:00:00.000Z,1,33,20160514221
2016-05-14T23:00:00.000Z,1,30,20160514231
2016-05-15T00:00:00.000Z,1,27,20160515001
2016-05-15T01:00:00.000Z,1,22,20160515011
2016-05-15T02:00:00.000Z,1,18,20160515021
2016-05-15T03:00:00.000Z,1,15,20160515031
2016-05-15T04:00:00.000Z,1,14,20160515041
2016-05-15T05:00:00.000Z,1,16,20160515051
2016-05-15T06:00:00.000Z,1,14,20160515061
2016-05-15T07:00:00.000Z,1,17,20160515071
2016-05-15T08:00:00.000Z,1,16,20160515081
2016-05-15T09:00:00.000Z,1,22,20160515091
2016-05-15T10:00:00.000Z,1,28,20160515101
2016-05-15T11:00:00.000Z,1,28,20160515111
2016-05-15T12:00:00.000Z,1,28,20160515121
2016-05-15T13:00:00.000Z,1,29,20160515131
2016-05-15T14:00:00.000Z,1,31,20160515141
2016-05-15T15:00:00.000Z,1,29,20160515151
2016-05-15T16:00:00.000Z,1,26,20160515161
2016-05-15T17:00:00.000Z,1,28,20160515171
2016-05-15T18:00:00.000Z,1,32,20160515181
2016-05-15T19:00:00.000Z,1,34,20160515191
2016-05-15T20:00:00.000Z,1,36,20160515201
2016-05-15T21:00:00.000Z,1,34,20160515211
2016-05-15T22:00:00.000Z,1,32,20160515221
2016-05-15T23:00:00.000Z,1,36,20160515231
2016-05-16T00:00:00.000Z,1,30,20160516001
2016-05-16T01:00:00.000Z,1,23,20160516011
2016-05-16T02:00:00.000Z,1,21,20160516021
2016-05-16T03:00:00.000Z,1,18,20160516031
2016-05-16T04:00:00.000Z,1,20,20160516041
2016-05-16T05:00:00.000Z,1,19,20160516051
2016-05-16T06:00:00.000Z,1,19,20160516061
2016-05-16T07:00:00.000Z,1,24,20160516071
2016-05-16T08:00:00.000Z,1,24,20160516081
2016-05-16T09:00:00.000Z,1,38,20160516091
2016-05-16T10:00:00.000Z,1,51,20160516101
2016-05-16T11:00:00.000Z,1,51,20160516111
2016-05-16T12:00:00.000Z,1,57,20160516121
2016-05-16T13:00:00.000Z,1,50,20160516131
2016-05-16T14:00:00.000Z,1,50,20160516141
2016-05-16T15:00:00.000Z,1,47,20160516151
2016-05-16T16:00:00.000Z,1,49,20160516161
2016-05-16T17:00:00.000Z,1,49,20160516171
2016-05-16T18:00:00.000Z,1,50,20160516181
2016-05-16T19:00:00.000Z,1,51,20160516191
2016-05-16T20:00:00.000Z,1,50,20160516201
2016-05-16T21:00:00.000Z,1,51,20160516211
2016-05-16T22:00:00.000Z,1,48,20160516221
2016-05-16T23:00:00.000Z,1,48,20160516231
2016-05-17T00:00:00.000Z,1,36,20160517001
2016-05-17T01:00:00.000Z,1,38,20160517011
2016-05-17T02:00:00.000Z,1,29,20160517021
2016-05-17T03:00:00.000Z,1,22,20160517031
2016-05-17T04:00:00.000Z,1,19,20160517041
2016-05-17T05:00:00.000Z,1,20,20160517051
2016-05-17T06:00:00.000Z,1,20,20160517061
2016-05-17T07:00:00.000Z,1,26,20160517071
2016-05-17T08:00:00.000Z,1,31,20160517081
2016-05-17T09:00:00.000Z,1,36,20160517091
2016-05-17T10:00:00.000Z,1,44,20160517101
2016-05-17T11:00:00.000Z,1,49,20160517111
2016-05-17T12:00:00.000Z,1,54,20160517121
2016-05-17T13:00:00.000Z,1,46,20160517131
2016-05-17T14:00:00.000Z,1,51,20160517141
2016-05-17T15:00:00.000Z,1,51,20160517151
2016-05-17T16:00:00.000Z,1,46,20160517161
2016-05-17T17:00:00.000Z,1,49,20160517171
2016-05-17T18:00:00.000Z,1,50,20160517181
2016-05-17T19:00:00.000Z,1,53,20160517191
2016-05-17T20:00:00.000Z,1,47,20160517201
2016-05-17T21:00:00.000Z,1,48,20160517211
2016-05-17T22:00:00.000Z,1,43,20160517221
2016-05-17T23:00:00.000Z,1,38,20160517231
2016-05-18T00:00:00.000Z,1,38,20160518001
2016-05-18T01:00:00.000Z,1,33,20160518011
2016-05-18T02:00:00.000Z,1,32,20160518021
2016-05-18T03:00:00.000Z,1,22,20160518031
2016-05-18T04:00:00.000Z,1,20,20160518041
2016-05-18T05:00:00.000Z,1,16,20160518051
2016-05-18T06:00:00.000Z,1,20,20160518061
2016-05-18T07:00:00.000Z,1,26,20160518071
2016-05-18T08:00:00.000Z,1,25,20160518081
2016-05-18T09:00:00.000Z,1,31,20160518091
2016-05-18T10:00:00.000Z,1,42,20160518101
2016-05-18T11:00:00.000Z,1,45,20160518111
2016-05-18T12:00:00.000Z,1,48,20160518121
2016-05-18T13:00:00.000Z,1,43,20160518131
2016-05-18T14:00:00.000Z,1,47,20160518141
2016-05-18T15:00:00.000Z,1,47,20160518151
2016-05-18T16:00:00.000Z,1,42,20160518161
2016-05-18T17:00:00.000Z,1,50,20160518171
2016-05-18T18:00:00.000Z,1,43,20160518181
2016-05-18T19:00:00.000Z,1,50,20160518191
2016-05-18T20:00:00.000Z,1,46,20160518201
2016-05-18T21:00:00.000Z,1,38,20160518211
2016-05-18T22:00:00.000Z,1,37,20160518221
2016-05-18T23:00:00.000Z,1,36,20160518231
2016-05-19T00:00:00.000Z,1,33,20160519001
2016-05-19T01:00:00.000Z,1,31,20160519011
2016-05-19T02:00:00.000Z,1,24,20160519021
2016-05-19T03:00:00.000Z,1,24,20160519031
2016-05-19T04:00:00.000Z,1,18,20160519041
2016-05-19T05:00:00.000Z,1,20,20160519051
2016-05-19T06:00:00.000Z,1,18,20160519061
2016-05-19T07:00:00.000Z,1,25,20160519071
2016-05-19T08:00:00.000Z,1,24,20160519081
2016-05-19T09:00:00.000Z,1,40,20160519091
2016-05-19T10:00:00.000Z,1,56,20160519101
2016-05-19T11:00:00.000Z,1,55,20160519111
2016-05-19T12:00:00.000Z,1,56,20160519121
2016-05-19T13:00:00.000Z,1,48,20160519131
2016-05-19T14:00:00.000Z,1,54,20160519141
2016-05-19T15:00:00.000Z,1,49,20160519151
2016-05-19T16:00:00.000Z,1,50,20160519161
2016-05-19T17:00:00.000Z,1,54,20160519171
2016-05-19T18:00:00.000Z,1,59,20160519181
2016-05-19T19:00:00.000Z,1,63,20160519191
2016-05-19T20:00:00.000Z,1,57,20160519201
2016-05-19T21:00:00.000Z,1,52,20160519211
2016-05-19T22:00:00.000Z,1,50,20160519221
2016-05-19T23:00:00.000Z,1,43,20160519231
2016-05-20T00:00:00.000Z,1,44,20160520001
2016-05-20T01:00:00.000Z,1,36,20160520011
2016-05-20T02:00:00.000Z,1,33,20160520021
2016-05-20T03:00:00.000Z,1,30,20160520031
2016-05-20T04:00:00.000Z,1,24,20160520041
2016-05-20T05:00:00.000Z,1,25,20160520051
2016-05-20T06:00:00.000Z,1,29,20160520061
2016-05-20T07:00:00.000Z,1,30,20160520071
2016-05-20T08:00:00.000Z,1,35,20160520081
2016-05-20T09:00:00.000Z,1,36,20160520091
2016-05-20T10:00:00.000Z,1,47,20160520101
2016-05-20T11:00:00.000Z,1,45,20160520111
2016-05-20T12:00:00.000Z,1,48,20160520121
2016-05-20T13:00:00.000Z,1,43,20160520131
2016-05-20T14:00:00.000Z,1,44,20160520141
2016-05-20T15:00:00.000Z,1,44,20160520151
2016-05-20T16:00:00.000Z,1,40,20160520161
2016-05-20T17:00:00.000Z,1,43,20160520171
2016-05-20T18:00:00.000Z,1,46,20160520181
2016-05-20T19:00:00.000Z,1,44,20160520191
2016-05-20T20:00:00.000Z,1,47,20160520201
2016-05-20T21:00:00.000Z,1,41,20160520211
2016-05-20T22:00:00.000Z,1,37,20160520221
2016-05-20T23:00:00.000Z,1,38,20160520231
2016-05-21T00:00:00.000Z,1,35,20160521001
2016-05-21T01:00:00.000Z,1,27,20160521011
2016-05-21T02:00:00.000Z,1,23,20160521021
2016-05-21T03:00:00.000Z,1,20,20160521031
2016-05-21T04:00:00.000Z,1,18,20160521041
2016-05-21T05:00:00.000Z,1,16,20160521051
2016-05-21T06:00:00.000Z,1,16,20160521061
2016-05-21T07:00:00.000Z,1,19,20160521071
2016-05-21T08:00:00.000Z,1,21,20160521081
2016-05-21T09:00:00.000Z,1,26,20160521091
2016-05-21T10:00:00.000Z,1,31,20160521101
2016-05-21T11:00:00.000Z,1,31,20160521111
2016-05-21T12:00:00.000Z,1,30,20160521121
2016-05-21T13:00:00.000Z,1,29,20160521131
2016-05-21T14:00:00.000Z,1,25,20160521141
2016-05-21T15:00:00.000Z,1,30,20160521151
2016-05-21T16:00:00.000Z,1,27,20160521161
2016-05-21T17:00:00.000Z,1,25,20160521171
2016-05-21T18:00:00.000Z,1,28,20160521181
2016-05-21T19:00:00.000Z,1,33,20160521191
2016-05-21T20:00:00.000Z,1,33,20160521201
2016-05-21T21:00:00.000Z,1,32,20160521211
2016-05-21T22:00:00.000Z,1,36,20160521221
2016-05-21T23:00:00.000Z,1,27,20160521231
2016-05-22T00:00:00.000Z,1,28,20160522001
2016-05-22T01:00:00.000Z,1,26,20160522011
2016-05-22T02:00:00.000Z,1,16,20160522021
2016-05-22T03:00:00.000Z,1,18,20160522031
2016-05-22T04:00:00.000Z,1,13,20160522041
2016-05-22T05:00:00.000Z,1,14,20160522051
2016-05-22T06:00:00.000Z,1,15,20160522061
2016-05-22T07:00:00.000Z,1,18,20160522071
2016-05-22T08:00:00.000Z,1,17,20160522081
2016-05-22T09:00:00.000Z,1,26,20160522091
2016-05-22T10:00:00.000Z,1,27,20160522101
2016-05-22T11:00:00.000Z,1,28,20160522111
2016-05-22T12:00:00.000Z,1,28,20160522121
2016-05-22T13:00:00.000Z,1,26,20160522131
2016-05-22T14:00:00.000Z,1,27,20160522141
2016-05-22T15:00:00.000Z,1,23,20160522151
2016-05-22T16:00:00.000Z,1,24,20160522161
2016-05-22T17:00:00.000Z,1,24,20160522171
2016-05-22T18:00:00.000Z,1,29,20160522181
2016-05-22T19:00:00.000Z,1,34,20160522191
2016-05-22T20:00:00.000Z,1,36,20160522201
2016-05-22T21:00:00.000Z,1,31,20160522211
2016-05-22T22:00:00.000Z,1,27,20160522221
2016-05-22T23:00:00.000Z,1,30,20160522231
2016-05-23T00:00:00.000Z,1,27,20160523001
2016-05-23T01:00:00.000Z,1,25,20160523011
2016-05-23T02:00:00.000Z,1,19,20160523021
2016-05-23T03:00:00.000Z,1,15,20160523031
2016-05-23T04:00:00.000Z,1,15,20160523041
2016-05-23T05:00:00.000Z,1,16,20160523051
2016-05-23T06:00:00.000Z,1,20,20160523061
2016-05-23T07:00:00.000Z,1,23,20160523071
2016-05-23T08:00:00.000Z,1,24,20160523081
2016-05-23T09:00:00.000Z,1,41,20160523091
2016-05-23T10:00:00.000Z,1,61,20160523101
2016-05-23T11:00:00.000Z,1,60,20160523111
2016-05-23T12:00:00.000Z,1,61,20160523121
2016-05-23T13:00:00.000Z,1,49,20160523131
2016-05-23T14:00:00.000Z,1,54,20160523141
2016-05-23T15:00:00.000Z,1,56,20160523151
2016-05-23T16:00:00.000Z,1,54,20160523161
2016-05-23T17:00:00.000Z,1,55,20160523171
2016-05-23T18:00:00.000Z,1,53,20160523181
2016-05-23T19:00:00.000Z,1,54,20160523191
2016-05-23T20:00:00.000Z,1,52,20160523201
2016-05-23T21:00:00.000Z,1,44,20160523211
2016-05-23T22:00:00.000Z,1,45,20160523221
2016-05-23T23:00:00.000Z,1,40,20160523231
2016-05-24T00:00:00.000Z,1,40,20160524001
2016-05-24T01:00:00.000Z,1,36,20160524011
2016-05-24T02:00:00.000Z,1,29,20160524021
2016-05-24T03:00:00.000Z,1,24,20160524031
2016-05-24T04:00:00.000Z,1,22,20160524041
2016-05-24T05:00:00.000Z,1,17,20160524051
2016-05-24T06:00:00.000Z,1,22,20160524061
2016-05-24T07:00:00.000Z,1,24,20160524071
2016-05-24T08:00:00.000Z,1,29,20160524081
2016-05-24T09:00:00.000Z,1,32,20160524091
2016-05-24T10:00:00.000Z,1,47,20160524101
2016-05-24T11:00:00.000Z,1,49,20160524111
2016-05-24T12:00:00.000Z,1,55,20160524121
2016-05-24T13:00:00.000Z,1,40,20160524131
2016-05-24T14:00:00.000Z,1,53,20160524141
2016-05-24T15:00:00.000Z,1,53,20160524151
2016-05-24T16:00:00.000Z,1,50,20160524161
2016-05-24T17:00:00.000Z,1,51,20160524171
2016-05-24T18:00:00.000Z,1,58,20160524181
2016-05-24T19:00:00.000Z,1,58,20160524191
2016-05-24T20:00:00.000Z,1,51,20160524201
2016-05-24T21:00:00.000Z,1,49,20160524211
2016-05-24T22:00:00.000Z,1,48,20160524221
2016-05-24T23:00:00.000Z,1,43,20160524231
2016-05-25T00:00:00.000Z,1,42,20160525001
2016-05-25T01:00:00.000Z,1,35,20160525011
2016-05-25T02:00:00.000Z,1,27,20160525021
2016-05-25T03:00:00.000Z,1,21,20160525031
2016-05-25T04:00:00.000Z,1,19,20160525041
2016-05-25T05:00:00.000Z,1,22,20160525051
2016-05-25T06:00:00.000Z,1,21,20160525061
2016-05-25T07:00:00.000Z,1,26,20160525071
2016-05-25T08:00:00.000Z,1,31,20160525081
2016-05-25T09:00:00.000Z,1,33,20160525091
2016-05-25T10:00:00.000Z,1,40,20160525101
2016-05-25T11:00:00.000Z,1,51,20160525111
2016-05-25T12:00:00.000Z,1,52,20160525121
2016-05-25T13:00:00.000Z,1,47,20160525131
2016-05-25T14:00:00.000Z,1,51,20160525141
2016-05-25T15:00:00.000Z,1,50,20160525151
2016-05-25T16:00:00.000Z,1,48,20160525161
2016-05-25T17:00:00.000Z,1,48,20160525171
2016-05-25T18:00:00.000Z,1,48,20160525181
2016-05-25T19:00:00.000Z,1,51,20160525191
2016-05-25T20:00:00.000Z,1,48,20160525201
2016-05-25T21:00:00.000Z,1,44,20160525211
2016-05-25T22:00:00.000Z,1,40,20160525221
2016-05-25T23:00:00.000Z,1,39,20160525231
2016-05-26T00:00:00.000Z,1,36,20160526001
2016-05-26T01:00:00.000Z,1,28,20160526011
2016-05-26T02:00:00.000Z,1,26,20160526021
2016-05-26T03:00:00.000Z,1,24,20160526031
2016-05-26T04:00:00.000Z,1,14,20160526041
2016-05-26T05:00:00.000Z,1,17,20160526051
2016-05-26T06:00:00.000Z,1,20,20160526061
2016-05-26T07:00:00.000Z,1,24,20160526071
2016-05-26T08:00:00.000Z,1,27,20160526081
2016-05-26T09:00:00.000Z,1,32,20160526091
2016-05-26T10:00:00.000Z,1,42,20160526101
2016-05-26T11:00:00.000Z,1,49,20160526111
2016-05-26T12:00:00.000Z,1,48,20160526121
2016-05-26T13:00:00.000Z,1,44,20160526131
2016-05-26T14:00:00.000Z,1,47,20160526141
2016-05-26T15:00:00.000Z,1,45,20160526151
2016-05-26T16:00:00.000Z,1,45,20160526161
2016-05-26T17:00:00.000Z,1,43,20160526171
2016-05-26T18:00:00.000Z,1,45,20160526181
2016-05-26T19:00:00.000Z,1,55,20160526191
2016-05-26T20:00:00.000Z,1,67,20160526201
2016-05-26T21:00:00.000Z,1,55,20160526211
2016-05-26T22:00:00.000Z,1,49,20160526221
2016-05-26T23:00:00.000Z,1,44,20160526231
2016-05-27T00:00:00.000Z,1,37,20160527001
2016-05-27T01:00:00.000Z,1,35,20160527011
2016-05-27T02:00:00.000Z,1,28,20160527021
2016-05-27T03:00:00.000Z,1,22,20160527031
2016-05-27T04:00:00.000Z,1,17,20160527041
2016-05-27T05:00:00.000Z,1,20,20160527051
2016-05-27T06:00:00.000Z,1,21,20160527061
2016-05-27T07:00:00.000Z,1,23,20160527071
2016-05-27T08:00:00.000Z,1,29,20160527081
2016-05-27T09:00:00.000Z,1,34,20160527091
2016-05-27T10:00:00.000Z,1,47,20160527101
2016-05-27T11:00:00.000Z,1,43,20160527111
2016-05-27T12:00:00.000Z,1,49,20160527121
2016-05-27T13:00:00.000Z,1,44,20160527131
2016-05-27T14:00:00.000Z,1,48,20160527141
2016-05-27T15:00:00.000Z,1,45,20160527151
2016-05-27T16:00:00.000Z,1,43,20160527161
2016-05-27T17:00:00.000Z,1,38,20160527171
2016-05-27T18:00:00.000Z,1,43,20160527181
2016-05-27T19:00:00.000Z,1,39,20160527191
2016-05-27T20:00:00.000Z,1,39,20160527201
2016-05-27T21:00:00.000Z,1,34,20160527211
2016-05-27T22:00:00.000Z,1,35,20160527221
2016-05-27T23:00:00.000Z,1,32,20160527231
2016-05-28T00:00:00.000Z,1,31,20160528001
2016-05-28T01:00:00.000Z,1,28,20160528011
2016-05-28T02:00:00.000Z,1,19,20160528021
2016-05-28T03:00:00.000Z,1,16,20160528031
2016-05-28T04:00:00.000Z,1,16,20160528041
2016-05-28T05:00:00.000Z,1,16,20160528051
2016-05-28T06:00:00.000Z,1,15,20160528061
2016-05-28T07:00:00.000Z,1,17,20160528071
2016-05-28T08:00:00.000Z,1,20,20160528081
2016-05-28T09:00:00.000Z,1,26,20160528091
2016-05-28T10:00:00.000Z,1,28,20160528101
2016-05-28T11:00:00.000Z,1,29,20160528111
2016-05-28T12:00:00.000Z,1,36,20160528121
2016-05-28T13:00:00.000Z,1,35,20160528131
2016-05-28T14:00:00.000Z,1,41,20160528141
2016-05-28T15:00:00.000Z,1,36,20160528151
2016-05-28T16:00:00.000Z,1,33,20160528161
2016-05-28T17:00:00.000Z,1,31,20160528171
2016-05-28T18:00:00.000Z,1,30,20160528181
2016-05-28T19:00:00.000Z,1,39,20160528191
2016-05-28T20:00:00.000Z,1,47,20160528201
2016-05-28T21:00:00.000Z,1,39,20160528211
2016-05-28T22:00:00.000Z,1,39,20160528221
2016-05-28T23:00:00.000Z,1,29,20160528231
2016-05-29T00:00:00.000Z,1,27,20160529001
2016-05-29T01:00:00.000Z,1,19,20160529011
2016-05-29T02:00:00.000Z,1,21,20160529021
2016-05-29T03:00:00.000Z,1,17,20160529031
2016-05-29T04:00:00.000Z,1,15,20160529041
2016-05-29T05:00:00.000Z,1,11,20160529051
2016-05-29T06:00:00.000Z,1,16,20160529061
2016-05-29T07:00:00.000Z,1,15,20160529071
2016-05-29T08:00:00.000Z,1,20,20160529081
2016-05-29T09:00:00.000Z,1,24,20160529091
2016-05-29T10:00:00.000Z,1,33,20160529101
2016-05-29T11:00:00.000Z,1,33,20160529111
2016-05-29T12:00:00.000Z,1,35,20160529121
2016-05-29T13:00:00.000Z,1,34,20160529131
2016-05-29T14:00:00.000Z,1,34,20160529141
2016-05-29T15:00:00.000Z,1,31,20160529151
2016-05-29T16:00:00.000Z,1,32,20160529161
2016-05-29T17:00:00.000Z,1,30,20160529171
2016-05-29T18:00:00.000Z,1,36,20160529181
2016-05-29T19:00:00.000Z,1,33,20160529191
2016-05-29T20:00:00.000Z,1,33,20160529201
2016-05-29T21:00:00.000Z,1,33,20160529211
2016-05-29T22:00:00.000Z,1,33,20160529221
2016-05-29T23:00:00.000Z,1,29,20160529231
2016-05-30T00:00:00.000Z,1,28,20160530001
2016-05-30T01:00:00.000Z,1,22,20160530011
2016-05-30T02:00:00.000Z,1,19,20160530021
2016-05-30T03:00:00.000Z,1,14,20160530031
2016-05-30T04:00:00.000Z,1,12,20160530041
2016-05-30T05:00:00.000Z,1,18,20160530051
2016-05-30T06:00:00.000Z,1,16,20160530061
2016-05-30T07:00:00.000Z,1,23,20160530071
2016-05-30T08:00:00.000Z,1,27,20160530081
2016-05-30T09:00:00.000Z,1,32,20160530091
2016-05-30T10:00:00.000Z,1,57,20160530101
2016-05-30T11:00:00.000Z,1,64,20160530111
2016-05-30T12:00:00.000Z,1,62,20160530121
2016-05-30T13:00:00.000Z,1,52,20160530131
2016-05-30T14:00:00.000Z,1,57,20160530141
2016-05-30T15:00:00.000Z,1,55,20160530151
2016-05-30T16:00:00.000Z,1,50,20160530161
2016-05-30T17:00:00.000Z,1,51,20160530171
2016-05-30T18:00:00.000Z,1,49,20160530181
2016-05-30T19:00:00.000Z,1,50,20160530191
2016-05-30T20:00:00.000Z,1,50,20160530201
2016-05-30T21:00:00.000Z,1,44,20160530211
2016-05-30T22:00:00.000Z,1,39,20160530221
2016-05-30T23:00:00.000Z,1,37,20160530231
2016-05-31T00:00:00.000Z,1,33,20160531001
2016-05-31T01:00:00.000Z,1,27,20160531011
2016-05-31T02:00:00.000Z,1,27,20160531021
2016-05-31T03:00:00.000Z,1,20,20160531031
2016-05-31T04:00:00.000Z,1,18,20160531041
2016-05-31T05:00:00.000Z,1,18,20160531051
2016-05-31T06:00:00.000Z,1,20,20160531061
2016-05-31T07:00:00.000Z,1,24,20160531071
2016-05-31T08:00:00.000Z,1,22,20160531081
2016-05-31T09:00:00.000Z,1,32,20160531091
2016-05-31T10:00:00.000Z,1,47,20160531101
2016-05-31T11:00:00.000Z,1,53,20160531111
2016-05-31T12:00:00.000Z,1,54,20160531121
2016-05-31T13:00:00.000Z,1,49,20160531131
2016-05-31T14:00:00.000Z,1,50,20160531141
2016-05-31T15:00:00.000Z,1,51,20160531151
2016-05-31T16:00:00.000Z,1,51,20160531161
2016-05-31T17:00:00.000Z,1,48,20160531171
2016-05-31T18:00:00.000Z,1,48,20160531181
2016-05-31T19:00:00.000Z,1,52,20160531191
2016-05-31T20:00:00.000Z,1,51,20160531201
2016-05-31T21:00:00.000Z,1,42,20160531211
2016-05-31T22:00:00.000Z,1,46,20160531221
2016-05-31T23:00:00.000Z,1,38,20160531231
2016-06-01T00:00:00.000Z,1,37,20160601001
2016-06-01T01:00:00.000Z,1,31,20160601011
2016-06-01T02:00:00.000Z,1,25,20160601021
2016-06-01T03:00:00.000Z,1,19,20160601031
2016-06-01T04:00:00.000Z,1,21,20160601041
2016-06-01T05:00:00.000Z,1,16,20160601051
2016-06-01T06:00:00.000Z,1,19,20160601061
2016-06-01T07:00:00.000Z,1,25,20160601071
2016-06-01T08:00:00.000Z,1,27,20160601081
2016-06-01T09:00:00.000Z,1,27,20160601091
2016-06-01T10:00:00.000Z,1,38,20160601101
2016-06-01T11:00:00.000Z,1,45,20160601111
2016-06-01T12:00:00.000Z,1,52,20160601121
2016-06-01T13:00:00.000Z,1,39,20160601131
2016-06-01T14:00:00.000Z,1,45,20160601141
2016-06-01T15:00:00.000Z,1,48,20160601151
2016-06-01T16:00:00.000Z,1,44,20160601161
2016-06-01T17:00:00.000Z,1,46,20160601171
2016-06-01T18:00:00.000Z,1,47,20160601181
2016-06-01T19:00:00.000Z,1,44,20160601191
2016-06-01T20:00:00.000Z,1,45,20160601201
2016-06-01T21:00:00.000Z,1,50,20160601211
2016-06-01T22:00:00.000Z,1,48,20160601221
2016-06-01T23:00:00.000Z,1,41,20160601231
2016-06-02T00:00:00.000Z,1,36,20160602001
2016-06-02T01:00:00.000Z,1,28,20160602011
2016-06-02T02:00:00.000Z,1,27,20160602021
2016-06-02T03:00:00.000Z,1,23,20160602031
2016-06-02T04:00:00.000Z,1,18,20160602041
2016-06-02T05:00:00.000Z,1,19,20160602051
2016-06-02T06:00:00.000Z,1,21,20160602061
2016-06-02T07:00:00.000Z,1,21,20160602071
2016-06-02T08:00:00.000Z,1,24,20160602081
2016-06-02T09:00:00.000Z,1,33,20160602091
2016-06-02T10:00:00.000Z,1,55,20160602101
2016-06-02T11:00:00.000Z,1,58,20160602111
2016-06-02T12:00:00.000Z,1,56,20160602121
2016-06-02T13:00:00.000Z,1,45,20160602131
2016-06-02T14:00:00.000Z,1,53,20160602141
2016-06-02T15:00:00.000Z,1,52,20160602151
2016-06-02T16:00:00.000Z,1,48,20160602161
2016-06-02T17:00:00.000Z,1,47,20160602171
2016-06-02T18:00:00.000Z,1,52,20160602181
2016-06-02T19:00:00.000Z,1,50,20160602191
2016-06-02T20:00:00.000Z,1,48,20160602201
2016-06-02T21:00:00.000Z,1,42,20160602211
2016-06-02T22:00:00.000Z,1,40,20160602221
2016-06-02T23:00:00.000Z,1,39,20160602231
2016-06-03T00:00:00.000Z,1,35,20160603001
2016-06-03T01:00:00.000Z,1,32,20160603011
2016-06-03T02:00:00.000Z,1,28,20160603021
2016-06-03T03:00:00.000Z,1,24,20160603031
2016-06-03T04:00:00.000Z,1,17,20160603041
2016-06-03T05:00:00.000Z,1,17,20160603051
2016-06-03T06:00:00.000Z,1,18,20160603061
2016-06-03T07:00:00.000Z,1,21,20160603071
2016-06-03T08:00:00.000Z,1,26,20160603081
2016-06-03T09:00:00.000Z,1,37,20160603091
2016-06-03T10:00:00.000Z,1,48,20160603101
2016-06-03T11:00:00.000Z,1,51,20160603111
2016-06-03T12:00:00.000Z,1,52,20160603121
2016-06-03T13:00:00.000Z,1,48,20160603131
2016-06-03T14:00:00.000Z,1,47,20160603141
2016-06-03T15:00:00.000Z,1,50,20160603151
2016-06-03T16:00:00.000Z,1,46,20160603161
2016-06-03T17:00:00.000Z,1,47,20160603171
2016-06-03T18:00:00.000Z,1,43,20160603181
2016-06-03T19:00:00.000Z,1,43,20160603191
2016-06-03T20:00:00.000Z,1,43,20160603201
2016-06-03T21:00:00.000Z,1,41,20160603211
2016-06-03T22:00:00.000Z,1,38,20160603221
2016-06-03T23:00:00.000Z,1,33,20160603231
2016-06-04T00:00:00.000Z,1,31,20160604001
2016-06-04T01:00:00.000Z,1,27,20160604011
2016-06-04T02:00:00.000Z,1,25,20160604021
2016-06-04T03:00:00.000Z,1,19,20160604031
2016-06-04T04:00:00.000Z,1,14,20160604041
2016-06-04T05:00:00.000Z,1,18,20160604051
2016-06-04T06:00:00.000Z,1,17,20160604061
2016-06-04T07:00:00.000Z,1,21,20160604071
2016-06-04T08:00:00.000Z,1,21,20160604081
2016-06-04T09:00:00.000Z,1,24,20160604091
2016-06-04T10:00:00.000Z,1,29,20160604101
2016-06-04T11:00:00.000Z,1,29,20160604111
2016-06-04T12:00:00.000Z,1,28,20160604121
2016-06-04T13:00:00.000Z,1,26,20160604131
2016-06-04T14:00:00.000Z,1,32,20160604141
2016-06-04T15:00:00.000Z,1,28,20160604151
2016-06-04T16:00:00.000Z,1,25,20160604161
2016-06-04T17:00:00.000Z,1,27,20160604171
2016-06-04T18:00:00.000Z,1,32,20160604181
2016-06-04T19:00:00.000Z,1,28,20160604191
2016-06-04T20:00:00.000Z,1,29,20160604201
2016-06-04T21:00:00.000Z,1,27,20160604211
2016-06-04T22:00:00.000Z,1,29,20160604221
2016-06-04T23:00:00.000Z,1,27,20160604231
2016-06-05T00:00:00.000Z,1,27,20160605001
2016-06-05T01:00:00.000Z,1,22,20160605011
2016-06-05T02:00:00.000Z,1,18,20160605021
2016-06-05T03:00:00.000Z,1,13,20160605031
2016-06-05T04:00:00.000Z,1,12,20160605041
2016-06-05T05:00:00.000Z,1,13,20160605051
2016-06-05T06:00:00.000Z,1,11,20160605061
2016-06-05T07:00:00.000Z,1,18,20160605071
2016-06-05T08:00:00.000Z,1,20,20160605081
2016-06-05T09:00:00.000Z,1,19,20160605091
2016-06-05T10:00:00.000Z,1,28,20160605101
2016-06-05T11:00:00.000Z,1,26,20160605111
2016-06-05T12:00:00.000Z,1,25,20160605121
2016-06-05T13:00:00.000Z,1,26,20160605131
2016-06-05T14:00:00.000Z,1,27,20160605141
2016-06-05T15:00:00.000Z,1,23,20160605151
2016-06-05T16:00:00.000Z,1,28,20160605161
2016-06-05T17:00:00.000Z,1,28,20160605171
2016-06-05T18:00:00.000Z,1,30,20160605181
2016-06-05T19:00:00.000Z,1,30,20160605191
2016-06-05T20:00:00.000Z,1,32,20160605201
2016-06-05T21:00:00.000Z,1,35,20160605211
2016-06-05T22:00:00.000Z,1,32,20160605221
2016-06-05T23:00:00.000Z,1,33,20160605231
2016-06-06T00:00:00.000Z,1,30,20160606001
2016-06-06T01:00:00.000Z,1,28,20160606011
2016-06-06T02:00:00.000Z,1,26,20160606021
2016-06-06T03:00:00.000Z,1,21,20160606031
2016-06-06T04:00:00.000Z,1,19,20160606041
2016-06-06T05:00:00.000Z,1,21,20160606051
2016-06-06T06:00:00.000Z,1,20,20160606061
2016-06-06T07:00:00.000Z,1,27,20160606071
2016-06-06T08:00:00.000Z,1,33,20160606081
2016-06-06T09:00:00.000Z,1,30,20160606091
2016-06-06T10:00:00.000Z,1,52,20160606101
2016-06-06T11:00:00.000Z,1,56,20160606111
2016-06-06T12:00:00.000Z,1,57,20160606121
2016-06-06T13:00:00.000Z,1,49,20160606131
2016-06-06T14:00:00.000Z,1,56,20160606141
2016-06-06T15:00:00.000Z,1,53,20160606151
2016-06-06T16:00:00.000Z,1,48,20160606161
2016-06-06T17:00:00.000Z,1,50,20160606171
2016-06-06T18:00:00.000Z,1,53,20160606181
2016-06-06T19:00:00.000Z,1,57,20160606191
2016-06-06T20:00:00.000Z,1,50,20160606201
2016-06-06T21:00:00.000Z,1,49,20160606211
2016-06-06T22:00:00.000Z,1,45,20160606221
2016-06-06T23:00:00.000Z,1,41,20160606231
2016-06-07T00:00:00.000Z,1,39,20160607001
2016-06-07T01:00:00.000Z,1,30,20160607011
2016-06-07T02:00:00.000Z,1,31,20160607021
2016-06-07T03:00:00.000Z,1,25,20160607031
2016-06-07T04:00:00.000Z,1,23,20160607041
2016-06-07T05:00:00.000Z,1,17,20160607051
2016-06-07T06:00:00.000Z,1,22,20160607061
2016-06-07T07:00:00.000Z,1,27,20160607071
2016-06-07T08:00:00.000Z,1,26,20160607081
2016-06-07T09:00:00.000Z,1,34,20160607091
2016-06-07T10:00:00.000Z,1,42,20160607101
2016-06-07T11:00:00.000Z,1,47,20160607111
2016-06-07T12:00:00.000Z,1,54,20160607121
2016-06-07T13:00:00.000Z,1,46,20160607131
2016-06-07T14:00:00.000Z,1,52,20160607141
2016-06-07T15:00:00.000Z,1,51,20160607151
2016-06-07T16:00:00.000Z,1,53,20160607161
2016-06-07T17:00:00.000Z,1,52,20160607171
2016-06-07T18:00:00.000Z,1,58,20160607181
2016-06-07T19:00:00.000Z,1,53,20160607191
2016-06-07T20:00:00.000Z,1,54,20160607201
2016-06-07T21:00:00.000Z,1,48,20160607211
2016-06-07T22:00:00.000Z,1,46,20160607221
2016-06-07T23:00:00.000Z,1,46,20160607231
2016-06-08T00:00:00.000Z,1,42,20160608001
2016-06-08T01:00:00.000Z,1,34,20160608011
2016-06-08T02:00:00.000Z,1,30,20160608021
2016-06-08T03:00:00.000Z,1,23,20160608031
2016-06-08T04:00:00.000Z,1,19,20160608041
2016-06-08T05:00:00.000Z,1,18,20160608051
2016-06-08T06:00:00.000Z,1,22,20160608061
2016-06-08T07:00:00.000Z,1,25,20160608071
2016-06-08T08:00:00.000Z,1,29,20160608081
2016-06-08T09:00:00.000Z,1,38,20160608091
2016-06-08T10:00:00.000Z,1,53,20160608101
2016-06-08T11:00:00.000Z,1,57,20160608111
2016-06-08T12:00:00.000Z,1,59,20160608121
2016-06-08T13:00:00.000Z,1,50,20160608131
2016-06-08T14:00:00.000Z,1,60,20160608141
2016-06-08T15:00:00.000Z,1,55,20160608151
2016-06-08T16:00:00.000Z,1,53,20160608161
2016-06-08T17:00:00.000Z,1,55,20160608171
2016-06-08T18:00:00.000Z,1,51,20160608181
2016-06-08T19:00:00.000Z,1,52,20160608191
2016-06-08T20:00:00.000Z,1,52,20160608201
2016-06-08T21:00:00.000Z,1,50,20160608211
2016-06-08T22:00:00.000Z,1,47,20160608221
2016-06-08T23:00:00.000Z,1,45,20160608231
2016-06-09T00:00:00.000Z,1,35,20160609001
2016-06-09T01:00:00.000Z,1,33,20160609011
2016-06-09T02:00:00.000Z,1,32,20160609021
2016-06-09T03:00:00.000Z,1,24,20160609031
2016-06-09T04:00:00.000Z,1,17,20160609041
2016-06-09T05:00:00.000Z,1,20,20160609051
2016-06-09T06:00:00.000Z,1,20,20160609061
2016-06-09T07:00:00.000Z,1,23,20160609071
2016-06-09T08:00:00.000Z,1,28,20160609081
2016-06-09T09:00:00.000Z,1,32,20160609091
2016-06-09T10:00:00.000Z,1,44,20160609101
2016-06-09T11:00:00.000Z,1,46,20160609111
2016-06-09T12:00:00.000Z,1,50,20160609121
2016-06-09T13:00:00.000Z,1,43,20160609131
2016-06-09T14:00:00.000Z,1,52,20160609141
2016-06-09T15:00:00.000Z,1,49,20160609151
2016-06-09T16:00:00.000Z,1,53,20160609161
2016-06-09T17:00:00.000Z,1,47,20160609171
2016-06-09T18:00:00.000Z,1,49,20160609181
2016-06-09T19:00:00.000Z,1,53,20160609191
2016-06-09T20:00:00.000Z,1,50,20160609201
2016-06-09T21:00:00.000Z,1,46,20160609211
2016-06-09T22:00:00.000Z,1,42,20160609221
2016-06-09T23:00:00.000Z,1,40,20160609231
2016-06-10T00:00:00.000Z,1,39,20160610001
2016-06-10T01:00:00.000Z,1,35,20160610011
2016-06-10T02:00:00.000Z,1,29,20160610021
2016-06-10T03:00:00.000Z,1,20,20160610031
2016-06-10T04:00:00.000Z,1,22,20160610041
2016-06-10T05:00:00.000Z,1,19,20160610051
2016-06-10T06:00:00.000Z,1,23,20160610061
2016-06-10T07:00:00.000Z,1,22,20160610071
2016-06-10T08:00:00.000Z,1,22,20160610081
2016-06-10T09:00:00.000Z,1,32,20160610091
2016-06-10T10:00:00.000Z,1,40,20160610101
2016-06-10T11:00:00.000Z,1,49,20160610111
2016-06-10T12:00:00.000Z,1,43,20160610121
2016-06-10T13:00:00.000Z,1,45,20160610131
2016-06-10T14:00:00.000Z,1,48,20160610141
2016-06-10T15:00:00.000Z,1,45,20160610151
2016-06-10T16:00:00.000Z,1,44,20160610161
2016-06-10T17:00:00.000Z,1,43,20160610171
2016-06-10T18:00:00.000Z,1,40,20160610181
2016-06-10T19:00:00.000Z,1,41,20160610191
2016-06-10T20:00:00.000Z,1,41,20160610201
2016-06-10T21:00:00.000Z,1,40,20160610211
2016-06-10T22:00:00.000Z,1,36,20160610221
2016-06-10T23:00:00.000Z,1,33,20160610231
2016-06-11T00:00:00.000Z,1,31,20160611001
2016-06-11T01:00:00.000Z,1,32,20160611011
2016-06-11T02:00:00.000Z,1,26,20160611021
2016-06-11T03:00:00.000Z,1,18,20160611031
2016-06-11T04:00:00.000Z,1,16,20160611041
2016-06-11T05:00:00.000Z,1,15,20160611051
2016-06-11T06:00:00.000Z,1,12,20160611061
2016-06-11T07:00:00.000Z,1,17,20160611071
2016-06-11T08:00:00.000Z,1,19,20160611081
2016-06-11T09:00:00.000Z,1,25,20160611091
2016-06-11T10:00:00.000Z,1,26,20160611101
2016-06-11T11:00:00.000Z,1,29,20160611111
2016-06-11T12:00:00.000Z,1,27,20160611121
2016-06-11T13:00:00.000Z,1,26,20160611131
2016-06-11T14:00:00.000Z,1,25,20160611141
2016-06-11T15:00:00.000Z,1,23,20160611151
2016-06-11T16:00:00.000Z,1,26,20160611161
2016-06-11T17:00:00.000Z,1,24,20160611171
2016-06-11T18:00:00.000Z,1,28,20160611181
2016-06-11T19:00:00.000Z,1,31,20160611191
2016-06-11T20:00:00.000Z,1,31,20160611201
2016-06-11T21:00:00.000Z,1,31,20160611211
2016-06-11T22:00:00.000Z,1,31,20160611221
2016-06-11T23:00:00.000Z,1,27,20160611231
2016-06-12T00:00:00.000Z,1,25,20160612001
2016-06-12T01:00:00.000Z,1,17,20160612011
2016-06-12T02:00:00.000Z,1,18,20160612021
2016-06-12T03:00:00.000Z,1,15,20160612031
2016-06-12T04:00:00.000Z,1,17,20160612041
2016-06-12T05:00:00.000Z,1,15,20160612051
2016-06-12T06:00:00.000Z,1,15,20160612061
2016-06-12T07:00:00.000Z,1,19,20160612071
2016-06-12T08:00:00.000Z,1,18,20160612081
2016-06-12T09:00:00.000Z,1,21,20160612091
2016-06-12T10:00:00.000Z,1,29,20160612101
2016-06-12T11:00:00.000Z,1,25,20160612111
2016-06-12T12:00:00.000Z,1,28,20160612121
2016-06-12T13:00:00.000Z,1,25,20160612131
2016-06-12T14:00:00.000Z,1,28,20160612141
2016-06-12T15:00:00.000Z,1,26,20160612151
2016-06-12T16:00:00.000Z,1,23,20160612161
2016-06-12T17:00:00.000Z,1,27,20160612171
2016-06-12T18:00:00.000Z,1,29,20160612181
2016-06-12T19:00:00.000Z,1,32,20160612191
2016-06-12T20:00:00.000Z,1,32,20160612201
2016-06-12T21:00:00.000Z,1,30,20160612211
2016-06-12T22:00:00.000Z,1,33,20160612221
2016-06-12T23:00:00.000Z,1,32,20160612231
2016-06-13T00:00:00.000Z,1,25,20160613001
2016-06-13T01:00:00.000Z,1,23,20160613011
2016-06-13T02:00:00.000Z,1,18,20160613021
2016-06-13T03:00:00.000Z,1,15,20160613031
2016-06-13T04:00:00.000Z,1,16,20160613041
2016-06-13T05:00:00.000Z,1,16,20160613051
2016-06-13T06:00:00.000Z,1,18,20160613061
2016-06-13T07:00:00.000Z,1,22,20160613071
2016-06-13T08:00:00.000Z,1,23,20160613081
2016-06-13T09:00:00.000Z,1,33,20160613091
2016-06-13T10:00:00.000Z,1,56,20160613101
2016-06-13T11:00:00.000Z,1,56,20160613111
2016-06-13T12:00:00.000Z,1,58,20160613121
2016-06-13T13:00:00.000Z,1,52,20160613131
2016-06-13T14:00:00.000Z,1,57,20160613141
2016-06-13T15:00:00.000Z,1,54,20160613151
2016-06-13T16:00:00.000Z,1,50,20160613161
2016-06-13T17:00:00.000Z,1,53,20160613171
2016-06-13T18:00:00.000Z,1,56,20160613181
2016-06-13T19:00:00.000Z,1,53,20160613191
2016-06-13T20:00:00.000Z,1,53,20160613201
2016-06-13T21:00:00.000Z,1,46,20160613211
2016-06-13T22:00:00.000Z,1,41,20160613221
2016-06-13T23:00:00.000Z,1,44,20160613231
2016-06-14T00:00:00.000Z,1,38,20160614001
2016-06-14T01:00:00.000Z,1,34,20160614011
2016-06-14T02:00:00.000Z,1,27,20160614021
2016-06-14T03:00:00.000Z,1,23,20160614031
2016-06-14T04:00:00.000Z,1,21,20160614041
2016-06-14T05:00:00.000Z,1,21,20160614051
2016-06-14T06:00:00.000Z,1,22,20160614061
2016-06-14T07:00:00.000Z,1,25,20160614071
2016-06-14T08:00:00.000Z,1,25,20160614081
2016-06-14T09:00:00.000Z,1,35,20160614091
2016-06-14T10:00:00.000Z,1,43,20160614101
2016-06-14T11:00:00.000Z,1,54,20160614111
2016-06-14T12:00:00.000Z,1,56,20160614121
2016-06-14T13:00:00.000Z,1,44,20160614131
2016-06-14T14:00:00.000Z,1,53,20160614141
2016-06-14T15:00:00.000Z,1,49,20160614151
2016-06-14T16:00:00.000Z,1,46,20160614161
2016-06-14T17:00:00.000Z,1,46,20160614171
2016-06-14T18:00:00.000Z,1,51,20160614181
2016-06-14T19:00:00.000Z,1,49,20160614191
2016-06-14T20:00:00.000Z,1,54,20160614201
2016-06-14T21:00:00.000Z,1,47,20160614211
2016-06-14T22:00:00.000Z,1,42,20160614221
2016-06-14T23:00:00.000Z,1,42,20160614231
2016-06-15T00:00:00.000Z,1,37,20160615001
2016-06-15T01:00:00.000Z,1,33,20160615011
2016-06-15T02:00:00.000Z,1,27,20160615021
2016-06-15T03:00:00.000Z,1,22,20160615031
2016-06-15T04:00:00.000Z,1,20,20160615041
2016-06-15T05:00:00.000Z,1,21,20160615051
2016-06-15T06:00:00.000Z,1,19,20160615061
2016-06-15T07:00:00.000Z,1,26,20160615071
2016-06-15T08:00:00.000Z,1,25,20160615081
2016-06-15T09:00:00.000Z,1,32,20160615091
2016-06-15T10:00:00.000Z,1,43,20160615101
2016-06-15T11:00:00.000Z,1,46,20160615111
2016-06-15T12:00:00.000Z,1,49,20160615121
2016-06-15T13:00:00.000Z,1,47,20160615131
2016-06-15T14:00:00.000Z,1,50,20160615141
2016-06-15T15:00:00.000Z,1,53,20160615151
2016-06-15T16:00:00.000Z,1,46,20160615161
2016-06-15T17:00:00.000Z,1,45,20160615171
2016-06-15T18:00:00.000Z,1,48,20160615181
2016-06-15T19:00:00.000Z,1,52,20160615191
2016-06-15T20:00:00.000Z,1,50,20160615201
2016-06-15T21:00:00.000Z,1,44,20160615211
2016-06-15T22:00:00.000Z,1,39,20160615221
2016-06-15T23:00:00.000Z,1,40,20160615231
2016-06-16T00:00:00.000Z,1,39,20160616001
2016-06-16T01:00:00.000Z,1,30,20160616011
2016-06-16T02:00:00.000Z,1,28,20160616021
2016-06-16T03:00:00.000Z,1,25,20160616031
2016-06-16T04:00:00.000Z,1,24,20160616041
2016-06-16T05:00:00.000Z,1,18,20160616051
2016-06-16T06:00:00.000Z,1,19,20160616061
2016-06-16T07:00:00.000Z,1,29,20160616071
2016-06-16T08:00:00.000Z,1,27,20160616081
2016-06-16T09:00:00.000Z,1,30,20160616091
2016-06-16T10:00:00.000Z,1,59,20160616101
2016-06-16T11:00:00.000Z,1,64,20160616111
2016-06-16T12:00:00.000Z,1,60,20160616121
2016-06-16T13:00:00.000Z,1,52,20160616131
2016-06-16T14:00:00.000Z,1,55,20160616141
2016-06-16T15:00:00.000Z,1,56,20160616151
2016-06-16T16:00:00.000Z,1,49,20160616161
2016-06-16T17:00:00.000Z,1,51,20160616171
2016-06-16T18:00:00.000Z,1,54,20160616181
2016-06-16T19:00:00.000Z,1,53,20160616191
2016-06-16T20:00:00.000Z,1,52,20160616201
2016-06-16T21:00:00.000Z,1,47,20160616211
2016-06-16T22:00:00.000Z,1,44,20160616221
2016-06-16T23:00:00.000Z,1,48,20160616231
2016-06-17T00:00:00.000Z,1,46,20160617001
2016-06-17T01:00:00.000Z,1,32,20160617011
2016-06-17T02:00:00.000Z,1,31,20160617021
2016-06-17T03:00:00.000Z,1,25,20160617031
2016-06-17T04:00:00.000Z,1,18,20160617041
2016-06-17T05:00:00.000Z,1,18,20160617051
2016-06-17T06:00:00.000Z,1,23,20160617061
2016-06-17T07:00:00.000Z,1,25,20160617071
2016-06-17T08:00:00.000Z,1,27,20160617081
2016-06-17T09:00:00.000Z,1,30,20160617091
2016-06-17T10:00:00.000Z,1,39,20160617101
2016-06-17T11:00:00.000Z,1,48,20160617111
2016-06-17T12:00:00.000Z,1,50,20160617121
2016-06-17T13:00:00.000Z,1,44,20160617131
2016-06-17T14:00:00.000Z,1,55,20160617141
2016-06-17T15:00:00.000Z,1,50,20160617151
2016-06-17T16:00:00.000Z,1,44,20160617161
2016-06-17T17:00:00.000Z,1,44,20160617171
2016-06-17T18:00:00.000Z,1,48,20160617181
2016-06-17T19:00:00.000Z,1,54,20160617191
2016-06-17T20:00:00.000Z,1,58,20160617201
2016-06-17T21:00:00.000Z,1,41,20160617211
2016-06-17T22:00:00.000Z,1,41,20160617221
2016-06-17T23:00:00.000Z,1,42,20160617231
2016-06-18T00:00:00.000Z,1,37,20160618001
2016-06-18T01:00:00.000Z,1,33,20160618011
2016-06-18T02:00:00.000Z,1,27,20160618021
2016-06-18T03:00:00.000Z,1,20,20160618031
2016-06-18T04:00:00.000Z,1,22,20160618041
2016-06-18T05:00:00.000Z,1,16,20160618051
2016-06-18T06:00:00.000Z,1,16,20160618061
2016-06-18T07:00:00.000Z,1,16,20160618071
2016-06-18T08:00:00.000Z,1,22,20160618081
2016-06-18T09:00:00.000Z,1,25,20160618091
2016-06-18T10:00:00.000Z,1,36,20160618101
2016-06-18T11:00:00.000Z,1,42,20160618111
2016-06-18T12:00:00.000Z,1,41,20160618121
2016-06-18T13:00:00.000Z,1,36,20160618131
2016-06-18T14:00:00.000Z,1,32,20160618141
2016-06-18T15:00:00.000Z,1,31,20160618151
2016-06-18T16:00:00.000Z,1,31,20160618161
2016-06-18T17:00:00.000Z,1,30,20160618171
2016-06-18T18:00:00.000Z,1,35,20160618181
2016-06-18T19:00:00.000Z,1,34,20160618191
2016-06-18T20:00:00.000Z,1,35,20160618201
2016-06-18T21:00:00.000Z,1,32,20160618211
2016-06-18T22:00:00.000Z,1,37,20160618221
2016-06-18T23:00:00.000Z,1,33,20160618231
2016-06-19T00:00:00.000Z,1,30,20160619001
2016-06-19T01:00:00.000Z,1,26,20160619011
2016-06-19T02:00:00.000Z,1,19,20160619021
2016-06-19T03:00:00.000Z,1,19,20160619031
2016-06-19T04:00:00.000Z,1,13,20160619041
2016-06-19T05:00:00.000Z,1,15,20160619051
2016-06-19T06:00:00.000Z,1,17,20160619061
2016-06-19T07:00:00.000Z,1,17,20160619071
2016-06-19T08:00:00.000Z,1,19,20160619081
2016-06-19T09:00:00.000Z,1,23,20160619091
2016-06-19T10:00:00.000Z,1,25,20160619101
2016-06-19T11:00:00.000Z,1,27,20160619111
2016-06-19T12:00:00.000Z,1,31,20160619121
2016-06-19T13:00:00.000Z,1,26,20160619131
2016-06-19T14:00:00.000Z,1,29,20160619141
2016-06-19T15:00:00.000Z,1,31,20160619151
2016-06-19T16:00:00.000Z,1,24,20160619161
2016-06-19T17:00:00.000Z,1,30,20160619171
2016-06-19T18:00:00.000Z,1,29,20160619181
2016-06-19T19:00:00.000Z,1,33,20160619191
2016-06-19T20:00:00.000Z,1,31,20160619201
2016-06-19T21:00:00.000Z,1,30,20160619211
2016-06-19T22:00:00.000Z,1,35,20160619221
2016-06-19T23:00:00.000Z,1,34,20160619231
2016-06-20T00:00:00.000Z,1,31,20160620001
2016-06-20T01:00:00.000Z,1,25,20160620011
2016-06-20T02:00:00.000Z,1,18,20160620021
2016-06-20T03:00:00.000Z,1,16,20160620031
2016-06-20T04:00:00.000Z,1,16,20160620041
2016-06-20T05:00:00.000Z,1,19,20160620051
2016-06-20T06:00:00.000Z,1,17,20160620061
2016-06-20T07:00:00.000Z,1,20,20160620071
2016-06-20T08:00:00.000Z,1,24,20160620081
2016-06-20T09:00:00.000Z,1,35,20160620091
2016-06-20T10:00:00.000Z,1,62,20160620101
2016-06-20T11:00:00.000Z,1,70,20160620111
2016-06-20T12:00:00.000Z,1,64,20160620121
2016-06-20T13:00:00.000Z,1,59,20160620131
2016-06-20T14:00:00.000Z,1,59,20160620141
2016-06-20T15:00:00.000Z,1,58,20160620151
2016-06-20T16:00:00.000Z,1,58,20160620161
2016-06-20T17:00:00.000Z,1,59,20160620171
2016-06-20T18:00:00.000Z,1,57,20160620181
2016-06-20T19:00:00.000Z,1,62,20160620191
2016-06-20T20:00:00.000Z,1,60,20160620201
2016-06-20T21:00:00.000Z,1,54,20160620211
2016-06-20T22:00:00.000Z,1,49,20160620221
2016-06-20T23:00:00.000Z,1,52,20160620231
2016-06-21T00:00:00.000Z,1,41,20160621001
2016-06-21T01:00:00.000Z,1,36,20160621011
2016-06-21T02:00:00.000Z,1,33,20160621021
2016-06-21T03:00:00.000Z,1,26,20160621031
2016-06-21T04:00:00.000Z,1,25,20160621041
2016-06-21T05:00:00.000Z,1,22,20160621051
2016-06-21T06:00:00.000Z,1,25,20160621061
2016-06-21T07:00:00.000Z,1,29,20160621071
2016-06-21T08:00:00.000Z,1,33,20160621081
2016-06-21T09:00:00.000Z,1,40,20160621091
2016-06-21T10:00:00.000Z,1,49,20160621101
2016-06-21T11:00:00.000Z,1,61,20160621111
2016-06-21T12:00:00.000Z,1,60,20160621121
2016-06-21T13:00:00.000Z,1,60,20160621131
2016-06-21T14:00:00.000Z,1,59,20160621141
2016-06-21T15:00:00.000Z,1,57,20160621151
2016-06-21T16:00:00.000Z,1,57,20160621161
2016-06-21T17:00:00.000Z,1,51,20160621171
2016-06-21T18:00:00.000Z,1,60,20160621181
2016-06-21T19:00:00.000Z,1,59,20160621191
2016-06-21T20:00:00.000Z,1,58,20160621201
2016-06-21T21:00:00.000Z,1,49,20160621211
2016-06-21T22:00:00.000Z,1,51,20160621221
2016-06-21T23:00:00.000Z,1,48,20160621231
2016-06-22T00:00:00.000Z,1,45,20160622001
2016-06-22T01:00:00.000Z,1,38,20160622011
2016-06-22T02:00:00.000Z,1,32,20160622021
2016-06-22T03:00:00.000Z,1,26,20160622031
2016-06-22T04:00:00.000Z,1,22,20160622041
2016-06-22T05:00:00.000Z,1,20,20160622051
2016-06-22T06:00:00.000Z,1,22,20160622061
2016-06-22T07:00:00.000Z,1,29,20160622071
2016-06-22T08:00:00.000Z,1,33,20160622081
2016-06-22T09:00:00.000Z,1,38,20160622091
2016-06-22T10:00:00.000Z,1,45,20160622101
2016-06-22T11:00:00.000Z,1,55,20160622111
2016-06-22T12:00:00.000Z,1,54,20160622121
2016-06-22T13:00:00.000Z,1,51,20160622131
2016-06-22T14:00:00.000Z,1,53,20160622141
2016-06-22T15:00:00.000Z,1,52,20160622151
2016-06-22T16:00:00.000Z,1,53,20160622161
2016-06-22T17:00:00.000Z,1,58,20160622171
2016-06-22T18:00:00.000Z,1,51,20160622181
2016-06-22T19:00:00.000Z,1,60,20160622191
2016-06-22T20:00:00.000Z,1,52,20160622201
2016-06-22T21:00:00.000Z,1,52,20160622211
2016-06-22T22:00:00.000Z,1,42,20160622221
2016-06-22T23:00:00.000Z,1,46,20160622231
2016-06-23T00:00:00.000Z,1,39,20160623001
2016-06-23T01:00:00.000Z,1,35,20160623011
2016-06-23T02:00:00.000Z,1,31,20160623021
2016-06-23T03:00:00.000Z,1,21,20160623031
2016-06-23T04:00:00.000Z,1,21,20160623041
2016-06-23T05:00:00.000Z,1,20,20160623051
2016-06-23T06:00:00.000Z,1,21,20160623061
2016-06-23T07:00:00.000Z,1,24,20160623071
2016-06-23T08:00:00.000Z,1,28,20160623081
2016-06-23T09:00:00.000Z,1,32,20160623091
2016-06-23T10:00:00.000Z,1,54,20160623101
2016-06-23T11:00:00.000Z,1,62,20160623111
2016-06-23T12:00:00.000Z,1,57,20160623121
2016-06-23T13:00:00.000Z,1,54,20160623131
2016-06-23T14:00:00.000Z,1,57,20160623141
2016-06-23T15:00:00.000Z,1,53,20160623151
2016-06-23T16:00:00.000Z,1,51,20160623161
2016-06-23T17:00:00.000Z,1,55,20160623171
2016-06-23T18:00:00.000Z,1,52,20160623181
2016-06-23T19:00:00.000Z,1,57,20160623191
2016-06-23T20:00:00.000Z,1,51,20160623201
2016-06-23T21:00:00.000Z,1,50,20160623211
2016-06-23T22:00:00.000Z,1,46,20160623221
2016-06-23T23:00:00.000Z,1,44,20160623231
2016-06-24T00:00:00.000Z,1,38,20160624001
2016-06-24T01:00:00.000Z,1,29,20160624011
2016-06-24T02:00:00.000Z,1,32,20160624021
2016-06-24T03:00:00.000Z,1,23,20160624031
2016-06-24T04:00:00.000Z,1,22,20160624041
2016-06-24T05:00:00.000Z,1,17,20160624051
2016-06-24T06:00:00.000Z,1,17,20160624061
2016-06-24T07:00:00.000Z,1,27,20160624071
2016-06-24T08:00:00.000Z,1,27,20160624081
2016-06-24T09:00:00.000Z,1,36,20160624091
2016-06-24T10:00:00.000Z,1,46,20160624101
2016-06-24T11:00:00.000Z,1,48,20160624111
2016-06-24T12:00:00.000Z,1,50,20160624121
2016-06-24T13:00:00.000Z,1,45,20160624131
2016-06-24T14:00:00.000Z,1,48,20160624141
2016-06-24T15:00:00.000Z,1,45,20160624151
2016-06-24T16:00:00.000Z,1,46,20160624161
2016-06-24T17:00:00.000Z,1,45,20160624171
2016-06-24T18:00:00.000Z,1,45,20160624181
2016-06-24T19:00:00.000Z,1,43,20160624191
2016-06-24T20:00:00.000Z,1,46,20160624201
2016-06-24T21:00:00.000Z,1,41,20160624211
2016-06-24T22:00:00.000Z,1,41,20160624221
2016-06-24T23:00:00.000Z,1,35,20160624231
2016-06-25T00:00:00.000Z,1,32,20160625001
2016-06-25T01:00:00.000Z,1,31,20160625011
2016-06-25T02:00:00.000Z,1,26,20160625021
2016-06-25T03:00:00.000Z,1,19,20160625031
2016-06-25T04:00:00.000Z,1,16,20160625041
2016-06-25T05:00:00.000Z,1,14,20160625051
2016-06-25T06:00:00.000Z,1,15,20160625061
2016-06-25T07:00:00.000Z,1,21,20160625071
2016-06-25T08:00:00.000Z,1,17,20160625081
2016-06-25T09:00:00.000Z,1,24,20160625091
2016-06-25T10:00:00.000Z,1,34,20160625101
2016-06-25T11:00:00.000Z,1,31,20160625111
2016-06-25T12:00:00.000Z,1,33,20160625121
2016-06-25T13:00:00.000Z,1,30,20160625131
2016-06-25T14:00:00.000Z,1,27,20160625141
2016-06-25T15:00:00.000Z,1,30,20160625151
2016-06-25T16:00:00.000Z,1,26,20160625161
2016-06-25T17:00:00.000Z,1,25,20160625171
2016-06-25T18:00:00.000Z,1,36,20160625181
2016-06-25T19:00:00.000Z,1,39,20160625191
2016-06-25T20:00:00.000Z,1,35,20160625201
2016-06-25T21:00:00.000Z,1,31,20160625211
2016-06-25T22:00:00.000Z,1,37,20160625221
2016-06-25T23:00:00.000Z,1,31,20160625231
2016-06-26T00:00:00.000Z,1,31,20160626001
2016-06-26T01:00:00.000Z,1,24,20160626011
2016-06-26T02:00:00.000Z,1,23,20160626021
2016-06-26T03:00:00.000Z,1,15,20160626031
2016-06-26T04:00:00.000Z,1,13,20160626041
2016-06-26T05:00:00.000Z,1,11,20160626051
2016-06-26T06:00:00.000Z,1,17,20160626061
2016-06-26T07:00:00.000Z,1,18,20160626071
2016-06-26T08:00:00.000Z,1,21,20160626081
2016-06-26T09:00:00.000Z,1,25,20160626091
2016-06-26T10:00:00.000Z,1,29,20160626101
2016-06-26T11:00:00.000Z,1,32,20160626111
2016-06-26T12:00:00.000Z,1,30,20160626121
2016-06-26T13:00:00.000Z,1,29,20160626131
2016-06-26T14:00:00.000Z,1,25,20160626141
2016-06-26T15:00:00.000Z,1,30,20160626151
2016-06-26T16:00:00.000Z,1,27,20160626161
2016-06-26T17:00:00.000Z,1,27,20160626171
2016-06-26T18:00:00.000Z,1,33,20160626181
2016-06-26T19:00:00.000Z,1,39,20160626191
2016-06-26T20:00:00.000Z,1,41,20160626201
2016-06-26T21:00:00.000Z,1,34,20160626211
2016-06-26T22:00:00.000Z,1,37,20160626221
2016-06-26T23:00:00.000Z,1,36,20160626231
2016-06-27T00:00:00.000Z,1,29,20160627001
2016-06-27T01:00:00.000Z,1,22,20160627011
2016-06-27T02:00:00.000Z,1,20,20160627021
2016-06-27T03:00:00.000Z,1,22,20160627031
2016-06-27T04:00:00.000Z,1,16,20160627041
2016-06-27T05:00:00.000Z,1,15,20160627051
2016-06-27T06:00:00.000Z,1,20,20160627061
2016-06-27T07:00:00.000Z,1,23,20160627071
2016-06-27T08:00:00.000Z,1,27,20160627081
2016-06-27T09:00:00.000Z,1,34,20160627091
2016-06-27T10:00:00.000Z,1,43,20160627101
2016-06-27T11:00:00.000Z,1,57,20160627111
2016-06-27T12:00:00.000Z,1,62,20160627121
2016-06-27T13:00:00.000Z,1,52,20160627131
2016-06-27T14:00:00.000Z,1,59,20160627141
2016-06-27T15:00:00.000Z,1,57,20160627151
2016-06-27T16:00:00.000Z,1,56,20160627161
2016-06-27T17:00:00.000Z,1,54,20160627171
2016-06-27T18:00:00.000Z,1,55,20160627181
2016-06-27T19:00:00.000Z,1,60,20160627191
2016-06-27T20:00:00.000Z,1,58,20160627201
2016-06-27T21:00:00.000Z,1,50,20160627211
2016-06-27T22:00:00.000Z,1,50,20160627221
2016-06-27T23:00:00.000Z,1,45,20160627231
2016-06-28T00:00:00.000Z,1,42,20160628001
2016-06-28T01:00:00.000Z,1,33,20160628011
2016-06-28T02:00:00.000Z,1,29,20160628021
2016-06-28T03:00:00.000Z,1,24,20160628031
2016-06-28T04:00:00.000Z,1,22,20160628041
2016-06-28T05:00:00.000Z,1,19,20160628051
2016-06-28T06:00:00.000Z,1,24,20160628061
2016-06-28T07:00:00.000Z,1,23,20160628071
2016-06-28T08:00:00.000Z,1,31,20160628081
2016-06-28T09:00:00.000Z,1,33,20160628091
2016-06-28T10:00:00.000Z,1,49,20160628101
2016-06-28T11:00:00.000Z,1,55,20160628111
2016-06-28T12:00:00.000Z,1,55,20160628121
2016-06-28T13:00:00.000Z,1,53,20160628131
2016-06-28T14:00:00.000Z,1,56,20160628141
2016-06-28T15:00:00.000Z,1,60,20160628151
2016-06-28T16:00:00.000Z,1,52,20160628161
2016-06-28T17:00:00.000Z,1,55,20160628171
2016-06-28T18:00:00.000Z,1,60,20160628181
2016-06-28T19:00:00.000Z,1,58,20160628191
2016-06-28T20:00:00.000Z,1,56,20160628201
2016-06-28T21:00:00.000Z,1,50,20160628211
2016-06-28T22:00:00.000Z,1,49,20160628221
2016-06-28T23:00:00.000Z,1,47,20160628231
2016-06-29T00:00:00.000Z,1,40,20160629001
2016-06-29T01:00:00.000Z,1,34,20160629011
2016-06-29T02:00:00.000Z,1,31,20160629021
2016-06-29T03:00:00.000Z,1,23,20160629031
2016-06-29T04:00:00.000Z,1,23,20160629041
2016-06-29T05:00:00.000Z,1,20,20160629051
2016-06-29T06:00:00.000Z,1,22,20160629061
2016-06-29T07:00:00.000Z,1,25,20160629071
2016-06-29T08:00:00.000Z,1,30,20160629081
2016-06-29T09:00:00.000Z,1,38,20160629091
2016-06-29T10:00:00.000Z,1,50,20160629101
2016-06-29T11:00:00.000Z,1,76,20160629111
2016-06-29T12:00:00.000Z,1,70,20160629121
2016-06-29T13:00:00.000Z,1,63,20160629131
2016-06-29T14:00:00.000Z,1,64,20160629141
2016-06-29T15:00:00.000Z,1,61,20160629151
2016-06-29T16:00:00.000Z,1,60,20160629161
2016-06-29T17:00:00.000Z,1,55,20160629171
2016-06-29T18:00:00.000Z,1,64,20160629181
2016-06-29T19:00:00.000Z,1,64,20160629191
2016-06-29T20:00:00.000Z,1,52,20160629201
2016-06-29T21:00:00.000Z,1,52,20160629211
2016-06-29T22:00:00.000Z,1,56,20160629221
2016-06-29T23:00:00.000Z,1,49,20160629231
2016-06-30T00:00:00.000Z,1,46,20160630001
2016-06-30T01:00:00.000Z,1,38,20160630011
2016-06-30T02:00:00.000Z,1,32,20160630021
2016-06-30T03:00:00.000Z,1,25,20160630031
2016-06-30T04:00:00.000Z,1,24,20160630041
2016-06-30T05:00:00.000Z,1,19,20160630051
2016-06-30T06:00:00.000Z,1,25,20160630061
2016-06-30T07:00:00.000Z,1,26,20160630071
2016-06-30T08:00:00.000Z,1,30,20160630081
2016-06-30T09:00:00.000Z,1,36,20160630091
2016-06-30T10:00:00.000Z,1,51,20160630101
2016-06-30T11:00:00.000Z,1,56,20160630111
2016-06-30T12:00:00.000Z,1,58,20160630121
2016-06-30T13:00:00.000Z,1,55,20160630131
2016-06-30T14:00:00.000Z,1,58,20160630141
2016-06-30T15:00:00.000Z,1,54,20160630151
2016-06-30T16:00:00.000Z,1,49,20160630161
2016-06-30T17:00:00.000Z,1,56,20160630171
2016-06-30T18:00:00.000Z,1,58,20160630181
2016-06-30T19:00:00.000Z,1,60,20160630191
2016-06-30T20:00:00.000Z,1,55,20160630201
2016-06-30T21:00:00.000Z,1,50,20160630211
2016-06-30T22:00:00.000Z,1,50,20160630221
2016-06-30T23:00:00.000Z,1,46,20160630231
2016-07-01T00:00:00.000Z,1,39,20160701001
2016-07-01T01:00:00.000Z,1,34,20160701011
2016-07-01T02:00:00.000Z,1,33,20160701021
2016-07-01T03:00:00.000Z,1,24,20160701031
2016-07-01T04:00:00.000Z,1,21,20160701041
2016-07-01T05:00:00.000Z,1,18,20160701051
2016-07-01T06:00:00.000Z,1,24,20160701061
2016-07-01T07:00:00.000Z,1,23,20160701071
2016-07-01T08:00:00.000Z,1,29,20160701081
2016-07-01T09:00:00.000Z,1,33,20160701091
2016-07-01T10:00:00.000Z,1,53,20160701101
2016-07-01T11:00:00.000Z,1,64,20160701111
2016-07-01T12:00:00.000Z,1,61,20160701121
2016-07-01T13:00:00.000Z,1,48,20160701131
2016-07-01T14:00:00.000Z,1,58,20160701141
2016-07-01T15:00:00.000Z,1,50,20160701151
2016-07-01T16:00:00.000Z,1,50,20160701161
2016-07-01T17:00:00.000Z,1,51,20160701171
2016-07-01T18:00:00.000Z,1,47,20160701181
2016-07-01T19:00:00.000Z,1,49,20160701191
2016-07-01T20:00:00.000Z,1,55,20160701201
2016-07-01T21:00:00.000Z,1,47,20160701211
2016-07-01T22:00:00.000Z,1,41,20160701221
2016-07-01T23:00:00.000Z,1,37,20160701231
2016-07-02T00:00:00.000Z,1,32,20160702001
2016-07-02T01:00:00.000Z,1,26,20160702011
2016-07-02T02:00:00.000Z,1,26,20160702021
2016-07-02T03:00:00.000Z,1,24,20160702031
2016-07-02T04:00:00.000Z,1,16,20160702041
2016-07-02T05:00:00.000Z,1,17,20160702051
2016-07-02T06:00:00.000Z,1,17,20160702061
2016-07-02T07:00:00.000Z,1,19,20160702071
2016-07-02T08:00:00.000Z,1,20,20160702081
2016-07-02T09:00:00.000Z,1,23,20160702091
2016-07-02T10:00:00.000Z,1,28,20160702101
2016-07-02T11:00:00.000Z,1,29,20160702111
2016-07-02T12:00:00.000Z,1,31,20160702121
2016-07-02T13:00:00.000Z,1,30,20160702131
2016-07-02T14:00:00.000Z,1,30,20160702141
2016-07-02T15:00:00.000Z,1,30,20160702151
2016-07-02T16:00:00.000Z,1,26,20160702161
2016-07-02T17:00:00.000Z,1,29,20160702171
2016-07-02T18:00:00.000Z,1,28,20160702181
2016-07-02T19:00:00.000Z,1,32,20160702191
2016-07-02T20:00:00.000Z,1,34,20160702201
2016-07-02T21:00:00.000Z,1,36,20160702211
2016-07-02T22:00:00.000Z,1,32,20160702221
2016-07-02T23:00:00.000Z,1,33,20160702231
2016-07-03T00:00:00.000Z,1,30,20160703001
2016-07-03T01:00:00.000Z,1,23,20160703011
2016-07-03T02:00:00.000Z,1,20,20160703021
2016-07-03T03:00:00.000Z,1,15,20160703031
2016-07-03T04:00:00.000Z,1,18,20160703041
2016-07-03T05:00:00.000Z,1,15,20160703051
2016-07-03T06:00:00.000Z,1,14,20160703061
2016-07-03T07:00:00.000Z,1,13,20160703071
2016-07-03T08:00:00.000Z,1,15,20160703081
2016-07-03T09:00:00.000Z,1,21,20160703091
2016-07-03T10:00:00.000Z,1,26,20160703101
2016-07-03T11:00:00.000Z,1,25,20160703111
2016-07-03T12:00:00.000Z,1,26,20160703121
2016-07-03T13:00:00.000Z,1,28,20160703131
2016-07-03T14:00:00.000Z,1,24,20160703141
2016-07-03T15:00:00.000Z,1,26,20160703151
2016-07-03T16:00:00.000Z,1,27,20160703161
2016-07-03T17:00:00.000Z,1,29,20160703171
2016-07-03T18:00:00.000Z,1,34,20160703181
2016-07-03T19:00:00.000Z,1,36,20160703191
2016-07-03T20:00:00.000Z,1,38,20160703201
2016-07-03T21:00:00.000Z,1,33,20160703211
2016-07-03T22:00:00.000Z,1,32,20160703221
2016-07-03T23:00:00.000Z,1,35,20160703231
2016-07-04T00:00:00.000Z,1,30,20160704001
2016-07-04T01:00:00.000Z,1,19,20160704011
2016-07-04T02:00:00.000Z,1,19,20160704021
2016-07-04T03:00:00.000Z,1,18,20160704031
2016-07-04T04:00:00.000Z,1,19,20160704041
2016-07-04T05:00:00.000Z,1,14,20160704051
2016-07-04T06:00:00.000Z,1,17,20160704061
2016-07-04T07:00:00.000Z,1,22,20160704071
2016-07-04T08:00:00.000Z,1,23,20160704081
2016-07-04T09:00:00.000Z,1,33,20160704091
2016-07-04T10:00:00.000Z,1,42,20160704101
2016-07-04T11:00:00.000Z,1,67,20160704111
2016-07-04T12:00:00.000Z,1,63,20160704121
2016-07-04T13:00:00.000Z,1,52,20160704131
2016-07-04T14:00:00.000Z,1,58,20160704141
2016-07-04T15:00:00.000Z,1,59,20160704151
2016-07-04T16:00:00.000Z,1,51,20160704161
2016-07-04T17:00:00.000Z,1,52,20160704171
2016-07-04T18:00:00.000Z,1,51,20160704181
2016-07-04T19:00:00.000Z,1,49,20160704191
2016-07-04T20:00:00.000Z,1,47,20160704201
2016-07-04T21:00:00.000Z,1,45,20160704211
2016-07-04T22:00:00.000Z,1,43,20160704221
2016-07-04T23:00:00.000Z,1,40,20160704231
2016-07-05T00:00:00.000Z,1,33,20160705001
2016-07-05T01:00:00.000Z,1,28,20160705011
2016-07-05T02:00:00.000Z,1,25,20160705021
2016-07-05T03:00:00.000Z,1,17,20160705031
2016-07-05T04:00:00.000Z,1,21,20160705041
2016-07-05T05:00:00.000Z,1,17,20160705051
2016-07-05T06:00:00.000Z,1,20,20160705061
2016-07-05T07:00:00.000Z,1,24,20160705071
2016-07-05T08:00:00.000Z,1,25,20160705081
2016-07-05T09:00:00.000Z,1,34,20160705091
2016-07-05T10:00:00.000Z,1,45,20160705101
2016-07-05T11:00:00.000Z,1,55,20160705111
2016-07-05T12:00:00.000Z,1,60,20160705121
2016-07-05T13:00:00.000Z,1,52,20160705131
2016-07-05T14:00:00.000Z,1,57,20160705141
2016-07-05T15:00:00.000Z,1,54,20160705151
2016-07-05T16:00:00.000Z,1,52,20160705161
2016-07-05T17:00:00.000Z,1,52,20160705171
2016-07-05T18:00:00.000Z,1,59,20160705181
2016-07-05T19:00:00.000Z,1,51,20160705191
2016-07-05T20:00:00.000Z,1,52,20160705201
2016-07-05T21:00:00.000Z,1,49,20160705211
2016-07-05T22:00:00.000Z,1,45,20160705221
2016-07-05T23:00:00.000Z,1,46,20160705231
2016-07-06T00:00:00.000Z,1,42,20160706001
2016-07-06T01:00:00.000Z,1,35,20160706011
2016-07-06T02:00:00.000Z,1,30,20160706021
2016-07-06T03:00:00.000Z,1,24,20160706031
2016-07-06T04:00:00.000Z,1,21,20160706041
2016-07-06T05:00:00.000Z,1,17,20160706051
2016-07-06T06:00:00.000Z,1,18,20160706061
2016-07-06T07:00:00.000Z,1,24,20160706071
2016-07-06T08:00:00.000Z,1,23,20160706081
2016-07-06T09:00:00.000Z,1,35,20160706091
2016-07-06T10:00:00.000Z,1,38,20160706101
2016-07-06T11:00:00.000Z,1,46,20160706111
2016-07-06T12:00:00.000Z,1,48,20160706121
2016-07-06T13:00:00.000Z,1,44,20160706131
2016-07-06T14:00:00.000Z,1,41,20160706141
2016-07-06T15:00:00.000Z,1,42,20160706151
2016-07-06T16:00:00.000Z,1,43,20160706161
2016-07-06T17:00:00.000Z,1,49,20160706171
2016-07-06T18:00:00.000Z,1,48,20160706181
2016-07-06T19:00:00.000Z,1,55,20160706191
2016-07-06T20:00:00.000Z,1,55,20160706201
2016-07-06T21:00:00.000Z,1,48,20160706211
2016-07-06T22:00:00.000Z,1,44,20160706221
2016-07-06T23:00:00.000Z,1,46,20160706231
2016-07-07T00:00:00.000Z,1,41,20160707001
2016-07-07T01:00:00.000Z,1,33,20160707011
2016-07-07T02:00:00.000Z,1,30,20160707021
2016-07-07T03:00:00.000Z,1,23,20160707031
2016-07-07T04:00:00.000Z,1,22,20160707041
2016-07-07T05:00:00.000Z,1,22,20160707051
2016-07-07T06:00:00.000Z,1,22,20160707061
2016-07-07T07:00:00.000Z,1,25,20160707071
2016-07-07T08:00:00.000Z,1,23,20160707081
2016-07-07T09:00:00.000Z,1,29,20160707091
2016-07-07T10:00:00.000Z,1,44,20160707101
2016-07-07T11:00:00.000Z,1,53,20160707111
2016-07-07T12:00:00.000Z,1,55,20160707121
2016-07-07T13:00:00.000Z,1,46,20160707131
2016-07-07T14:00:00.000Z,1,47,20160707141
2016-07-07T15:00:00.000Z,1,51,20160707151
2016-07-07T16:00:00.000Z,1,50,20160707161
2016-07-07T17:00:00.000Z,1,49,20160707171
2016-07-07T18:00:00.000Z,1,52,20160707181
2016-07-07T19:00:00.000Z,1,55,20160707191
2016-07-07T20:00:00.000Z,1,48,20160707201
2016-07-07T21:00:00.000Z,1,45,20160707211
2016-07-07T22:00:00.000Z,1,42,20160707221
2016-07-07T23:00:00.000Z,1,41,20160707231
2016-07-08T00:00:00.000Z,1,38,20160708001
2016-07-08T01:00:00.000Z,1,32,20160708011
2016-07-08T02:00:00.000Z,1,26,20160708021
2016-07-08T03:00:00.000Z,1,27,20160708031
2016-07-08T04:00:00.000Z,1,20,20160708041
2016-07-08T05:00:00.000Z,1,15,20160708051
2016-07-08T06:00:00.000Z,1,20,20160708061
2016-07-08T07:00:00.000Z,1,24,20160708071
2016-07-08T08:00:00.000Z,1,25,20160708081
2016-07-08T09:00:00.000Z,1,33,20160708091
2016-07-08T10:00:00.000Z,1,43,20160708101
2016-07-08T11:00:00.000Z,1,48,20160708111
2016-07-08T12:00:00.000Z,1,53,20160708121
2016-07-08T13:00:00.000Z,1,46,20160708131
2016-07-08T14:00:00.000Z,1,50,20160708141
2016-07-08T15:00:00.000Z,1,49,20160708151
2016-07-08T16:00:00.000Z,1,49,20160708161
2016-07-08T17:00:00.000Z,1,43,20160708171
2016-07-08T18:00:00.000Z,1,48,20160708181
2016-07-08T19:00:00.000Z,1,50,20160708191
2016-07-08T20:00:00.000Z,1,47,20160708201
2016-07-08T21:00:00.000Z,1,43,20160708211
2016-07-08T22:00:00.000Z,1,46,20160708221
2016-07-08T23:00:00.000Z,1,43,20160708231
2016-07-09T00:00:00.000Z,1,42,20160709001
2016-07-09T01:00:00.000Z,1,31,20160709011
2016-07-09T02:00:00.000Z,1,26,20160709021
2016-07-09T03:00:00.000Z,1,21,20160709031
2016-07-09T04:00:00.000Z,1,21,20160709041
2016-07-09T05:00:00.000Z,1,18,20160709051
2016-07-09T06:00:00.000Z,1,19,20160709061
2016-07-09T07:00:00.000Z,1,21,20160709071
2016-07-09T08:00:00.000Z,1,23,20160709081
2016-07-09T09:00:00.000Z,1,23,20160709091
2016-07-09T10:00:00.000Z,1,38,20160709101
2016-07-09T11:00:00.000Z,1,31,20160709111
2016-07-09T12:00:00.000Z,1,32,20160709121
2016-07-09T13:00:00.000Z,1,31,20160709131
2016-07-09T14:00:00.000Z,1,31,20160709141
2016-07-09T15:00:00.000Z,1,28,20160709151
2016-07-09T16:00:00.000Z,1,27,20160709161
2016-07-09T17:00:00.000Z,1,32,20160709171
2016-07-09T18:00:00.000Z,1,33,20160709181
2016-07-09T19:00:00.000Z,1,36,20160709191
2016-07-09T20:00:00.000Z,1,32,20160709201
2016-07-09T21:00:00.000Z,1,33,20160709211
2016-07-09T22:00:00.000Z,1,35,20160709221
2016-07-09T23:00:00.000Z,1,31,20160709231
2016-07-10T00:00:00.000Z,1,29,20160710001
2016-07-10T01:00:00.000Z,1,26,20160710011
2016-07-10T02:00:00.000Z,1,16,20160710021
2016-07-10T03:00:00.000Z,1,20,20160710031
2016-07-10T04:00:00.000Z,1,15,20160710041
2016-07-10T05:00:00.000Z,1,14,20160710051
2016-07-10T06:00:00.000Z,1,13,20160710061
2016-07-10T07:00:00.000Z,1,16,20160710071
2016-07-10T08:00:00.000Z,1,20,20160710081
2016-07-10T09:00:00.000Z,1,24,20160710091
2016-07-10T10:00:00.000Z,1,26,20160710101
2016-07-10T11:00:00.000Z,1,30,20160710111
2016-07-10T12:00:00.000Z,1,28,20160710121
2016-07-10T13:00:00.000Z,1,32,20160710131
2016-07-10T14:00:00.000Z,1,25,20160710141
2016-07-10T15:00:00.000Z,1,28,20160710151
2016-07-10T16:00:00.000Z,1,30,20160710161
2016-07-10T17:00:00.000Z,1,28,20160710171
2016-07-10T18:00:00.000Z,1,32,20160710181
2016-07-10T19:00:00.000Z,1,34,20160710191
2016-07-10T20:00:00.000Z,1,33,20160710201
2016-07-10T21:00:00.000Z,1,34,20160710211
2016-07-10T22:00:00.000Z,1,34,20160710221
2016-07-10T23:00:00.000Z,1,35,20160710231
2016-07-11T00:00:00.000Z,1,31,20160711001
2016-07-11T01:00:00.000Z,1,24,20160711011
2016-07-11T02:00:00.000Z,1,20,20160711021
2016-07-11T03:00:00.000Z,1,19,20160711031
2016-07-11T04:00:00.000Z,1,18,20160711041
2016-07-11T05:00:00.000Z,1,17,20160711051
2016-07-11T06:00:00.000Z,1,19,20160711061
2016-07-11T07:00:00.000Z,1,22,20160711071
2016-07-11T08:00:00.000Z,1,28,20160711081
2016-07-11T09:00:00.000Z,1,35,20160711091
2016-07-11T10:00:00.000Z,1,50,20160711101
2016-07-11T11:00:00.000Z,1,79,20160711111
2016-07-11T12:00:00.000Z,1,70,20160711121
2016-07-11T13:00:00.000Z,1,64,20160711131
2016-07-11T14:00:00.000Z,1,64,20160711141
2016-07-11T15:00:00.000Z,1,66,20160711151
2016-07-11T16:00:00.000Z,1,60,20160711161
2016-07-11T17:00:00.000Z,1,62,20160711171
2016-07-11T18:00:00.000Z,1,65,20160711181
2016-07-11T19:00:00.000Z,1,66,20160711191
2016-07-11T20:00:00.000Z,1,63,20160711201
2016-07-11T21:00:00.000Z,1,57,20160711211
2016-07-11T22:00:00.000Z,1,55,20160711221
2016-07-11T23:00:00.000Z,1,51,20160711231
2016-07-12T00:00:00.000Z,1,42,20160712001
2016-07-12T01:00:00.000Z,1,40,20160712011
2016-07-12T02:00:00.000Z,1,32,20160712021
2016-07-12T03:00:00.000Z,1,22,20160712031
2016-07-12T04:00:00.000Z,1,22,20160712041
2016-07-12T05:00:00.000Z,1,24,20160712051
2016-07-12T06:00:00.000Z,1,25,20160712061
2016-07-12T07:00:00.000Z,1,23,20160712071
2016-07-12T08:00:00.000Z,1,30,20160712081
2016-07-12T09:00:00.000Z,1,35,20160712091
2016-07-12T10:00:00.000Z,1,45,20160712101
2016-07-12T11:00:00.000Z,1,58,20160712111
2016-07-12T12:00:00.000Z,1,57,20160712121
2016-07-12T13:00:00.000Z,1,55,20160712131
2016-07-12T14:00:00.000Z,1,58,20160712141
2016-07-12T15:00:00.000Z,1,52,20160712151
2016-07-12T16:00:00.000Z,1,54,20160712161
2016-07-12T17:00:00.000Z,1,54,20160712171
2016-07-12T18:00:00.000Z,1,57,20160712181
2016-07-12T19:00:00.000Z,1,62,20160712191
2016-07-12T20:00:00.000Z,1,62,20160712201
2016-07-12T21:00:00.000Z,1,51,20160712211
2016-07-12T22:00:00.000Z,1,50,20160712221
2016-07-12T23:00:00.000Z,1,53,20160712231
2016-07-13T00:00:00.000Z,1,41,20160713001
2016-07-13T01:00:00.000Z,1,36,20160713011
2016-07-13T02:00:00.000Z,1,31,20160713021
2016-07-13T03:00:00.000Z,1,24,20160713031
2016-07-13T04:00:00.000Z,1,19,20160713041
2016-07-13T05:00:00.000Z,1,22,20160713051
2016-07-13T06:00:00.000Z,1,25,20160713061
2016-07-13T07:00:00.000Z,1,26,20160713071
2016-07-13T08:00:00.000Z,1,32,20160713081
2016-07-13T09:00:00.000Z,1,34,20160713091
2016-07-13T10:00:00.000Z,1,46,20160713101
2016-07-13T11:00:00.000Z,1,51,20160713111
2016-07-13T12:00:00.000Z,1,57,20160713121
2016-07-13T13:00:00.000Z,1,54,20160713131
2016-07-13T14:00:00.000Z,1,53,20160713141
2016-07-13T15:00:00.000Z,1,60,20160713151
2016-07-13T16:00:00.000Z,1,57,20160713161
2016-07-13T17:00:00.000Z,1,50,20160713171
2016-07-13T18:00:00.000Z,1,52,20160713181
2016-07-13T19:00:00.000Z,1,57,20160713191
2016-07-13T20:00:00.000Z,1,55,20160713201
2016-07-13T21:00:00.000Z,1,50,20160713211
2016-07-13T22:00:00.000Z,1,46,20160713221
2016-07-13T23:00:00.000Z,1,47,20160713231
2016-07-14T00:00:00.000Z,1,41,20160714001
2016-07-14T01:00:00.000Z,1,36,20160714011
2016-07-14T02:00:00.000Z,1,31,20160714021
2016-07-14T03:00:00.000Z,1,27,20160714031
2016-07-14T04:00:00.000Z,1,23,20160714041
2016-07-14T05:00:00.000Z,1,18,20160714051
2016-07-14T06:00:00.000Z,1,25,20160714061
2016-07-14T07:00:00.000Z,1,27,20160714071
2016-07-14T08:00:00.000Z,1,32,20160714081
2016-07-14T09:00:00.000Z,1,36,20160714091
2016-07-14T10:00:00.000Z,1,49,20160714101
2016-07-14T11:00:00.000Z,1,64,20160714111
2016-07-14T12:00:00.000Z,1,65,20160714121
2016-07-14T13:00:00.000Z,1,54,20160714131
2016-07-14T14:00:00.000Z,1,58,20160714141
2016-07-14T15:00:00.000Z,1,57,20160714151
2016-07-14T16:00:00.000Z,1,57,20160714161
2016-07-14T17:00:00.000Z,1,56,20160714171
2016-07-14T18:00:00.000Z,1,58,20160714181
2016-07-14T19:00:00.000Z,1,59,20160714191
2016-07-14T20:00:00.000Z,1,59,20160714201
2016-07-14T21:00:00.000Z,1,52,20160714211
2016-07-14T22:00:00.000Z,1,49,20160714221
2016-07-14T23:00:00.000Z,1,49,20160714231
2016-07-15T00:00:00.000Z,1,45,20160715001
2016-07-15T01:00:00.000Z,1,41,20160715011
2016-07-15T02:00:00.000Z,1,32,20160715021
2016-07-15T03:00:00.000Z,1,30,20160715031
2016-07-15T04:00:00.000Z,1,24,20160715041
2016-07-15T05:00:00.000Z,1,19,20160715051
2016-07-15T06:00:00.000Z,1,23,20160715061
2016-07-15T07:00:00.000Z,1,25,20160715071
2016-07-15T08:00:00.000Z,1,31,20160715081
2016-07-15T09:00:00.000Z,1,39,20160715091
2016-07-15T10:00:00.000Z,1,49,20160715101
2016-07-15T11:00:00.000Z,1,56,20160715111
2016-07-15T12:00:00.000Z,1,62,20160715121
2016-07-15T13:00:00.000Z,1,50,20160715131
2016-07-15T14:00:00.000Z,1,54,20160715141
2016-07-15T15:00:00.000Z,1,50,20160715151
2016-07-15T16:00:00.000Z,1,47,20160715161
2016-07-15T17:00:00.000Z,1,49,20160715171
2016-07-15T18:00:00.000Z,1,53,20160715181
2016-07-15T19:00:00.000Z,1,57,20160715191
2016-07-15T20:00:00.000Z,1,50,20160715201
2016-07-15T21:00:00.000Z,1,48,20160715211
2016-07-15T22:00:00.000Z,1,50,20160715221
2016-07-15T23:00:00.000Z,1,44,20160715231
2016-07-16T00:00:00.000Z,1,42,20160716001
2016-07-16T01:00:00.000Z,1,33,20160716011
2016-07-16T02:00:00.000Z,1,30,20160716021
2016-07-16T03:00:00.000Z,1,20,20160716031
2016-07-16T04:00:00.000Z,1,18,20160716041
2016-07-16T05:00:00.000Z,1,14,20160716051
2016-07-16T06:00:00.000Z,1,14,20160716061
2016-07-16T07:00:00.000Z,1,20,20160716071
2016-07-16T08:00:00.000Z,1,20,20160716081
2016-07-16T09:00:00.000Z,1,23,20160716091
2016-07-16T10:00:00.000Z,1,32,20160716101
2016-07-16T11:00:00.000Z,1,32,20160716111
2016-07-16T12:00:00.000Z,1,31,20160716121
2016-07-16T13:00:00.000Z,1,27,20160716131
2016-07-16T14:00:00.000Z,1,30,20160716141
2016-07-16T15:00:00.000Z,1,27,20160716151
2016-07-16T16:00:00.000Z,1,29,20160716161
2016-07-16T17:00:00.000Z,1,29,20160716171
2016-07-16T18:00:00.000Z,1,30,20160716181
2016-07-16T19:00:00.000Z,1,42,20160716191
2016-07-16T20:00:00.000Z,1,40,20160716201
2016-07-16T21:00:00.000Z,1,36,20160716211
2016-07-16T22:00:00.000Z,1,34,20160716221
2016-07-16T23:00:00.000Z,1,37,20160716231
2016-07-17T00:00:00.000Z,1,35,20160717001
2016-07-17T01:00:00.000Z,1,23,20160717011
2016-07-17T02:00:00.000Z,1,22,20160717021
2016-07-17T03:00:00.000Z,1,17,20160717031
2016-07-17T04:00:00.000Z,1,14,20160717041
2016-07-17T05:00:00.000Z,1,14,20160717051
2016-07-17T06:00:00.000Z,1,14,20160717061
2016-07-17T07:00:00.000Z,1,14,20160717071
2016-07-17T08:00:00.000Z,1,21,20160717081
2016-07-17T09:00:00.000Z,1,27,20160717091
2016-07-17T10:00:00.000Z,1,29,20160717101
2016-07-17T11:00:00.000Z,1,34,20160717111
2016-07-17T12:00:00.000Z,1,35,20160717121
2016-07-17T13:00:00.000Z,1,33,20160717131
2016-07-17T14:00:00.000Z,1,28,20160717141
2016-07-17T15:00:00.000Z,1,27,20160717151
2016-07-17T16:00:00.000Z,1,29,20160717161
2016-07-17T17:00:00.000Z,1,28,20160717171
2016-07-17T18:00:00.000Z,1,32,20160717181
2016-07-17T19:00:00.000Z,1,36,20160717191
2016-07-17T20:00:00.000Z,1,38,20160717201
2016-07-17T21:00:00.000Z,1,36,20160717211
2016-07-17T22:00:00.000Z,1,37,20160717221
2016-07-17T23:00:00.000Z,1,35,20160717231
2016-07-18T00:00:00.000Z,1,35,20160718001
2016-07-18T01:00:00.000Z,1,26,20160718011
2016-07-18T02:00:00.000Z,1,19,20160718021
2016-07-18T03:00:00.000Z,1,20,20160718031
2016-07-18T04:00:00.000Z,1,15,20160718041
2016-07-18T05:00:00.000Z,1,19,20160718051
2016-07-18T06:00:00.000Z,1,19,20160718061
2016-07-18T07:00:00.000Z,1,23,20160718071
2016-07-18T08:00:00.000Z,1,26,20160718081
2016-07-18T09:00:00.000Z,1,33,20160718091
2016-07-18T10:00:00.000Z,1,42,20160718101
2016-07-18T11:00:00.000Z,1,68,20160718111
2016-07-18T12:00:00.000Z,1,69,20160718121
2016-07-18T13:00:00.000Z,1,60,20160718131
2016-07-18T14:00:00.000Z,1,61,20160718141
2016-07-18T15:00:00.000Z,1,58,20160718151
2016-07-18T16:00:00.000Z,1,60,20160718161
2016-07-18T17:00:00.000Z,1,58,20160718171
2016-07-18T18:00:00.000Z,1,64,20160718181
2016-07-18T19:00:00.000Z,1,62,20160718191
2016-07-18T20:00:00.000Z,1,61,20160718201
2016-07-18T21:00:00.000Z,1,53,20160718211
2016-07-18T22:00:00.000Z,1,53,20160718221
2016-07-18T23:00:00.000Z,1,51,20160718231
2016-07-19T00:00:00.000Z,1,47,20160719001
2016-07-19T01:00:00.000Z,1,35,20160719011
2016-07-19T02:00:00.000Z,1,33,20160719021
2016-07-19T03:00:00.000Z,1,23,20160719031
2016-07-19T04:00:00.000Z,1,25,20160719041
2016-07-19T05:00:00.000Z,1,21,20160719051
2016-07-19T06:00:00.000Z,1,25,20160719061
2016-07-19T07:00:00.000Z,1,32,20160719071
2016-07-19T08:00:00.000Z,1,32,20160719081
2016-07-19T09:00:00.000Z,1,40,20160719091
2016-07-19T10:00:00.000Z,1,49,20160719101
2016-07-19T11:00:00.000Z,1,56,20160719111
2016-07-19T12:00:00.000Z,1,62,20160719121
2016-07-19T13:00:00.000Z,1,55,20160719131
2016-07-19T14:00:00.000Z,1,62,20160719141
2016-07-19T15:00:00.000Z,1,59,20160719151
2016-07-19T16:00:00.000Z,1,53,20160719161
2016-07-19T17:00:00.000Z,1,56,20160719171
2016-07-19T18:00:00.000Z,1,62,20160719181
2016-07-19T19:00:00.000Z,1,68,20160719191
2016-07-19T20:00:00.000Z,1,64,20160719201
2016-07-19T21:00:00.000Z,1,58,20160719211
2016-07-19T22:00:00.000Z,1,58,20160719221
2016-07-19T23:00:00.000Z,1,53,20160719231
2016-07-20T00:00:00.000Z,1,47,20160720001
2016-07-20T01:00:00.000Z,1,44,20160720011
2016-07-20T02:00:00.000Z,1,37,20160720021
2016-07-20T03:00:00.000Z,1,28,20160720031
2016-07-20T04:00:00.000Z,1,25,20160720041
2016-07-20T05:00:00.000Z,1,22,20160720051
2016-07-20T06:00:00.000Z,1,26,20160720061
2016-07-20T07:00:00.000Z,1,31,20160720071
2016-07-20T08:00:00.000Z,1,37,20160720081
2016-07-20T09:00:00.000Z,1,43,20160720091
2016-07-20T10:00:00.000Z,1,54,20160720101
2016-07-20T11:00:00.000Z,1,61,20160720111
2016-07-20T12:00:00.000Z,1,59,20160720121
2016-07-20T13:00:00.000Z,1,54,20160720131
2016-07-20T14:00:00.000Z,1,61,20160720141
2016-07-20T15:00:00.000Z,1,59,20160720151
2016-07-20T16:00:00.000Z,1,57,20160720161
2016-07-20T17:00:00.000Z,1,59,20160720171
2016-07-20T18:00:00.000Z,1,61,20160720181
2016-07-20T19:00:00.000Z,1,63,20160720191
2016-07-20T20:00:00.000Z,1,58,20160720201
2016-07-20T21:00:00.000Z,1,56,20160720211
2016-07-20T22:00:00.000Z,1,54,20160720221
2016-07-20T23:00:00.000Z,1,51,20160720231
2016-07-21T00:00:00.000Z,1,44,20160721001
2016-07-21T01:00:00.000Z,1,40,20160721011
2016-07-21T02:00:00.000Z,1,34,20160721021
2016-07-21T03:00:00.000Z,1,24,20160721031
2016-07-21T04:00:00.000Z,1,23,20160721041
2016-07-21T05:00:00.000Z,1,20,20160721051
2016-07-21T06:00:00.000Z,1,24,20160721061
2016-07-21T07:00:00.000Z,1,24,20160721071
2016-07-21T08:00:00.000Z,1,30,20160721081
2016-07-21T09:00:00.000Z,1,39,20160721091
2016-07-21T10:00:00.000Z,1,47,20160721101
2016-07-21T11:00:00.000Z,1,86,20160721111
2016-07-21T12:00:00.000Z,1,73,20160721121
2016-07-21T13:00:00.000Z,1,66,20160721131
2016-07-21T14:00:00.000Z,1,66,20160721141
2016-07-21T15:00:00.000Z,1,64,20160721151
2016-07-21T16:00:00.000Z,1,61,20160721161
2016-07-21T17:00:00.000Z,1,58,20160721171
2016-07-21T18:00:00.000Z,1,65,20160721181
2016-07-21T19:00:00.000Z,1,62,20160721191
2016-07-21T20:00:00.000Z,1,69,20160721201
2016-07-21T21:00:00.000Z,1,60,20160721211
2016-07-21T22:00:00.000Z,1,53,20160721221
2016-07-21T23:00:00.000Z,1,51,20160721231
2016-07-22T00:00:00.000Z,1,44,20160722001
2016-07-22T01:00:00.000Z,1,39,20160722011
2016-07-22T02:00:00.000Z,1,30,20160722021
2016-07-22T03:00:00.000Z,1,25,20160722031
2016-07-22T04:00:00.000Z,1,23,20160722041
2016-07-22T05:00:00.000Z,1,19,20160722051
2016-07-22T06:00:00.000Z,1,20,20160722061
2016-07-22T07:00:00.000Z,1,24,20160722071
2016-07-22T08:00:00.000Z,1,31,20160722081
2016-07-22T09:00:00.000Z,1,40,20160722091
2016-07-22T10:00:00.000Z,1,43,20160722101
2016-07-22T11:00:00.000Z,1,63,20160722111
2016-07-22T12:00:00.000Z,1,63,20160722121
2016-07-22T13:00:00.000Z,1,51,20160722131
2016-07-22T14:00:00.000Z,1,56,20160722141
2016-07-22T15:00:00.000Z,1,58,20160722151
2016-07-22T16:00:00.000Z,1,56,20160722161
2016-07-22T17:00:00.000Z,1,57,20160722171
2016-07-22T18:00:00.000Z,1,60,20160722181
2016-07-22T19:00:00.000Z,1,60,20160722191
2016-07-22T20:00:00.000Z,1,55,20160722201
2016-07-22T21:00:00.000Z,1,52,20160722211
2016-07-22T22:00:00.000Z,1,50,20160722221
2016-07-22T23:00:00.000Z,1,49,20160722231
2016-07-23T00:00:00.000Z,1,55,20160723001
2016-07-23T01:00:00.000Z,1,36,20160723011
2016-07-23T02:00:00.000Z,1,32,20160723021
2016-07-23T03:00:00.000Z,1,26,20160723031
2016-07-23T04:00:00.000Z,1,21,20160723041
2016-07-23T05:00:00.000Z,1,20,20160723051
2016-07-23T06:00:00.000Z,1,18,20160723061
2016-07-23T07:00:00.000Z,1,21,20160723071
2016-07-23T08:00:00.000Z,1,24,20160723081
2016-07-23T09:00:00.000Z,1,27,20160723091
2016-07-23T10:00:00.000Z,1,38,20160723101
2016-07-23T11:00:00.000Z,1,39,20160723111
2016-07-23T12:00:00.000Z,1,37,20160723121
2016-07-23T13:00:00.000Z,1,35,20160723131
2016-07-23T14:00:00.000Z,1,35,20160723141
2016-07-23T15:00:00.000Z,1,34,20160723151
2016-07-23T16:00:00.000Z,1,33,20160723161
2016-07-23T17:00:00.000Z,1,30,20160723171
2016-07-23T18:00:00.000Z,1,36,20160723181
2016-07-23T19:00:00.000Z,1,33,20160723191
2016-07-23T20:00:00.000Z,1,38,20160723201
2016-07-23T21:00:00.000Z,1,38,20160723211
2016-07-23T22:00:00.000Z,1,42,20160723221
2016-07-23T23:00:00.000Z,1,38,20160723231
2016-07-24T00:00:00.000Z,1,33,20160724001
2016-07-24T01:00:00.000Z,1,27,20160724011
2016-07-24T02:00:00.000Z,1,22,20160724021
2016-07-24T03:00:00.000Z,1,20,20160724031
2016-07-24T04:00:00.000Z,1,18,20160724041
2016-07-24T05:00:00.000Z,1,17,20160724051
2016-07-24T06:00:00.000Z,1,16,20160724061
2016-07-24T07:00:00.000Z,1,18,20160724071
2016-07-24T08:00:00.000Z,1,19,20160724081
2016-07-24T09:00:00.000Z,1,27,20160724091
2016-07-24T10:00:00.000Z,1,35,20160724101
2016-07-24T11:00:00.000Z,1,38,20160724111
2016-07-24T12:00:00.000Z,1,33,20160724121
2016-07-24T13:00:00.000Z,1,34,20160724131
2016-07-24T14:00:00.000Z,1,36,20160724141
2016-07-24T15:00:00.000Z,1,37,20160724151
2016-07-24T16:00:00.000Z,1,31,20160724161
2016-07-24T17:00:00.000Z,1,32,20160724171
2016-07-24T18:00:00.000Z,1,36,20160724181
2016-07-24T19:00:00.000Z,1,38,20160724191
2016-07-24T20:00:00.000Z,1,43,20160724201
2016-07-24T21:00:00.000Z,1,41,20160724211
2016-07-24T22:00:00.000Z,1,42,20160724221
2016-07-24T23:00:00.000Z,1,40,20160724231
2016-07-25T00:00:00.000Z,1,36,20160725001
2016-07-25T01:00:00.000Z,1,28,20160725011
2016-07-25T02:00:00.000Z,1,25,20160725021
2016-07-25T03:00:00.000Z,1,22,20160725031
2016-07-25T04:00:00.000Z,1,16,20160725041
2016-07-25T05:00:00.000Z,1,20,20160725051
2016-07-25T06:00:00.000Z,1,24,20160725061
2016-07-25T07:00:00.000Z,1,27,20160725071
2016-07-25T08:00:00.000Z,1,31,20160725081
2016-07-25T09:00:00.000Z,1,38,20160725091
2016-07-25T10:00:00.000Z,1,54,20160725101
2016-07-25T11:00:00.000Z,1,77,20160725111
2016-07-25T12:00:00.000Z,1,74,20160725121
2016-07-25T13:00:00.000Z,1,61,20160725131
2016-07-25T14:00:00.000Z,1,68,20160725141
2016-07-25T15:00:00.000Z,1,64,20160725151
2016-07-25T16:00:00.000Z,1,59,20160725161
2016-07-25T17:00:00.000Z,1,61,20160725171
2016-07-25T18:00:00.000Z,1,67,20160725181
2016-07-25T19:00:00.000Z,1,67,20160725191
2016-07-25T20:00:00.000Z,1,65,20160725201
2016-07-25T21:00:00.000Z,1,61,20160725211
2016-07-25T22:00:00.000Z,1,56,20160725221
2016-07-25T23:00:00.000Z,1,58,20160725231
2016-07-26T00:00:00.000Z,1,52,20160726001
2016-07-26T01:00:00.000Z,1,39,20160726011
2016-07-26T02:00:00.000Z,1,37,20160726021
2016-07-26T03:00:00.000Z,1,28,20160726031
2016-07-26T04:00:00.000Z,1,23,20160726041
2016-07-26T05:00:00.000Z,1,24,20160726051
2016-07-26T06:00:00.000Z,1,23,20160726061
2016-07-26T07:00:00.000Z,1,28,20160726071
2016-07-26T08:00:00.000Z,1,33,20160726081
2016-07-26T09:00:00.000Z,1,40,20160726091
2016-07-26T10:00:00.000Z,1,57,20160726101
2016-07-26T11:00:00.000Z,1,58,20160726111
2016-07-26T12:00:00.000Z,1,68,20160726121
2016-07-26T13:00:00.000Z,1,58,20160726131
2016-07-26T14:00:00.000Z,1,60,20160726141
2016-07-26T15:00:00.000Z,1,62,20160726151
2016-07-26T16:00:00.000Z,1,59,20160726161
2016-07-26T17:00:00.000Z,1,57,20160726171
2016-07-26T18:00:00.000Z,1,66,20160726181
2016-07-26T19:00:00.000Z,1,69,20160726191
2016-07-26T20:00:00.000Z,1,65,20160726201
2016-07-26T21:00:00.000Z,1,57,20160726211
2016-07-26T22:00:00.000Z,1,53,20160726221
2016-07-26T23:00:00.000Z,1,50,20160726231
2016-07-27T00:00:00.000Z,1,45,20160727001
2016-07-27T01:00:00.000Z,1,40,20160727011
2016-07-27T02:00:00.000Z,1,35,20160727021
2016-07-27T03:00:00.000Z,1,28,20160727031
2016-07-27T04:00:00.000Z,1,20,20160727041
2016-07-27T05:00:00.000Z,1,23,20160727051
2016-07-27T06:00:00.000Z,1,24,20160727061
2016-07-27T07:00:00.000Z,1,29,20160727071
2016-07-27T08:00:00.000Z,1,29,20160727081
2016-07-27T09:00:00.000Z,1,40,20160727091
2016-07-27T10:00:00.000Z,1,52,20160727101
2016-07-27T11:00:00.000Z,1,57,20160727111
2016-07-27T12:00:00.000Z,1,62,20160727121
2016-07-27T13:00:00.000Z,1,51,20160727131
2016-07-27T14:00:00.000Z,1,59,20160727141
2016-07-27T15:00:00.000Z,1,54,20160727151
2016-07-27T16:00:00.000Z,1,56,20160727161
2016-07-27T17:00:00.000Z,1,59,20160727171
2016-07-27T18:00:00.000Z,1,60,20160727181
2016-07-27T19:00:00.000Z,1,59,20160727191
2016-07-27T20:00:00.000Z,1,59,20160727201
2016-07-27T21:00:00.000Z,1,57,20160727211
2016-07-27T22:00:00.000Z,1,55,20160727221
2016-07-27T23:00:00.000Z,1,52,20160727231
2016-07-28T00:00:00.000Z,1,50,20160728001
2016-07-28T01:00:00.000Z,1,42,20160728011
2016-07-28T02:00:00.000Z,1,33,20160728021
2016-07-28T03:00:00.000Z,1,30,20160728031
2016-07-28T04:00:00.000Z,1,23,20160728041
2016-07-28T05:00:00.000Z,1,23,20160728051
2016-07-28T06:00:00.000Z,1,27,20160728061
2016-07-28T07:00:00.000Z,1,29,20160728071
2016-07-28T08:00:00.000Z,1,29,20160728081
2016-07-28T09:00:00.000Z,1,39,20160728091
2016-07-28T10:00:00.000Z,1,49,20160728101
2016-07-28T11:00:00.000Z,1,69,20160728111
2016-07-28T12:00:00.000Z,1,71,20160728121
2016-07-28T13:00:00.000Z,1,56,20160728131
2016-07-28T14:00:00.000Z,1,65,20160728141
2016-07-28T15:00:00.000Z,1,59,20160728151
2016-07-28T16:00:00.000Z,1,55,20160728161
2016-07-28T17:00:00.000Z,1,57,20160728171
2016-07-28T18:00:00.000Z,1,64,20160728181
2016-07-28T19:00:00.000Z,1,66,20160728191
2016-07-28T20:00:00.000Z,1,62,20160728201
2016-07-28T21:00:00.000Z,1,58,20160728211
2016-07-28T22:00:00.000Z,1,61,20160728221
2016-07-28T23:00:00.000Z,1,56,20160728231
2016-07-29T00:00:00.000Z,1,51,20160729001
2016-07-29T01:00:00.000Z,1,41,20160729011
2016-07-29T02:00:00.000Z,1,30,20160729021
2016-07-29T03:00:00.000Z,1,28,20160729031
2016-07-29T04:00:00.000Z,1,22,20160729041
2016-07-29T05:00:00.000Z,1,23,20160729051
2016-07-29T06:00:00.000Z,1,23,20160729061
2016-07-29T07:00:00.000Z,1,27,20160729071
2016-07-29T08:00:00.000Z,1,30,20160729081
2016-07-29T09:00:00.000Z,1,37,20160729091
2016-07-29T10:00:00.000Z,1,48,20160729101
2016-07-29T11:00:00.000Z,1,54,20160729111
2016-07-29T12:00:00.000Z,1,59,20160729121
2016-07-29T13:00:00.000Z,1,49,20160729131
2016-07-29T14:00:00.000Z,1,55,20160729141
2016-07-29T15:00:00.000Z,1,54,20160729151
2016-07-29T16:00:00.000Z,1,49,20160729161
2016-07-29T17:00:00.000Z,1,51,20160729171
2016-07-29T18:00:00.000Z,1,57,20160729181
2016-07-29T19:00:00.000Z,1,56,20160729191
2016-07-29T20:00:00.000Z,1,50,20160729201
2016-07-29T21:00:00.000Z,1,50,20160729211
2016-07-29T22:00:00.000Z,1,43,20160729221
2016-07-29T23:00:00.000Z,1,42,20160729231
2016-07-30T00:00:00.000Z,1,44,20160730001
2016-07-30T01:00:00.000Z,1,37,20160730011
2016-07-30T02:00:00.000Z,1,29,20160730021
2016-07-30T03:00:00.000Z,1,22,20160730031
2016-07-30T04:00:00.000Z,1,18,20160730041
2016-07-30T05:00:00.000Z,1,18,20160730051
2016-07-30T06:00:00.000Z,1,15,20160730061
2016-07-30T07:00:00.000Z,1,17,20160730071
2016-07-30T08:00:00.000Z,1,19,20160730081
2016-07-30T09:00:00.000Z,1,26,20160730091
2016-07-30T10:00:00.000Z,1,36,20160730101
2016-07-30T11:00:00.000Z,1,35,20160730111
2016-07-30T12:00:00.000Z,1,39,20160730121
2016-07-30T13:00:00.000Z,1,38,20160730131
2016-07-30T14:00:00.000Z,1,33,20160730141
2016-07-30T15:00:00.000Z,1,35,20160730151
2016-07-30T16:00:00.000Z,1,33,20160730161
2016-07-30T17:00:00.000Z,1,31,20160730171
2016-07-30T18:00:00.000Z,1,37,20160730181
2016-07-30T19:00:00.000Z,1,44,20160730191
2016-07-30T20:00:00.000Z,1,41,20160730201
2016-07-30T21:00:00.000Z,1,41,20160730211
2016-07-30T22:00:00.000Z,1,42,20160730221
2016-07-30T23:00:00.000Z,1,40,20160730231
2016-07-31T00:00:00.000Z,1,33,20160731001
2016-07-31T01:00:00.000Z,1,27,20160731011
2016-07-31T02:00:00.000Z,1,23,20160731021
2016-07-31T03:00:00.000Z,1,21,20160731031
2016-07-31T04:00:00.000Z,1,16,20160731041
2016-07-31T05:00:00.000Z,1,18,20160731051
2016-07-31T06:00:00.000Z,1,14,20160731061
2016-07-31T07:00:00.000Z,1,18,20160731071
2016-07-31T08:00:00.000Z,1,22,20160731081
2016-07-31T09:00:00.000Z,1,28,20160731091
2016-07-31T10:00:00.000Z,1,31,20160731101
2016-07-31T11:00:00.000Z,1,34,20160731111
2016-07-31T12:00:00.000Z,1,34,20160731121
2016-07-31T13:00:00.000Z,1,29,20160731131
2016-07-31T14:00:00.000Z,1,30,20160731141
2016-07-31T15:00:00.000Z,1,32,20160731151
2016-07-31T16:00:00.000Z,1,33,20160731161
2016-07-31T17:00:00.000Z,1,34,20160731171
2016-07-31T18:00:00.000Z,1,35,20160731181
2016-07-31T19:00:00.000Z,1,42,20160731191
2016-07-31T20:00:00.000Z,1,42,20160731201
2016-07-31T21:00:00.000Z,1,40,20160731211
2016-07-31T22:00:00.000Z,1,39,20160731221
2016-07-31T23:00:00.000Z,1,38,20160731231
2016-08-01T00:00:00.000Z,1,33,20160801001
2016-08-01T01:00:00.000Z,1,27,20160801011
2016-08-01T02:00:00.000Z,1,24,20160801021
2016-08-01T03:00:00.000Z,1,19,20160801031
2016-08-01T04:00:00.000Z,1,18,20160801041
2016-08-01T05:00:00.000Z,1,19,20160801051
2016-08-01T06:00:00.000Z,1,24,20160801061
2016-08-01T07:00:00.000Z,1,27,20160801071
2016-08-01T08:00:00.000Z,1,31,20160801081
2016-08-01T09:00:00.000Z,1,35,20160801091
2016-08-01T10:00:00.000Z,1,52,20160801101
2016-08-01T11:00:00.000Z,1,72,20160801111
2016-08-01T12:00:00.000Z,1,71,20160801121
2016-08-01T13:00:00.000Z,1,55,20160801131
2016-08-01T14:00:00.000Z,1,62,20160801141
2016-08-01T15:00:00.000Z,1,66,20160801151
2016-08-01T16:00:00.000Z,1,65,20160801161
2016-08-01T17:00:00.000Z,1,61,20160801171
2016-08-01T18:00:00.000Z,1,64,20160801181
2016-08-01T19:00:00.000Z,1,65,20160801191
2016-08-01T20:00:00.000Z,1,64,20160801201
2016-08-01T21:00:00.000Z,1,53,20160801211
2016-08-01T22:00:00.000Z,1,58,20160801221
2016-08-01T23:00:00.000Z,1,50,20160801231
2016-08-02T00:00:00.000Z,1,45,20160802001
2016-08-02T01:00:00.000Z,1,37,20160802011
2016-08-02T02:00:00.000Z,1,38,20160802021
2016-08-02T03:00:00.000Z,1,30,20160802031
2016-08-02T04:00:00.000Z,1,23,20160802041
2016-08-02T05:00:00.000Z,1,21,20160802051
2016-08-02T06:00:00.000Z,1,28,20160802061
2016-08-02T07:00:00.000Z,1,31,20160802071
2016-08-02T08:00:00.000Z,1,33,20160802081
2016-08-02T09:00:00.000Z,1,41,20160802091
2016-08-02T10:00:00.000Z,1,52,20160802101
2016-08-02T11:00:00.000Z,1,57,20160802111
2016-08-02T12:00:00.000Z,1,61,20160802121
2016-08-02T13:00:00.000Z,1,57,20160802131
2016-08-02T14:00:00.000Z,1,62,20160802141
2016-08-02T15:00:00.000Z,1,59,20160802151
2016-08-02T16:00:00.000Z,1,57,20160802161
2016-08-02T17:00:00.000Z,1,58,20160802171
2016-08-02T18:00:00.000Z,1,58,20160802181
2016-08-02T19:00:00.000Z,1,73,20160802191
2016-08-02T20:00:00.000Z,1,70,20160802201
2016-08-02T21:00:00.000Z,1,64,20160802211
2016-08-02T22:00:00.000Z,1,61,20160802221
2016-08-02T23:00:00.000Z,1,57,20160802231
2016-08-03T00:00:00.000Z,1,47,20160803001
2016-08-03T01:00:00.000Z,1,41,20160803011
2016-08-03T02:00:00.000Z,1,37,20160803021
2016-08-03T03:00:00.000Z,1,30,20160803031
2016-08-03T04:00:00.000Z,1,23,20160803041
2016-08-03T05:00:00.000Z,1,24,20160803051
2016-08-03T06:00:00.000Z,1,28,20160803061
2016-08-03T07:00:00.000Z,1,28,20160803071
2016-08-03T08:00:00.000Z,1,35,20160803081
2016-08-03T09:00:00.000Z,1,42,20160803091
2016-08-03T10:00:00.000Z,1,55,20160803101
2016-08-03T11:00:00.000Z,1,72,20160803111
2016-08-03T12:00:00.000Z,1,69,20160803121
2016-08-03T13:00:00.000Z,1,60,20160803131
2016-08-03T14:00:00.000Z,1,62,20160803141
2016-08-03T15:00:00.000Z,1,69,20160803151
2016-08-03T16:00:00.000Z,1,60,20160803161
2016-08-03T17:00:00.000Z,1,64,20160803171
2016-08-03T18:00:00.000Z,1,64,20160803181
2016-08-03T19:00:00.000Z,1,67,20160803191
2016-08-03T20:00:00.000Z,1,61,20160803201
2016-08-03T21:00:00.000Z,1,59,20160803211
2016-08-03T22:00:00.000Z,1,56,20160803221
2016-08-03T23:00:00.000Z,1,57,20160803231
2016-08-04T00:00:00.000Z,1,47,20160804001
2016-08-04T01:00:00.000Z,1,43,20160804011
2016-08-04T02:00:00.000Z,1,36,20160804021
2016-08-04T03:00:00.000Z,1,29,20160804031
2016-08-04T04:00:00.000Z,1,23,20160804041
2016-08-04T05:00:00.000Z,1,25,20160804051
2016-08-04T06:00:00.000Z,1,26,20160804061
2016-08-04T07:00:00.000Z,1,29,20160804071
2016-08-04T08:00:00.000Z,1,38,20160804081
2016-08-04T09:00:00.000Z,1,44,20160804091
2016-08-04T10:00:00.000Z,1,46,20160804101
2016-08-04T11:00:00.000Z,1,59,20160804111
2016-08-04T12:00:00.000Z,1,63,20160804121
2016-08-04T13:00:00.000Z,1,55,20160804131
2016-08-04T14:00:00.000Z,1,62,20160804141
2016-08-04T15:00:00.000Z,1,61,20160804151
2016-08-04T16:00:00.000Z,1,53,20160804161
2016-08-04T17:00:00.000Z,1,55,20160804171
2016-08-04T18:00:00.000Z,1,60,20160804181
2016-08-04T19:00:00.000Z,1,61,20160804191
2016-08-04T20:00:00.000Z,1,55,20160804201
2016-08-04T21:00:00.000Z,1,51,20160804211
2016-08-04T22:00:00.000Z,1,57,20160804221
2016-08-04T23:00:00.000Z,1,49,20160804231
2016-08-05T00:00:00.000Z,1,44,20160805001
2016-08-05T01:00:00.000Z,1,38,20160805011
2016-08-05T02:00:00.000Z,1,33,20160805021
2016-08-05T03:00:00.000Z,1,23,20160805031
2016-08-05T04:00:00.000Z,1,19,20160805041
2016-08-05T05:00:00.000Z,1,21,20160805051
2016-08-05T06:00:00.000Z,1,23,20160805061
2016-08-05T07:00:00.000Z,1,25,20160805071
2016-08-05T08:00:00.000Z,1,32,20160805081
2016-08-05T09:00:00.000Z,1,38,20160805091
2016-08-05T10:00:00.000Z,1,50,20160805101
2016-08-05T11:00:00.000Z,1,51,20160805111
2016-08-05T12:00:00.000Z,1,56,20160805121
2016-08-05T13:00:00.000Z,1,51,20160805131
2016-08-05T14:00:00.000Z,1,58,20160805141
2016-08-05T15:00:00.000Z,1,56,20160805151
2016-08-05T16:00:00.000Z,1,48,20160805161
2016-08-05T17:00:00.000Z,1,47,20160805171
2016-08-05T18:00:00.000Z,1,52,20160805181
2016-08-05T19:00:00.000Z,1,55,20160805191
2016-08-05T20:00:00.000Z,1,53,20160805201
2016-08-05T21:00:00.000Z,1,47,20160805211
2016-08-05T22:00:00.000Z,1,46,20160805221
2016-08-05T23:00:00.000Z,1,41,20160805231
2016-08-06T00:00:00.000Z,1,42,20160806001
2016-08-06T01:00:00.000Z,1,34,20160806011
2016-08-06T02:00:00.000Z,1,30,20160806021
2016-08-06T03:00:00.000Z,1,23,20160806031
2016-08-06T04:00:00.000Z,1,20,20160806041
2016-08-06T05:00:00.000Z,1,18,20160806051
2016-08-06T06:00:00.000Z,1,12,20160806061
2016-08-06T07:00:00.000Z,1,19,20160806071
2016-08-06T08:00:00.000Z,1,23,20160806081
2016-08-06T09:00:00.000Z,1,26,20160806091
2016-08-06T10:00:00.000Z,1,32,20160806101
2016-08-06T11:00:00.000Z,1,37,20160806111
2016-08-06T12:00:00.000Z,1,30,20160806121
2016-08-06T13:00:00.000Z,1,32,20160806131
2016-08-06T14:00:00.000Z,1,29,20160806141
2016-08-06T15:00:00.000Z,1,32,20160806151
2016-08-06T16:00:00.000Z,1,34,20160806161
2016-08-06T17:00:00.000Z,1,29,20160806171
2016-08-06T18:00:00.000Z,1,34,20160806181
2016-08-06T19:00:00.000Z,1,38,20160806191
2016-08-06T20:00:00.000Z,1,38,20160806201
2016-08-06T21:00:00.000Z,1,36,20160806211
2016-08-06T22:00:00.000Z,1,35,20160806221
2016-08-06T23:00:00.000Z,1,34,20160806231
2016-08-07T00:00:00.000Z,1,27,20160807001
2016-08-07T01:00:00.000Z,1,22,20160807011
2016-08-07T02:00:00.000Z,1,20,20160807021
2016-08-07T03:00:00.000Z,1,19,20160807031
2016-08-07T04:00:00.000Z,1,18,20160807041
2016-08-07T05:00:00.000Z,1,14,20160807051
2016-08-07T06:00:00.000Z,1,17,20160807061
2016-08-07T07:00:00.000Z,1,17,20160807071
2016-08-07T08:00:00.000Z,1,20,20160807081
2016-08-07T09:00:00.000Z,1,24,20160807091
2016-08-07T10:00:00.000Z,1,29,20160807101
2016-08-07T11:00:00.000Z,1,33,20160807111
2016-08-07T12:00:00.000Z,1,31,20160807121
2016-08-07T13:00:00.000Z,1,32,20160807131
2016-08-07T14:00:00.000Z,1,29,20160807141
2016-08-07T15:00:00.000Z,1,29,20160807151
2016-08-07T16:00:00.000Z,1,30,20160807161
2016-08-07T17:00:00.000Z,1,33,20160807171
2016-08-07T18:00:00.000Z,1,33,20160807181
2016-08-07T19:00:00.000Z,1,35,20160807191
2016-08-07T20:00:00.000Z,1,33,20160807201
2016-08-07T21:00:00.000Z,1,34,20160807211
2016-08-07T22:00:00.000Z,1,37,20160807221
2016-08-07T23:00:00.000Z,1,37,20160807231
2016-08-08T00:00:00.000Z,1,36,20160808001
2016-08-08T01:00:00.000Z,1,28,20160808011
2016-08-08T02:00:00.000Z,1,26,20160808021
2016-08-08T03:00:00.000Z,1,23,20160808031
2016-08-08T04:00:00.000Z,1,19,20160808041
2016-08-08T05:00:00.000Z,1,17,20160808051
2016-08-08T06:00:00.000Z,1,24,20160808061
2016-08-08T07:00:00.000Z,1,27,20160808071
2016-08-08T08:00:00.000Z,1,31,20160808081
2016-08-08T09:00:00.000Z,1,36,20160808091
2016-08-08T10:00:00.000Z,1,50,20160808101
2016-08-08T11:00:00.000Z,1,72,20160808111
2016-08-08T12:00:00.000Z,1,70,20160808121
2016-08-08T13:00:00.000Z,1,58,20160808131
2016-08-08T14:00:00.000Z,1,66,20160808141
2016-08-08T15:00:00.000Z,1,69,20160808151
2016-08-08T16:00:00.000Z,1,66,20160808161
2016-08-08T17:00:00.000Z,1,66,20160808171
2016-08-08T18:00:00.000Z,1,70,20160808181
2016-08-08T19:00:00.000Z,1,66,20160808191
2016-08-08T20:00:00.000Z,1,66,20160808201
2016-08-08T21:00:00.000Z,1,58,20160808211
2016-08-08T22:00:00.000Z,1,62,20160808221
2016-08-08T23:00:00.000Z,1,54,20160808231
2016-08-09T00:00:00.000Z,1,49,20160809001
2016-08-09T01:00:00.000Z,1,40,20160809011
2016-08-09T02:00:00.000Z,1,34,20160809021
2016-08-09T03:00:00.000Z,1,26,20160809031
2016-08-09T04:00:00.000Z,1,24,20160809041
2016-08-09T05:00:00.000Z,1,23,20160809051
2016-08-09T06:00:00.000Z,1,28,20160809061
2016-08-09T07:00:00.000Z,1,29,20160809071
2016-08-09T08:00:00.000Z,1,36,20160809081
2016-08-09T09:00:00.000Z,1,38,20160809091
2016-08-09T10:00:00.000Z,1,50,20160809101
2016-08-09T11:00:00.000Z,1,55,20160809111
2016-08-09T12:00:00.000Z,1,61,20160809121
2016-08-09T13:00:00.000Z,1,51,20160809131
2016-08-09T14:00:00.000Z,1,57,20160809141
2016-08-09T15:00:00.000Z,1,55,20160809151
2016-08-09T16:00:00.000Z,1,60,20160809161
2016-08-09T17:00:00.000Z,1,56,20160809171
2016-08-09T18:00:00.000Z,1,60,20160809181
2016-08-09T19:00:00.000Z,1,70,20160809191
2016-08-09T20:00:00.000Z,1,67,20160809201
2016-08-09T21:00:00.000Z,1,59,20160809211
2016-08-09T22:00:00.000Z,1,54,20160809221
2016-08-09T23:00:00.000Z,1,53,20160809231
2016-08-10T00:00:00.000Z,1,48,20160810001
2016-08-10T01:00:00.000Z,1,37,20160810011
2016-08-10T02:00:00.000Z,1,34,20160810021
2016-08-10T03:00:00.000Z,1,27,20160810031
2016-08-10T04:00:00.000Z,1,22,20160810041
2016-08-10T05:00:00.000Z,1,25,20160810051
2016-08-10T06:00:00.000Z,1,23,20160810061
2016-08-10T07:00:00.000Z,1,29,20160810071
2016-08-10T08:00:00.000Z,1,35,20160810081
2016-08-10T09:00:00.000Z,1,41,20160810091
2016-08-10T10:00:00.000Z,1,50,20160810101
2016-08-10T11:00:00.000Z,1,55,20160810111
2016-08-10T12:00:00.000Z,1,60,20160810121
2016-08-10T13:00:00.000Z,1,52,20160810131
2016-08-10T14:00:00.000Z,1,58,20160810141
2016-08-10T15:00:00.000Z,1,57,20160810151
2016-08-10T16:00:00.000Z,1,50,20160810161
2016-08-10T17:00:00.000Z,1,55,20160810171
2016-08-10T18:00:00.000Z,1,62,20160810181
2016-08-10T19:00:00.000Z,1,61,20160810191
2016-08-10T20:00:00.000Z,1,58,20160810201
2016-08-10T21:00:00.000Z,1,51,20160810211
2016-08-10T22:00:00.000Z,1,51,20160810221
2016-08-10T23:00:00.000Z,1,53,20160810231
2016-08-11T00:00:00.000Z,1,40,20160811001
2016-08-11T01:00:00.000Z,1,34,20160811011
2016-08-11T02:00:00.000Z,1,30,20160811021
2016-08-11T03:00:00.000Z,1,27,20160811031
2016-08-11T04:00:00.000Z,1,20,20160811041
2016-08-11T05:00:00.000Z,1,24,20160811051
2016-08-11T06:00:00.000Z,1,25,20160811061
2016-08-11T07:00:00.000Z,1,27,20160811071
2016-08-11T08:00:00.000Z,1,31,20160811081
2016-08-11T09:00:00.000Z,1,37,20160811091
2016-08-11T10:00:00.000Z,1,44,20160811101
2016-08-11T11:00:00.000Z,1,63,20160811111
2016-08-11T12:00:00.000Z,1,65,20160811121
2016-08-11T13:00:00.000Z,1,53,20160811131
2016-08-11T14:00:00.000Z,1,58,20160811141
2016-08-11T15:00:00.000Z,1,59,20160811151
2016-08-11T16:00:00.000Z,1,55,20160811161
2016-08-11T17:00:00.000Z,1,61,20160811171
2016-08-11T18:00:00.000Z,1,59,20160811181
2016-08-11T19:00:00.000Z,1,63,20160811191
2016-08-11T20:00:00.000Z,1,57,20160811201
2016-08-11T21:00:00.000Z,1,52,20160811211
2016-08-11T22:00:00.000Z,1,57,20160811221
2016-08-11T23:00:00.000Z,1,52,20160811231
2016-08-12T00:00:00.000Z,1,49,20160812001
2016-08-12T01:00:00.000Z,1,35,20160812011
2016-08-12T02:00:00.000Z,1,33,20160812021
2016-08-12T03:00:00.000Z,1,27,20160812031
2016-08-12T04:00:00.000Z,1,24,20160812041
2016-08-12T05:00:00.000Z,1,22,20160812051
2016-08-12T06:00:00.000Z,1,26,20160812061
2016-08-12T07:00:00.000Z,1,31,20160812071
2016-08-12T08:00:00.000Z,1,34,20160812081
2016-08-12T09:00:00.000Z,1,38,20160812091
2016-08-12T10:00:00.000Z,1,52,20160812101
2016-08-12T11:00:00.000Z,1,60,20160812111
2016-08-12T12:00:00.000Z,1,60,20160812121
2016-08-12T13:00:00.000Z,1,49,20160812131
2016-08-12T14:00:00.000Z,1,53,20160812141
2016-08-12T15:00:00.000Z,1,54,20160812151
2016-08-12T16:00:00.000Z,1,49,20160812161
2016-08-12T17:00:00.000Z,1,55,20160812171
2016-08-12T18:00:00.000Z,1,54,20160812181
2016-08-12T19:00:00.000Z,1,53,20160812191
2016-08-12T20:00:00.000Z,1,53,20160812201
2016-08-12T21:00:00.000Z,1,49,20160812211
2016-08-12T22:00:00.000Z,1,47,20160812221
2016-08-12T23:00:00.000Z,1,46,20160812231
2016-08-13T00:00:00.000Z,1,37,20160813001
2016-08-13T01:00:00.000Z,1,34,20160813011
2016-08-13T02:00:00.000Z,1,25,20160813021
2016-08-13T03:00:00.000Z,1,25,20160813031
2016-08-13T04:00:00.000Z,1,19,20160813041
2016-08-13T05:00:00.000Z,1,16,20160813051
2016-08-13T06:00:00.000Z,1,15,20160813061
2016-08-13T07:00:00.000Z,1,21,20160813071
2016-08-13T08:00:00.000Z,1,19,20160813081
2016-08-13T09:00:00.000Z,1,22,20160813091
2016-08-13T10:00:00.000Z,1,30,20160813101
2016-08-13T11:00:00.000Z,1,32,20160813111
2016-08-13T12:00:00.000Z,1,32,20160813121
2016-08-13T13:00:00.000Z,1,27,20160813131
2016-08-13T14:00:00.000Z,1,28,20160813141
2016-08-13T15:00:00.000Z,1,26,20160813151
2016-08-13T16:00:00.000Z,1,27,20160813161
2016-08-13T17:00:00.000Z,1,26,20160813171
2016-08-13T18:00:00.000Z,1,29,20160813181
2016-08-13T19:00:00.000Z,1,39,20160813191
2016-08-13T20:00:00.000Z,1,37,20160813201
2016-08-13T21:00:00.000Z,1,33,20160813211
2016-08-13T22:00:00.000Z,1,37,20160813221
2016-08-13T23:00:00.000Z,1,39,20160813231
2016-08-14T00:00:00.000Z,1,30,20160814001
2016-08-14T01:00:00.000Z,1,23,20160814011
2016-08-14T02:00:00.000Z,1,22,20160814021
2016-08-14T03:00:00.000Z,1,17,20160814031
2016-08-14T04:00:00.000Z,1,16,20160814041
2016-08-14T05:00:00.000Z,1,17,20160814051
2016-08-14T06:00:00.000Z,1,17,20160814061
2016-08-14T07:00:00.000Z,1,21,20160814071
2016-08-14T08:00:00.000Z,1,23,20160814081
2016-08-14T09:00:00.000Z,1,25,20160814091
2016-08-14T10:00:00.000Z,1,31,20160814101
2016-08-14T11:00:00.000Z,1,30,20160814111
2016-08-14T12:00:00.000Z,1,28,20160814121
2016-08-14T13:00:00.000Z,1,29,20160814131
2016-08-14T14:00:00.000Z,1,31,20160814141
2016-08-14T15:00:00.000Z,1,29,20160814151
2016-08-14T16:00:00.000Z,1,30,20160814161
2016-08-14T17:00:00.000Z,1,31,20160814171
2016-08-14T18:00:00.000Z,1,33,20160814181
2016-08-14T19:00:00.000Z,1,45,20160814191
2016-08-14T20:00:00.000Z,1,39,20160814201
2016-08-14T21:00:00.000Z,1,36,20160814211
2016-08-14T22:00:00.000Z,1,34,20160814221
2016-08-14T23:00:00.000Z,1,33,20160814231
2016-08-15T00:00:00.000Z,1,31,20160815001
2016-08-15T01:00:00.000Z,1,31,20160815011
2016-08-15T02:00:00.000Z,1,24,20160815021
2016-08-15T03:00:00.000Z,1,21,20160815031
2016-08-15T04:00:00.000Z,1,19,20160815041
2016-08-15T05:00:00.000Z,1,20,20160815051
2016-08-15T06:00:00.000Z,1,20,20160815061
2016-08-15T07:00:00.000Z,1,27,20160815071
2016-08-15T08:00:00.000Z,1,26,20160815081
2016-08-15T09:00:00.000Z,1,30,20160815091
2016-08-15T10:00:00.000Z,1,33,20160815101
2016-08-15T11:00:00.000Z,1,39,20160815111
2016-08-15T12:00:00.000Z,1,42,20160815121
2016-08-15T13:00:00.000Z,1,35,20160815131
2016-08-15T14:00:00.000Z,1,36,20160815141
2016-08-15T15:00:00.000Z,1,37,20160815151
2016-08-15T16:00:00.000Z,1,34,20160815161
2016-08-15T17:00:00.000Z,1,42,20160815171
2016-08-15T18:00:00.000Z,1,49,20160815181
2016-08-15T19:00:00.000Z,1,52,20160815191
2016-08-15T20:00:00.000Z,1,54,20160815201
2016-08-15T21:00:00.000Z,1,53,20160815211
2016-08-15T22:00:00.000Z,1,46,20160815221
2016-08-15T23:00:00.000Z,1,50,20160815231
2016-08-16T00:00:00.000Z,1,47,20160816001
2016-08-16T01:00:00.000Z,1,37,20160816011
2016-08-16T02:00:00.000Z,1,37,20160816021
2016-08-16T03:00:00.000Z,1,26,20160816031
2016-08-16T04:00:00.000Z,1,22,20160816041
2016-08-16T05:00:00.000Z,1,20,20160816051
2016-08-16T06:00:00.000Z,1,26,20160816061
2016-08-16T07:00:00.000Z,1,30,20160816071
2016-08-16T08:00:00.000Z,1,31,20160816081
2016-08-16T09:00:00.000Z,1,34,20160816091
2016-08-16T10:00:00.000Z,1,49,20160816101
2016-08-16T11:00:00.000Z,1,60,20160816111
2016-08-16T12:00:00.000Z,1,59,20160816121
2016-08-16T13:00:00.000Z,1,51,20160816131
2016-08-16T14:00:00.000Z,1,61,20160816141
2016-08-16T15:00:00.000Z,1,64,20160816151
2016-08-16T16:00:00.000Z,1,56,20160816161
2016-08-16T17:00:00.000Z,1,57,20160816171
2016-08-16T18:00:00.000Z,1,62,20160816181
2016-08-16T19:00:00.000Z,1,65,20160816191
2016-08-16T20:00:00.000Z,1,60,20160816201
2016-08-16T21:00:00.000Z,1,54,20160816211
2016-08-16T22:00:00.000Z,1,51,20160816221
2016-08-16T23:00:00.000Z,1,48,20160816231
2016-08-17T00:00:00.000Z,1,43,20160817001
2016-08-17T01:00:00.000Z,1,42,20160817011
2016-08-17T02:00:00.000Z,1,34,20160817021
2016-08-17T03:00:00.000Z,1,25,20160817031
2016-08-17T04:00:00.000Z,1,28,20160817041
2016-08-17T05:00:00.000Z,1,27,20160817051
2016-08-17T06:00:00.000Z,1,26,20160817061
2016-08-17T07:00:00.000Z,1,30,20160817071
2016-08-17T08:00:00.000Z,1,31,20160817081
2016-08-17T09:00:00.000Z,1,40,20160817091
2016-08-17T10:00:00.000Z,1,48,20160817101
2016-08-17T11:00:00.000Z,1,56,20160817111
2016-08-17T12:00:00.000Z,1,56,20160817121
2016-08-17T13:00:00.000Z,1,50,20160817131
2016-08-17T14:00:00.000Z,1,57,20160817141
2016-08-17T15:00:00.000Z,1,57,20160817151
2016-08-17T16:00:00.000Z,1,54,20160817161
2016-08-17T17:00:00.000Z,1,51,20160817171
2016-08-17T18:00:00.000Z,1,57,20160817181
2016-08-17T19:00:00.000Z,1,65,20160817191
2016-08-17T20:00:00.000Z,1,56,20160817201
2016-08-17T21:00:00.000Z,1,56,20160817211
2016-08-17T22:00:00.000Z,1,57,20160817221
2016-08-17T23:00:00.000Z,1,52,20160817231
2016-08-18T00:00:00.000Z,1,49,20160818001
2016-08-18T01:00:00.000Z,1,45,20160818011
2016-08-18T02:00:00.000Z,1,38,20160818021
2016-08-18T03:00:00.000Z,1,25,20160818031
2016-08-18T04:00:00.000Z,1,27,20160818041
2016-08-18T05:00:00.000Z,1,25,20160818051
2016-08-18T06:00:00.000Z,1,24,20160818061
2016-08-18T07:00:00.000Z,1,30,20160818071
2016-08-18T08:00:00.000Z,1,31,20160818081
2016-08-18T09:00:00.000Z,1,40,20160818091
2016-08-18T10:00:00.000Z,1,51,20160818101
2016-08-18T11:00:00.000Z,1,55,20160818111
2016-08-18T12:00:00.000Z,1,55,20160818121
2016-08-18T13:00:00.000Z,1,51,20160818131
2016-08-18T14:00:00.000Z,1,54,20160818141
2016-08-18T15:00:00.000Z,1,53,20160818151
2016-08-18T16:00:00.000Z,1,53,20160818161
2016-08-18T17:00:00.000Z,1,53,20160818171
2016-08-18T18:00:00.000Z,1,56,20160818181
2016-08-18T19:00:00.000Z,1,58,20160818191
2016-08-18T20:00:00.000Z,1,57,20160818201
2016-08-18T21:00:00.000Z,1,50,20160818211
2016-08-18T22:00:00.000Z,1,48,20160818221
2016-08-18T23:00:00.000Z,1,51,20160818231
2016-08-19T00:00:00.000Z,1,46,20160819001
2016-08-19T01:00:00.000Z,1,39,20160819011
2016-08-19T02:00:00.000Z,1,35,20160819021
2016-08-19T03:00:00.000Z,1,24,20160819031
2016-08-19T04:00:00.000Z,1,22,20160819041
2016-08-19T05:00:00.000Z,1,21,20160819051
2016-08-19T06:00:00.000Z,1,22,20160819061
2016-08-19T07:00:00.000Z,1,25,20160819071
2016-08-19T08:00:00.000Z,1,32,20160819081
2016-08-19T09:00:00.000Z,1,33,20160819091
2016-08-19T10:00:00.000Z,1,42,20160819101
2016-08-19T11:00:00.000Z,1,55,20160819111
2016-08-19T12:00:00.000Z,1,59,20160819121
2016-08-19T13:00:00.000Z,1,49,20160819131
2016-08-19T14:00:00.000Z,1,49,20160819141
2016-08-19T15:00:00.000Z,1,50,20160819151
2016-08-19T16:00:00.000Z,1,52,20160819161
2016-08-19T17:00:00.000Z,1,54,20160819171
2016-08-19T18:00:00.000Z,1,52,20160819181
2016-08-19T19:00:00.000Z,1,52,20160819191
2016-08-19T20:00:00.000Z,1,44,20160819201
2016-08-19T21:00:00.000Z,1,46,20160819211
2016-08-19T22:00:00.000Z,1,45,20160819221
2016-08-19T23:00:00.000Z,1,44,20160819231
2016-08-20T00:00:00.000Z,1,41,20160820001
2016-08-20T01:00:00.000Z,1,29,20160820011
2016-08-20T02:00:00.000Z,1,29,20160820021
2016-08-20T03:00:00.000Z,1,24,20160820031
2016-08-20T04:00:00.000Z,1,17,20160820041
2016-08-20T05:00:00.000Z,1,16,20160820051
2016-08-20T06:00:00.000Z,1,19,20160820061
2016-08-20T07:00:00.000Z,1,18,20160820071
2016-08-20T08:00:00.000Z,1,20,20160820081
2016-08-20T09:00:00.000Z,1,23,20160820091
2016-08-20T10:00:00.000Z,1,30,20160820101
2016-08-20T11:00:00.000Z,1,34,20160820111
2016-08-20T12:00:00.000Z,1,32,20160820121
2016-08-20T13:00:00.000Z,1,40,20160820131
2016-08-20T14:00:00.000Z,1,31,20160820141
2016-08-20T15:00:00.000Z,1,36,20160820151
2016-08-20T16:00:00.000Z,1,32,20160820161
2016-08-20T17:00:00.000Z,1,34,20160820171
2016-08-20T18:00:00.000Z,1,35,20160820181
2016-08-20T19:00:00.000Z,1,41,20160820191
2016-08-20T20:00:00.000Z,1,39,20160820201
2016-08-20T21:00:00.000Z,1,40,20160820211
2016-08-20T22:00:00.000Z,1,40,20160820221
2016-08-20T23:00:00.000Z,1,31,20160820231
2016-08-21T00:00:00.000Z,1,36,20160821001
2016-08-21T01:00:00.000Z,1,28,20160821011
2016-08-21T02:00:00.000Z,1,23,20160821021
2016-08-21T03:00:00.000Z,1,16,20160821031
2016-08-21T04:00:00.000Z,1,14,20160821041
2016-08-21T05:00:00.000Z,1,17,20160821051
2016-08-21T06:00:00.000Z,1,15,20160821061
2016-08-21T07:00:00.000Z,1,16,20160821071
2016-08-21T08:00:00.000Z,1,17,20160821081
2016-08-21T09:00:00.000Z,1,30,20160821091
2016-08-21T10:00:00.000Z,1,31,20160821101
2016-08-21T11:00:00.000Z,1,36,20160821111
2016-08-21T12:00:00.000Z,1,38,20160821121
2016-08-21T13:00:00.000Z,1,32,20160821131
2016-08-21T14:00:00.000Z,1,32,20160821141
2016-08-21T15:00:00.000Z,1,28,20160821151
2016-08-21T16:00:00.000Z,1,32,20160821161
2016-08-21T17:00:00.000Z,1,32,20160821171
2016-08-21T18:00:00.000Z,1,41,20160821181
2016-08-21T19:00:00.000Z,1,44,20160821191
2016-08-21T20:00:00.000Z,1,41,20160821201
2016-08-21T21:00:00.000Z,1,46,20160821211
2016-08-21T22:00:00.000Z,1,42,20160821221
2016-08-21T23:00:00.000Z,1,39,20160821231
2016-08-22T00:00:00.000Z,1,32,20160822001
2016-08-22T01:00:00.000Z,1,25,20160822011
2016-08-22T02:00:00.000Z,1,27,20160822021
2016-08-22T03:00:00.000Z,1,23,20160822031
2016-08-22T04:00:00.000Z,1,18,20160822041
2016-08-22T05:00:00.000Z,1,18,20160822051
2016-08-22T06:00:00.000Z,1,25,20160822061
2016-08-22T07:00:00.000Z,1,29,20160822071
2016-08-22T08:00:00.000Z,1,31,20160822081
2016-08-22T09:00:00.000Z,1,36,20160822091
2016-08-22T10:00:00.000Z,1,50,20160822101
2016-08-22T11:00:00.000Z,1,78,20160822111
2016-08-22T12:00:00.000Z,1,74,20160822121
2016-08-22T13:00:00.000Z,1,60,20160822131
2016-08-22T14:00:00.000Z,1,64,20160822141
2016-08-22T15:00:00.000Z,1,64,20160822151
2016-08-22T16:00:00.000Z,1,62,20160822161
2016-08-22T17:00:00.000Z,1,59,20160822171
2016-08-22T18:00:00.000Z,1,62,20160822181
2016-08-22T19:00:00.000Z,1,69,20160822191
2016-08-22T20:00:00.000Z,1,63,20160822201
2016-08-22T21:00:00.000Z,1,61,20160822211
2016-08-22T22:00:00.000Z,1,61,20160822221
2016-08-22T23:00:00.000Z,1,53,20160822231
2016-08-23T00:00:00.000Z,1,52,20160823001
2016-08-23T01:00:00.000Z,1,43,20160823011
2016-08-23T02:00:00.000Z,1,39,20160823021
2016-08-23T03:00:00.000Z,1,27,20160823031
2016-08-23T04:00:00.000Z,1,23,20160823041
2016-08-23T05:00:00.000Z,1,21,20160823051
2016-08-23T06:00:00.000Z,1,29,20160823061
2016-08-23T07:00:00.000Z,1,31,20160823071
2016-08-23T08:00:00.000Z,1,34,20160823081
2016-08-23T09:00:00.000Z,1,43,20160823091
2016-08-23T10:00:00.000Z,1,56,20160823101
2016-08-23T11:00:00.000Z,1,65,20160823111
2016-08-23T12:00:00.000Z,1,67,20160823121
2016-08-23T13:00:00.000Z,1,55,20160823131
2016-08-23T14:00:00.000Z,1,66,20160823141
2016-08-23T15:00:00.000Z,1,61,20160823151
2016-08-23T16:00:00.000Z,1,59,20160823161
2016-08-23T17:00:00.000Z,1,60,20160823171
2016-08-23T18:00:00.000Z,1,59,20160823181
2016-08-23T19:00:00.000Z,1,63,20160823191
2016-08-23T20:00:00.000Z,1,65,20160823201
2016-08-23T21:00:00.000Z,1,60,20160823211
2016-08-23T22:00:00.000Z,1,54,20160823221
2016-08-23T23:00:00.000Z,1,49,20160823231
2016-08-24T00:00:00.000Z,1,46,20160824001
2016-08-24T01:00:00.000Z,1,42,20160824011
2016-08-24T02:00:00.000Z,1,36,20160824021
2016-08-24T03:00:00.000Z,1,26,20160824031
2016-08-24T04:00:00.000Z,1,27,20160824041
2016-08-24T05:00:00.000Z,1,23,20160824051
2016-08-24T06:00:00.000Z,1,27,20160824061
2016-08-24T07:00:00.000Z,1,29,20160824071
2016-08-24T08:00:00.000Z,1,34,20160824081
2016-08-24T09:00:00.000Z,1,41,20160824091
2016-08-24T10:00:00.000Z,1,50,20160824101
2016-08-24T11:00:00.000Z,1,72,20160824111
2016-08-24T12:00:00.000Z,1,73,20160824121
2016-08-24T13:00:00.000Z,1,57,20160824131
2016-08-24T14:00:00.000Z,1,64,20160824141
2016-08-24T15:00:00.000Z,1,59,20160824151
2016-08-24T16:00:00.000Z,1,58,20160824161
2016-08-24T17:00:00.000Z,1,61,20160824171
2016-08-24T18:00:00.000Z,1,65,20160824181
2016-08-24T19:00:00.000Z,1,69,20160824191
2016-08-24T20:00:00.000Z,1,60,20160824201
2016-08-24T21:00:00.000Z,1,57,20160824211
2016-08-24T22:00:00.000Z,1,59,20160824221
2016-08-24T23:00:00.000Z,1,54,20160824231
2016-08-25T00:00:00.000Z,1,26,20160825001
2016-08-25T01:00:00.000Z,1,16,20160825011
2016-08-25T02:00:00.000Z,1,5,20160825021
2016-08-25T03:00:00.000Z,1,27,20160825031
2016-08-25T04:00:00.000Z,1,26,20160825041
2016-08-25T05:00:00.000Z,1,19,20160825051
2016-08-25T06:00:00.000Z,1,23,20160825061
2016-08-25T07:00:00.000Z,1,31,20160825071
2016-08-25T08:00:00.000Z,1,35,20160825081
2016-08-25T09:00:00.000Z,1,42,20160825091
2016-08-25T10:00:00.000Z,1,47,20160825101
2016-08-25T11:00:00.000Z,1,55,20160825111
2016-08-25T12:00:00.000Z,1,63,20160825121
2016-08-25T13:00:00.000Z,1,53,20160825131
2016-08-25T14:00:00.000Z,1,59,20160825141
2016-08-25T15:00:00.000Z,1,52,20160825151
2016-08-25T16:00:00.000Z,1,55,20160825161
2016-08-25T17:00:00.000Z,1,55,20160825171
2016-08-25T18:00:00.000Z,1,55,20160825181
2016-08-25T19:00:00.000Z,1,64,20160825191
2016-08-25T20:00:00.000Z,1,63,20160825201
2016-08-25T21:00:00.000Z,1,59,20160825211
2016-08-25T22:00:00.000Z,1,54,20160825221
2016-08-25T23:00:00.000Z,1,47,20160825231
2016-08-26T00:00:00.000Z,1,46,20160826001
2016-08-26T01:00:00.000Z,1,38,20160826011
2016-08-26T02:00:00.000Z,1,32,20160826021
2016-08-26T03:00:00.000Z,1,26,20160826031
2016-08-26T04:00:00.000Z,1,23,20160826041
2016-08-26T05:00:00.000Z,1,22,20160826051
2016-08-26T06:00:00.000Z,1,27,20160826061
2016-08-26T07:00:00.000Z,1,29,20160826071
2016-08-26T08:00:00.000Z,1,33,20160826081
2016-08-26T09:00:00.000Z,1,40,20160826091
2016-08-26T10:00:00.000Z,1,59,20160826101
2016-08-26T11:00:00.000Z,1,62,20160826111
2016-08-26T12:00:00.000Z,1,63,20160826121
2016-08-26T13:00:00.000Z,1,56,20160826131
2016-08-26T14:00:00.000Z,1,58,20160826141
2016-08-26T15:00:00.000Z,1,61,20160826151
2016-08-26T16:00:00.000Z,1,51,20160826161
2016-08-26T17:00:00.000Z,1,51,20160826171
2016-08-26T18:00:00.000Z,1,58,20160826181
2016-08-26T19:00:00.000Z,1,57,20160826191
2016-08-26T20:00:00.000Z,1,56,20160826201
2016-08-26T21:00:00.000Z,1,46,20160826211
2016-08-26T22:00:00.000Z,1,48,20160826221
2016-08-26T23:00:00.000Z,1,48,20160826231
2016-08-27T00:00:00.000Z,1,40,20160827001
2016-08-27T01:00:00.000Z,1,36,20160827011
2016-08-27T02:00:00.000Z,1,29,20160827021
2016-08-27T03:00:00.000Z,1,25,20160827031
2016-08-27T04:00:00.000Z,1,22,20160827041
2016-08-27T05:00:00.000Z,1,16,20160827051
2016-08-27T06:00:00.000Z,1,17,20160827061
2016-08-27T07:00:00.000Z,1,20,20160827071
2016-08-27T08:00:00.000Z,1,22,20160827081
2016-08-27T09:00:00.000Z,1,27,20160827091
2016-08-27T10:00:00.000Z,1,34,20160827101
2016-08-27T11:00:00.000Z,1,36,20160827111
2016-08-27T12:00:00.000Z,1,35,20160827121
2016-08-27T13:00:00.000Z,1,35,20160827131
2016-08-27T14:00:00.000Z,1,32,20160827141
2016-08-27T15:00:00.000Z,1,36,20160827151
2016-08-27T16:00:00.000Z,1,30,20160827161
2016-08-27T17:00:00.000Z,1,32,20160827171
2016-08-27T18:00:00.000Z,1,38,20160827181
2016-08-27T19:00:00.000Z,1,42,20160827191
2016-08-27T20:00:00.000Z,1,48,20160827201
2016-08-27T21:00:00.000Z,1,44,20160827211
2016-08-27T22:00:00.000Z,1,37,20160827221
2016-08-27T23:00:00.000Z,1,36,20160827231
2016-08-28T00:00:00.000Z,1,35,20160828001
2016-08-28T01:00:00.000Z,1,26,20160828011
2016-08-28T02:00:00.000Z,1,22,20160828021
2016-08-28T03:00:00.000Z,1,20,20160828031
2016-08-28T04:00:00.000Z,1,21,20160828041
2016-08-28T05:00:00.000Z,1,13,20160828051
2016-08-28T06:00:00.000Z,1,19,20160828061
2016-08-28T07:00:00.000Z,1,22,20160828071
2016-08-28T08:00:00.000Z,1,22,20160828081
2016-08-28T09:00:00.000Z,1,29,20160828091
2016-08-28T10:00:00.000Z,1,36,20160828101
2016-08-28T11:00:00.000Z,1,36,20160828111
2016-08-28T12:00:00.000Z,1,34,20160828121
2016-08-28T13:00:00.000Z,1,36,20160828131
2016-08-28T14:00:00.000Z,1,32,20160828141
2016-08-28T15:00:00.000Z,1,30,20160828151
2016-08-28T16:00:00.000Z,1,31,20160828161
2016-08-28T17:00:00.000Z,1,33,20160828171
2016-08-28T18:00:00.000Z,1,42,20160828181
2016-08-28T19:00:00.000Z,1,44,20160828191
2016-08-28T20:00:00.000Z,1,47,20160828201
2016-08-28T21:00:00.000Z,1,46,20160828211
2016-08-28T22:00:00.000Z,1,44,20160828221
2016-08-28T23:00:00.000Z,1,42,20160828231
2016-08-29T00:00:00.000Z,1,40,20160829001
2016-08-29T01:00:00.000Z,1,31,20160829011
2016-08-29T02:00:00.000Z,1,22,20160829021
2016-08-29T03:00:00.000Z,1,22,20160829031
2016-08-29T04:00:00.000Z,1,18,20160829041
2016-08-29T05:00:00.000Z,1,22,20160829051
2016-08-29T06:00:00.000Z,1,25,20160829061
2016-08-29T07:00:00.000Z,1,26,20160829071
2016-08-29T08:00:00.000Z,1,34,20160829081
2016-08-29T09:00:00.000Z,1,39,20160829091
2016-08-29T10:00:00.000Z,1,54,20160829101
2016-08-29T11:00:00.000Z,1,81,20160829111
2016-08-29T12:00:00.000Z,1,74,20160829121
2016-08-29T13:00:00.000Z,1,64,20160829131
2016-08-29T14:00:00.000Z,1,68,20160829141
2016-08-29T15:00:00.000Z,1,66,20160829151
2016-08-29T16:00:00.000Z,1,63,20160829161
2016-08-29T17:00:00.000Z,1,65,20160829171
2016-08-29T18:00:00.000Z,1,66,20160829181
2016-08-29T19:00:00.000Z,1,67,20160829191
2016-08-29T20:00:00.000Z,1,63,20160829201
2016-08-29T21:00:00.000Z,1,59,20160829211
2016-08-29T22:00:00.000Z,1,59,20160829221
2016-08-29T23:00:00.000Z,1,60,20160829231
2016-08-30T00:00:00.000Z,1,49,20160830001
2016-08-30T01:00:00.000Z,1,43,20160830011
2016-08-30T02:00:00.000Z,1,33,20160830021
2016-08-30T03:00:00.000Z,1,30,20160830031
2016-08-30T04:00:00.000Z,1,27,20160830041
2016-08-30T05:00:00.000Z,1,24,20160830051
2016-08-30T06:00:00.000Z,1,24,20160830061
2016-08-30T07:00:00.000Z,1,30,20160830071
2016-08-30T08:00:00.000Z,1,33,20160830081
2016-08-30T09:00:00.000Z,1,39,20160830091
2016-08-30T10:00:00.000Z,1,50,20160830101
2016-08-30T11:00:00.000Z,1,64,20160830111
2016-08-30T12:00:00.000Z,1,61,20160830121
2016-08-30T13:00:00.000Z,1,55,20160830131
2016-08-30T14:00:00.000Z,1,59,20160830141
2016-08-30T15:00:00.000Z,1,58,20160830151
2016-08-30T16:00:00.000Z,1,58,20160830161
2016-08-30T17:00:00.000Z,1,59,20160830171
2016-08-30T18:00:00.000Z,1,61,20160830181
2016-08-30T19:00:00.000Z,1,68,20160830191
2016-08-30T20:00:00.000Z,1,58,20160830201
2016-08-30T21:00:00.000Z,1,58,20160830211
2016-08-30T22:00:00.000Z,1,56,20160830221
2016-08-30T23:00:00.000Z,1,55,20160830231
2016-08-31T00:00:00.000Z,1,48,20160831001
2016-08-31T01:00:00.000Z,1,41,20160831011
2016-08-31T02:00:00.000Z,1,34,20160831021
2016-08-31T03:00:00.000Z,1,25,20160831031
2016-08-31T04:00:00.000Z,1,23,20160831041
2016-08-31T05:00:00.000Z,1,24,20160831051
2016-08-31T06:00:00.000Z,1,27,20160831061
2016-08-31T07:00:00.000Z,1,29,20160831071
2016-08-31T08:00:00.000Z,1,34,20160831081
2016-08-31T09:00:00.000Z,1,39,20160831091
2016-08-31T10:00:00.000Z,1,53,20160831101
2016-08-31T11:00:00.000Z,1,70,20160831111
2016-08-31T12:00:00.000Z,1,72,20160831121
2016-08-31T13:00:00.000Z,1,58,20160831131
2016-08-31T14:00:00.000Z,1,64,20160831141
2016-08-31T15:00:00.000Z,1,67,20160831151
2016-08-31T16:00:00.000Z,1,57,20160831161
2016-08-31T17:00:00.000Z,1,61,20160831171
2016-08-31T18:00:00.000Z,1,70,20160831181
2016-08-31T19:00:00.000Z,1,69,20160831191
2016-08-31T20:00:00.000Z,1,61,20160831201
2016-08-31T21:00:00.000Z,1,64,20160831211
2016-08-31T22:00:00.000Z,1,63,20160831221
2016-08-31T23:00:00.000Z,1,60,20160831231
2016-09-01T00:00:00.000Z,1,54,20160901001
2016-09-01T01:00:00.000Z,1,43,20160901011
2016-09-01T02:00:00.000Z,1,39,20160901021
2016-09-01T03:00:00.000Z,1,28,20160901031
2016-09-01T04:00:00.000Z,1,24,20160901041
2016-09-01T05:00:00.000Z,1,23,20160901051
2016-09-01T06:00:00.000Z,1,29,20160901061
2016-09-01T07:00:00.000Z,1,35,20160901071
2016-09-01T08:00:00.000Z,1,34,20160901081
2016-09-01T09:00:00.000Z,1,42,20160901091
2016-09-01T10:00:00.000Z,1,53,20160901101
2016-09-01T11:00:00.000Z,1,62,20160901111
2016-09-01T12:00:00.000Z,1,62,20160901121
2016-09-01T13:00:00.000Z,1,58,20160901131
2016-09-01T14:00:00.000Z,1,61,20160901141
2016-09-01T15:00:00.000Z,1,58,20160901151
2016-09-01T16:00:00.000Z,1,58,20160901161
2016-09-01T17:00:00.000Z,1,55,20160901171
2016-09-01T18:00:00.000Z,1,59,20160901181
2016-09-01T19:00:00.000Z,1,61,20160901191
2016-09-01T20:00:00.000Z,1,59,20160901201
2016-09-01T21:00:00.000Z,1,59,20160901211
2016-09-01T22:00:00.000Z,1,62,20160901221
2016-09-01T23:00:00.000Z,1,54,20160901231
2016-09-02T00:00:00.000Z,1,50,20160902001
2016-09-02T01:00:00.000Z,1,42,20160902011
2016-09-02T02:00:00.000Z,1,35,20160902021
2016-09-02T03:00:00.000Z,1,28,20160902031
2016-09-02T04:00:00.000Z,1,24,20160902041
2016-09-02T05:00:00.000Z,1,25,20160902051
2016-09-02T06:00:00.000Z,1,26,20160902061
2016-09-02T07:00:00.000Z,1,34,20160902071
2016-09-02T08:00:00.000Z,1,37,20160902081
2016-09-02T09:00:00.000Z,1,42,20160902091
2016-09-02T10:00:00.000Z,1,49,20160902101
2016-09-02T11:00:00.000Z,1,64,20160902111
2016-09-02T12:00:00.000Z,1,67,20160902121
2016-09-02T13:00:00.000Z,1,51,20160902131
2016-09-02T14:00:00.000Z,1,64,20160902141
2016-09-02T15:00:00.000Z,1,58,20160902151
2016-09-02T16:00:00.000Z,1,57,20160902161
2016-09-02T17:00:00.000Z,1,54,20160902171
2016-09-02T18:00:00.000Z,1,59,20160902181
2016-09-02T19:00:00.000Z,1,57,20160902191
2016-09-02T20:00:00.000Z,1,54,20160902201
2016-09-02T21:00:00.000Z,1,52,20160902211
2016-09-02T22:00:00.000Z,1,44,20160902221
2016-09-02T23:00:00.000Z,1,47,20160902231
2016-09-03T00:00:00.000Z,1,44,20160903001
2016-09-03T01:00:00.000Z,1,34,20160903011
2016-09-03T02:00:00.000Z,1,31,20160903021
2016-09-03T03:00:00.000Z,1,25,20160903031
2016-09-03T04:00:00.000Z,1,18,20160903041
2016-09-03T05:00:00.000Z,1,17,20160903051
2016-09-03T06:00:00.000Z,1,22,20160903061
2016-09-03T07:00:00.000Z,1,19,20160903071
2016-09-03T08:00:00.000Z,1,23,20160903081
2016-09-03T09:00:00.000Z,1,27,20160903091
2016-09-03T10:00:00.000Z,1,33,20160903101
2016-09-03T11:00:00.000Z,1,38,20160903111
2016-09-03T12:00:00.000Z,1,37,20160903121
2016-09-03T13:00:00.000Z,1,36,20160903131
2016-09-03T14:00:00.000Z,1,32,20160903141
2016-09-03T15:00:00.000Z,1,36,20160903151
2016-09-03T16:00:00.000Z,1,29,20160903161
2016-09-03T17:00:00.000Z,1,31,20160903171
2016-09-03T18:00:00.000Z,1,39,20160903181
2016-09-03T19:00:00.000Z,1,38,20160903191
2016-09-03T20:00:00.000Z,1,38,20160903201
2016-09-03T21:00:00.000Z,1,40,20160903211
2016-09-03T22:00:00.000Z,1,36,20160903221
2016-09-03T23:00:00.000Z,1,35,20160903231
2016-09-04T00:00:00.000Z,1,36,20160904001
2016-09-04T01:00:00.000Z,1,25,20160904011
2016-09-04T02:00:00.000Z,1,24,20160904021
2016-09-04T03:00:00.000Z,1,21,20160904031
2016-09-04T04:00:00.000Z,1,16,20160904041
2016-09-04T05:00:00.000Z,1,15,20160904051
2016-09-04T06:00:00.000Z,1,13,20160904061
2016-09-04T07:00:00.000Z,1,19,20160904071
2016-09-04T08:00:00.000Z,1,23,20160904081
2016-09-04T09:00:00.000Z,1,27,20160904091
2016-09-04T10:00:00.000Z,1,29,20160904101
2016-09-04T11:00:00.000Z,1,32,20160904111
2016-09-04T12:00:00.000Z,1,32,20160904121
2016-09-04T13:00:00.000Z,1,37,20160904131
2016-09-04T14:00:00.000Z,1,31,20160904141
2016-09-04T15:00:00.000Z,1,33,20160904151
2016-09-04T16:00:00.000Z,1,32,20160904161
2016-09-04T17:00:00.000Z,1,35,20160904171
2016-09-04T18:00:00.000Z,1,38,20160904181
2016-09-04T19:00:00.000Z,1,39,20160904191
2016-09-04T20:00:00.000Z,1,39,20160904201
2016-09-04T21:00:00.000Z,1,39,20160904211
2016-09-04T22:00:00.000Z,1,39,20160904221
2016-09-04T23:00:00.000Z,1,41,20160904231
2016-09-05T00:00:00.000Z,1,36,20160905001
2016-09-05T01:00:00.000Z,1,31,20160905011
2016-09-05T02:00:00.000Z,1,25,20160905021
2016-09-05T03:00:00.000Z,1,23,20160905031
2016-09-05T04:00:00.000Z,1,21,20160905041
2016-09-05T05:00:00.000Z,1,16,20160905051
2016-09-05T06:00:00.000Z,1,22,20160905061
2016-09-05T07:00:00.000Z,1,24,20160905071
2016-09-05T08:00:00.000Z,1,29,20160905081
2016-09-05T09:00:00.000Z,1,31,20160905091
2016-09-05T10:00:00.000Z,1,39,20160905101
2016-09-05T11:00:00.000Z,1,43,20160905111
2016-09-05T12:00:00.000Z,1,48,20160905121
2016-09-05T13:00:00.000Z,1,45,20160905131
2016-09-05T14:00:00.000Z,1,46,20160905141
2016-09-05T15:00:00.000Z,1,42,20160905151
2016-09-05T16:00:00.000Z,1,44,20160905161
2016-09-05T17:00:00.000Z,1,46,20160905171
2016-09-05T18:00:00.000Z,1,50,20160905181
2016-09-05T19:00:00.000Z,1,52,20160905191
2016-09-05T20:00:00.000Z,1,55,20160905201
2016-09-05T21:00:00.000Z,1,51,20160905211
2016-09-05T22:00:00.000Z,1,45,20160905221
2016-09-05T23:00:00.000Z,1,44,20160905231
2016-09-06T00:00:00.000Z,1,36,20160906001
2016-09-06T01:00:00.000Z,1,31,20160906011
2016-09-06T02:00:00.000Z,1,27,20160906021
2016-09-06T03:00:00.000Z,1,22,20160906031
2016-09-06T04:00:00.000Z,1,22,20160906041
2016-09-06T05:00:00.000Z,1,22,20160906051
2016-09-06T06:00:00.000Z,1,26,20160906061
2016-09-06T07:00:00.000Z,1,27,20160906071
2016-09-06T08:00:00.000Z,1,34,20160906081
2016-09-06T09:00:00.000Z,1,41,20160906091
2016-09-06T10:00:00.000Z,1,48,20160906101
2016-09-06T11:00:00.000Z,1,63,20160906111
2016-09-06T12:00:00.000Z,1,77,20160906121
2016-09-06T13:00:00.000Z,1,59,20160906131
2016-09-06T14:00:00.000Z,1,67,20160906141
2016-09-06T15:00:00.000Z,1,66,20160906151
2016-09-06T16:00:00.000Z,1,65,20160906161
2016-09-06T17:00:00.000Z,1,67,20160906171
2016-09-06T18:00:00.000Z,1,66,20160906181
2016-09-06T19:00:00.000Z,1,74,20160906191
2016-09-06T20:00:00.000Z,1,65,20160906201
2016-09-06T21:00:00.000Z,1,66,20160906211
2016-09-06T22:00:00.000Z,1,67,20160906221
2016-09-06T23:00:00.000Z,1,57,20160906231
2016-09-07T00:00:00.000Z,1,53,20160907001
2016-09-07T01:00:00.000Z,1,46,20160907011
2016-09-07T02:00:00.000Z,1,39,20160907021
2016-09-07T03:00:00.000Z,1,31,20160907031
2016-09-07T04:00:00.000Z,1,26,20160907041
2016-09-07T05:00:00.000Z,1,27,20160907051
2016-09-07T06:00:00.000Z,1,29,20160907061
2016-09-07T07:00:00.000Z,1,34,20160907071
2016-09-07T08:00:00.000Z,1,34,20160907081
2016-09-07T09:00:00.000Z,1,44,20160907091
2016-09-07T10:00:00.000Z,1,50,20160907101
2016-09-07T11:00:00.000Z,1,60,20160907111
2016-09-07T12:00:00.000Z,1,62,20160907121
2016-09-07T13:00:00.000Z,1,53,20160907131
2016-09-07T14:00:00.000Z,1,61,20160907141
2016-09-07T15:00:00.000Z,1,59,20160907151
2016-09-07T16:00:00.000Z,1,55,20160907161
2016-09-07T17:00:00.000Z,1,58,20160907171
2016-09-07T18:00:00.000Z,1,62,20160907181
2016-09-07T19:00:00.000Z,1,64,20160907191
2016-09-07T20:00:00.000Z,1,56,20160907201
2016-09-07T21:00:00.000Z,1,50,20160907211
2016-09-07T22:00:00.000Z,1,58,20160907221
2016-09-07T23:00:00.000Z,1,51,20160907231
2016-09-08T00:00:00.000Z,1,43,20160908001
2016-09-08T01:00:00.000Z,1,41,20160908011
2016-09-08T02:00:00.000Z,1,38,20160908021
2016-09-08T03:00:00.000Z,1,30,20160908031
2016-09-08T04:00:00.000Z,1,25,20160908041
2016-09-08T05:00:00.000Z,1,25,20160908051
2016-09-08T06:00:00.000Z,1,23,20160908061
2016-09-08T07:00:00.000Z,1,33,20160908071
2016-09-08T08:00:00.000Z,1,33,20160908081
2016-09-08T09:00:00.000Z,1,37,20160908091
2016-09-08T10:00:00.000Z,1,50,20160908101
2016-09-08T11:00:00.000Z,1,61,20160908111
2016-09-08T12:00:00.000Z,1,58,20160908121
2016-09-08T13:00:00.000Z,1,55,20160908131
2016-09-08T14:00:00.000Z,1,55,20160908141
2016-09-08T15:00:00.000Z,1,57,20160908151
2016-09-08T16:00:00.000Z,1,59,20160908161
2016-09-08T17:00:00.000Z,1,56,20160908171
2016-09-08T18:00:00.000Z,1,61,20160908181
2016-09-08T19:00:00.000Z,1,62,20160908191
2016-09-08T20:00:00.000Z,1,59,20160908201
2016-09-08T21:00:00.000Z,1,55,20160908211
2016-09-08T22:00:00.000Z,1,55,20160908221
2016-09-08T23:00:00.000Z,1,58,20160908231
2016-09-09T00:00:00.000Z,1,49,20160909001
2016-09-09T01:00:00.000Z,1,40,20160909011
2016-09-09T02:00:00.000Z,1,34,20160909021
2016-09-09T03:00:00.000Z,1,29,20160909031
2016-09-09T04:00:00.000Z,1,23,20160909041
2016-09-09T05:00:00.000Z,1,22,20160909051
2016-09-09T06:00:00.000Z,1,26,20160909061
2016-09-09T07:00:00.000Z,1,30,20160909071
2016-09-09T08:00:00.000Z,1,38,20160909081
2016-09-09T09:00:00.000Z,1,39,20160909091
2016-09-09T10:00:00.000Z,1,53,20160909101
2016-09-09T11:00:00.000Z,1,65,20160909111
2016-09-09T12:00:00.000Z,1,65,20160909121
2016-09-09T13:00:00.000Z,1,54,20160909131
2016-09-09T14:00:00.000Z,1,58,20160909141
2016-09-09T15:00:00.000Z,1,60,20160909151
2016-09-09T16:00:00.000Z,1,58,20160909161
2016-09-09T17:00:00.000Z,1,59,20160909171
2016-09-09T18:00:00.000Z,1,63,20160909181
2016-09-09T19:00:00.000Z,1,65,20160909191
2016-09-09T20:00:00.000Z,1,59,20160909201
2016-09-09T21:00:00.000Z,1,56,20160909211
2016-09-09T22:00:00.000Z,1,51,20160909221
2016-09-09T23:00:00.000Z,1,48,20160909231
2016-09-10T00:00:00.000Z,1,46,20160910001
2016-09-10T01:00:00.000Z,1,36,20160910011
2016-09-10T02:00:00.000Z,1,32,20160910021
2016-09-10T03:00:00.000Z,1,27,20160910031
2016-09-10T04:00:00.000Z,1,19,20160910041
2016-09-10T05:00:00.000Z,1,21,20160910051
2016-09-10T06:00:00.000Z,1,16,20160910061
2016-09-10T07:00:00.000Z,1,19,20160910071
2016-09-10T08:00:00.000Z,1,26,20160910081
2016-09-10T09:00:00.000Z,1,30,20160910091
2016-09-10T10:00:00.000Z,1,37,20160910101
2016-09-10T11:00:00.000Z,1,39,20160910111
2016-09-10T12:00:00.000Z,1,43,20160910121
2016-09-10T13:00:00.000Z,1,34,20160910131
2016-09-10T14:00:00.000Z,1,33,20160910141
2016-09-10T15:00:00.000Z,1,39,20160910151
2016-09-10T16:00:00.000Z,1,34,20160910161
2016-09-10T17:00:00.000Z,1,34,20160910171
2016-09-10T18:00:00.000Z,1,37,20160910181
2016-09-10T19:00:00.000Z,1,41,20160910191
2016-09-10T20:00:00.000Z,1,39,20160910201
2016-09-10T21:00:00.000Z,1,39,20160910211
2016-09-10T22:00:00.000Z,1,38,20160910221
2016-09-10T23:00:00.000Z,1,42,20160910231
2016-09-11T00:00:00.000Z,1,35,20160911001
2016-09-11T01:00:00.000Z,1,29,20160911011
2016-09-11T02:00:00.000Z,1,27,20160911021
2016-09-11T03:00:00.000Z,1,23,20160911031
2016-09-11T04:00:00.000Z,1,20,20160911041
2016-09-11T05:00:00.000Z,1,17,20160911051
2016-09-11T06:00:00.000Z,1,17,20160911061
2016-09-11T07:00:00.000Z,1,21,20160911071
2016-09-11T08:00:00.000Z,1,28,20160911081
2016-09-11T09:00:00.000Z,1,31,20160911091
2016-09-11T10:00:00.000Z,1,31,20160911101
2016-09-11T11:00:00.000Z,1,35,20160911111
2016-09-11T12:00:00.000Z,1,36,20160911121
2016-09-11T13:00:00.000Z,1,30,20160911131
2016-09-11T14:00:00.000Z,1,35,20160911141
2016-09-11T15:00:00.000Z,1,30,20160911151
2016-09-11T16:00:00.000Z,1,31,20160911161
2016-09-11T17:00:00.000Z,1,41,20160911171
2016-09-11T18:00:00.000Z,1,42,20160911181
2016-09-11T19:00:00.000Z,1,58,20160911191
2016-09-11T20:00:00.000Z,1,55,20160911201
2016-09-11T21:00:00.000Z,1,51,20160911211
2016-09-11T22:00:00.000Z,1,55,20160911221
2016-09-11T23:00:00.000Z,1,46,20160911231
2016-09-12T00:00:00.000Z,1,40,20160912001
2016-09-12T01:00:00.000Z,1,34,20160912011
2016-09-12T02:00:00.000Z,1,30,20160912021
2016-09-12T03:00:00.000Z,1,28,20160912031
2016-09-12T04:00:00.000Z,1,20,20160912041
2016-09-12T05:00:00.000Z,1,26,20160912051
2016-09-12T06:00:00.000Z,1,30,20160912061
2016-09-12T07:00:00.000Z,1,33,20160912071
2016-09-12T08:00:00.000Z,1,32,20160912081
2016-09-12T09:00:00.000Z,1,41,20160912091
2016-09-12T10:00:00.000Z,1,52,20160912101
2016-09-12T11:00:00.000Z,1,76,20160912111
2016-09-12T12:00:00.000Z,1,72,20160912121
2016-09-12T13:00:00.000Z,1,64,20160912131
2016-09-12T14:00:00.000Z,1,65,20160912141
2016-09-12T15:00:00.000Z,1,64,20160912151
2016-09-12T16:00:00.000Z,1,63,20160912161
2016-09-12T17:00:00.000Z,1,61,20160912171
2016-09-12T18:00:00.000Z,1,63,20160912181
2016-09-12T19:00:00.000Z,1,69,20160912191
2016-09-12T20:00:00.000Z,1,64,20160912201
2016-09-12T21:00:00.000Z,1,57,20160912211
2016-09-12T22:00:00.000Z,1,56,20160912221
2016-09-12T23:00:00.000Z,1,58,20160912231
2016-09-13T00:00:00.000Z,1,53,20160913001
2016-09-13T01:00:00.000Z,1,42,20160913011
2016-09-13T02:00:00.000Z,1,37,20160913021
2016-09-13T03:00:00.000Z,1,34,20160913031
2016-09-13T04:00:00.000Z,1,28,20160913041
2016-09-13T05:00:00.000Z,1,24,20160913051
2016-09-13T06:00:00.000Z,1,30,20160913061
2016-09-13T07:00:00.000Z,1,34,20160913071
2016-09-13T08:00:00.000Z,1,38,20160913081
2016-09-13T09:00:00.000Z,1,39,20160913091
2016-09-13T10:00:00.000Z,1,51,20160913101
2016-09-13T11:00:00.000Z,1,55,20160913111
2016-09-13T12:00:00.000Z,1,64,20160913121
2016-09-13T13:00:00.000Z,1,55,20160913131
2016-09-13T14:00:00.000Z,1,57,20160913141
2016-09-13T15:00:00.000Z,1,55,20160913151
2016-09-13T16:00:00.000Z,1,50,20160913161
2016-09-13T17:00:00.000Z,1,53,20160913171
2016-09-13T18:00:00.000Z,1,60,20160913181
2016-09-13T19:00:00.000Z,1,65,20160913191
2016-09-13T20:00:00.000Z,1,69,20160913201
2016-09-13T21:00:00.000Z,1,62,20160913211
2016-09-13T22:00:00.000Z,1,55,20160913221
2016-09-13T23:00:00.000Z,1,53,20160913231
2016-09-14T00:00:00.000Z,1,52,20160914001
2016-09-14T01:00:00.000Z,1,45,20160914011
2016-09-14T02:00:00.000Z,1,34,20160914021
2016-09-14T03:00:00.000Z,1,31,20160914031
2016-09-14T04:00:00.000Z,1,27,20160914041
2016-09-14T05:00:00.000Z,1,24,20160914051
2016-09-14T06:00:00.000Z,1,27,20160914061
2016-09-14T07:00:00.000Z,1,33,20160914071
2016-09-14T08:00:00.000Z,1,36,20160914081
2016-09-14T09:00:00.000Z,1,27,20160914091
2016-09-14T10:00:00.000Z,1,53,20160914101
2016-09-14T11:00:00.000Z,1,56,20160914111
2016-09-14T12:00:00.000Z,1,62,20160914121
2016-09-14T13:00:00.000Z,1,50,20160914131
2016-09-14T14:00:00.000Z,1,59,20160914141
2016-09-14T15:00:00.000Z,1,54,20160914151
2016-09-14T16:00:00.000Z,1,58,20160914161
2016-09-14T17:00:00.000Z,1,52,20160914171
2016-09-14T18:00:00.000Z,1,61,20160914181
2016-09-14T19:00:00.000Z,1,66,20160914191
2016-09-14T20:00:00.000Z,1,66,20160914201
2016-09-14T21:00:00.000Z,1,58,20160914211
2016-09-14T22:00:00.000Z,1,55,20160914221
2016-09-14T23:00:00.000Z,1,55,20160914231
2016-09-15T00:00:00.000Z,1,48,20160915001
2016-09-15T01:00:00.000Z,1,40,20160915011
2016-09-15T02:00:00.000Z,1,38,20160915021
2016-09-15T03:00:00.000Z,1,29,20160915031
2016-09-15T04:00:00.000Z,1,22,20160915041
2016-09-15T05:00:00.000Z,1,25,20160915051
2016-09-15T06:00:00.000Z,1,24,20160915061
2016-09-15T07:00:00.000Z,1,33,20160915071
2016-09-15T08:00:00.000Z,1,30,20160915081
2016-09-15T09:00:00.000Z,1,36,20160915091
2016-09-15T10:00:00.000Z,1,55,20160915101
2016-09-15T11:00:00.000Z,1,60,20160915111
2016-09-15T12:00:00.000Z,1,60,20160915121
2016-09-15T13:00:00.000Z,1,53,20160915131
2016-09-15T14:00:00.000Z,1,56,20160915141
2016-09-15T15:00:00.000Z,1,55,20160915151
2016-09-15T16:00:00.000Z,1,55,20160915161
2016-09-15T17:00:00.000Z,1,57,20160915171
2016-09-15T18:00:00.000Z,1,62,20160915181
2016-09-15T19:00:00.000Z,1,60,20160915191
2016-09-15T20:00:00.000Z,1,61,20160915201
2016-09-15T21:00:00.000Z,1,57,20160915211
2016-09-15T22:00:00.000Z,1,55,20160915221
2016-09-15T23:00:00.000Z,1,52,20160915231
2016-09-16T00:00:00.000Z,1,51,20160916001
2016-09-16T01:00:00.000Z,1,40,20160916011
2016-09-16T02:00:00.000Z,1,32,20160916021
2016-09-16T03:00:00.000Z,1,27,20160916031
2016-09-16T04:00:00.000Z,1,22,20160916041
2016-09-16T05:00:00.000Z,1,24,20160916051
2016-09-16T06:00:00.000Z,1,23,20160916061
2016-09-16T07:00:00.000Z,1,27,20160916071
2016-09-16T08:00:00.000Z,1,32,20160916081
2016-09-16T09:00:00.000Z,1,36,20160916091
2016-09-16T10:00:00.000Z,1,45,20160916101
2016-09-16T11:00:00.000Z,1,58,20160916111
2016-09-16T12:00:00.000Z,1,79,20160916121
2016-09-16T13:00:00.000Z,1,75,20160916131
2016-09-16T14:00:00.000Z,1,72,20160916141
2016-09-16T15:00:00.000Z,1,71,20160916151
2016-09-16T16:00:00.000Z,1,70,20160916161
2016-09-16T17:00:00.000Z,1,74,20160916171
2016-09-16T18:00:00.000Z,1,78,20160916181
2016-09-16T19:00:00.000Z,1,80,20160916191
2016-09-16T20:00:00.000Z,1,81,20160916201
2016-09-16T21:00:00.000Z,1,76,20160916211
2016-09-16T22:00:00.000Z,1,70,20160916221
2016-09-16T23:00:00.000Z,1,67,20160916231
2016-09-17T00:00:00.000Z,1,59,20160917001
2016-09-17T01:00:00.000Z,1,48,20160917011
2016-09-17T02:00:00.000Z,1,43,20160917021
2016-09-17T03:00:00.000Z,1,32,20160917031
2016-09-17T04:00:00.000Z,1,28,20160917041
2016-09-17T05:00:00.000Z,1,31,20160917051
2016-09-17T06:00:00.000Z,1,27,20160917061
2016-09-17T07:00:00.000Z,1,32,20160917071
2016-09-17T08:00:00.000Z,1,40,20160917081
2016-09-17T09:00:00.000Z,1,46,20160917091
2016-09-17T10:00:00.000Z,1,49,20160917101
2016-09-17T11:00:00.000Z,1,49,20160917111
2016-09-17T12:00:00.000Z,1,52,20160917121
2016-09-17T13:00:00.000Z,1,45,20160917131
2016-09-17T14:00:00.000Z,1,45,20160917141
2016-09-17T15:00:00.000Z,1,42,20160917151
2016-09-17T16:00:00.000Z,1,41,20160917161
2016-09-17T17:00:00.000Z,1,44,20160917171
2016-09-17T18:00:00.000Z,1,52,20160917181
2016-09-17T19:00:00.000Z,1,55,20160917191
2016-09-17T20:00:00.000Z,1,55,20160917201
2016-09-17T21:00:00.000Z,1,49,20160917211
2016-09-17T22:00:00.000Z,1,55,20160917221
2016-09-17T23:00:00.000Z,1,48,20160917231
2016-09-18T00:00:00.000Z,1,48,20160918001
2016-09-18T01:00:00.000Z,1,36,20160918011
2016-09-18T02:00:00.000Z,1,27,20160918021
2016-09-18T03:00:00.000Z,1,27,20160918031
2016-09-18T04:00:00.000Z,1,21,20160918041
2016-09-18T05:00:00.000Z,1,20,20160918051
2016-09-18T06:00:00.000Z,1,22,20160918061
2016-09-18T07:00:00.000Z,1,23,20160918071
2016-09-18T08:00:00.000Z,1,30,20160918081
2016-09-18T09:00:00.000Z,1,34,20160918091
2016-09-18T10:00:00.000Z,1,35,20160918101
2016-09-18T11:00:00.000Z,1,43,20160918111
2016-09-18T12:00:00.000Z,1,45,20160918121
2016-09-18T13:00:00.000Z,1,40,20160918131
2016-09-18T14:00:00.000Z,1,40,20160918141
2016-09-18T15:00:00.000Z,1,39,20160918151
2016-09-18T16:00:00.000Z,1,38,20160918161
2016-09-18T17:00:00.000Z,1,39,20160918171
2016-09-18T18:00:00.000Z,1,47,20160918181
2016-09-18T19:00:00.000Z,1,52,20160918191
2016-09-18T20:00:00.000Z,1,50,20160918201
2016-09-18T21:00:00.000Z,1,50,20160918211
2016-09-18T22:00:00.000Z,1,49,20160918221
2016-09-18T23:00:00.000Z,1,44,20160918231
2016-09-19T00:00:00.000Z,1,45,20160919001
2016-09-19T01:00:00.000Z,1,37,20160919011
2016-09-19T02:00:00.000Z,1,29,20160919021
2016-09-19T03:00:00.000Z,1,28,20160919031
2016-09-19T04:00:00.000Z,1,24,20160919041
2016-09-19T05:00:00.000Z,1,25,20160919051
2016-09-19T06:00:00.000Z,1,27,20160919061
2016-09-19T07:00:00.000Z,1,36,20160919071
2016-09-19T08:00:00.000Z,1,38,20160919081
2016-09-19T09:00:00.000Z,1,46,20160919091
2016-09-19T10:00:00.000Z,1,61,20160919101
2016-09-19T11:00:00.000Z,1,78,20160919111
2016-09-19T12:00:00.000Z,1,79,20160919121
2016-09-19T13:00:00.000Z,1,68,20160919131
2016-09-19T14:00:00.000Z,1,74,20160919141
2016-09-19T15:00:00.000Z,1,75,20160919151
2016-09-19T16:00:00.000Z,1,71,20160919161
2016-09-19T17:00:00.000Z,1,67,20160919171
2016-09-19T18:00:00.000Z,1,80,20160919181
2016-09-19T19:00:00.000Z,1,82,20160919191
2016-09-19T20:00:00.000Z,1,79,20160919201
2016-09-19T21:00:00.000Z,1,71,20160919211
2016-09-19T22:00:00.000Z,1,69,20160919221
2016-09-19T23:00:00.000Z,1,64,20160919231
2016-09-20T00:00:00.000Z,1,62,20160920001
2016-09-20T01:00:00.000Z,1,48,20160920011
2016-09-20T02:00:00.000Z,1,43,20160920021
2016-09-20T03:00:00.000Z,1,37,20160920031
2016-09-20T04:00:00.000Z,1,33,20160920041
2016-09-20T05:00:00.000Z,1,30,20160920051
2016-09-20T06:00:00.000Z,1,36,20160920061
2016-09-20T07:00:00.000Z,1,43,20160920071
2016-09-20T08:00:00.000Z,1,41,20160920081
2016-09-20T09:00:00.000Z,1,51,20160920091
2016-09-20T10:00:00.000Z,1,62,20160920101
2016-09-20T11:00:00.000Z,1,69,20160920111
2016-09-20T12:00:00.000Z,1,70,20160920121
2016-09-20T13:00:00.000Z,1,59,20160920131
2016-09-20T14:00:00.000Z,1,70,20160920141
2016-09-20T15:00:00.000Z,1,67,20160920151
2016-09-20T16:00:00.000Z,1,65,20160920161
2016-09-20T17:00:00.000Z,1,66,20160920171
2016-09-20T18:00:00.000Z,1,70,20160920181
2016-09-20T19:00:00.000Z,1,79,20160920191
2016-09-20T20:00:00.000Z,1,74,20160920201
2016-09-20T21:00:00.000Z,1,68,20160920211
2016-09-20T22:00:00.000Z,1,64,20160920221
2016-09-20T23:00:00.000Z,1,63,20160920231
2016-09-21T00:00:00.000Z,1,59,20160921001
2016-09-21T01:00:00.000Z,1,45,20160921011
2016-09-21T02:00:00.000Z,1,43,20160921021
2016-09-21T03:00:00.000Z,1,32,20160921031
2016-09-21T04:00:00.000Z,1,30,20160921041
2016-09-21T05:00:00.000Z,1,28,20160921051
2016-09-21T06:00:00.000Z,1,35,20160921061
2016-09-21T07:00:00.000Z,1,37,20160921071
2016-09-21T08:00:00.000Z,1,43,20160921081
2016-09-21T09:00:00.000Z,1,48,20160921091
2016-09-21T10:00:00.000Z,1,61,20160921101
2016-09-21T11:00:00.000Z,1,68,20160921111
2016-09-21T12:00:00.000Z,1,69,20160921121
2016-09-21T13:00:00.000Z,1,60,20160921131
2016-09-21T14:00:00.000Z,1,89,20160921141
2016-09-21T15:00:00.000Z,1,80,20160921151
2016-09-21T16:00:00.000Z,1,71,20160921161
2016-09-21T17:00:00.000Z,1,83,20160921171
2016-09-21T18:00:00.000Z,1,93,20160921181
2016-09-21T19:00:00.000Z,1,91,20160921191
2016-09-21T20:00:00.000Z,1,85,20160921201
2016-09-21T21:00:00.000Z,1,77,20160921211
2016-09-21T22:00:00.000Z,1,74,20160921221
2016-09-21T23:00:00.000Z,1,66,20160921231
2016-09-22T00:00:00.000Z,1,60,20160922001
2016-09-22T01:00:00.000Z,1,53,20160922011
2016-09-22T02:00:00.000Z,1,44,20160922021
2016-09-22T03:00:00.000Z,1,34,20160922031
2016-09-22T04:00:00.000Z,1,30,20160922041
2016-09-22T05:00:00.000Z,1,32,20160922051
2016-09-22T06:00:00.000Z,1,35,20160922061
2016-09-22T07:00:00.000Z,1,43,20160922071
2016-09-22T08:00:00.000Z,1,42,20160922081
2016-09-22T09:00:00.000Z,1,51,20160922091
2016-09-22T10:00:00.000Z,1,65,20160922101
2016-09-22T11:00:00.000Z,1,69,20160922111
2016-09-22T12:00:00.000Z,1,71,20160922121
2016-09-22T13:00:00.000Z,1,62,20160922131
2016-09-22T14:00:00.000Z,1,66,20160922141
2016-09-22T15:00:00.000Z,1,62,20160922151
2016-09-22T16:00:00.000Z,1,63,20160922161
2016-09-22T17:00:00.000Z,1,62,20160922171
2016-09-22T18:00:00.000Z,1,69,20160922181
2016-09-22T19:00:00.000Z,1,74,20160922191
2016-09-22T20:00:00.000Z,1,68,20160922201
2016-09-22T21:00:00.000Z,1,64,20160922211
2016-09-22T22:00:00.000Z,1,65,20160922221
2016-09-22T23:00:00.000Z,1,60,20160922231
2016-09-23T00:00:00.000Z,1,53,20160923001
2016-09-23T01:00:00.000Z,1,50,20160923011
2016-09-23T02:00:00.000Z,1,39,20160923021
2016-09-23T03:00:00.000Z,1,31,20160923031
2016-09-23T04:00:00.000Z,1,26,20160923041
2016-09-23T05:00:00.000Z,1,25,20160923051
2016-09-23T06:00:00.000Z,1,25,20160923061
2016-09-23T07:00:00.000Z,1,35,20160923071
2016-09-23T08:00:00.000Z,1,42,20160923081
2016-09-23T09:00:00.000Z,1,46,20160923091
2016-09-23T10:00:00.000Z,1,57,20160923101
2016-09-23T11:00:00.000Z,1,90,20160923111
2016-09-23T12:00:00.000Z,1,81,20160923121
2016-09-23T13:00:00.000Z,1,68,20160923131
2016-09-23T14:00:00.000Z,1,69,20160923141
2016-09-23T15:00:00.000Z,1,67,20160923151
2016-09-23T16:00:00.000Z,1,64,20160923161
2016-09-23T17:00:00.000Z,1,61,20160923171
2016-09-23T18:00:00.000Z,1,75,20160923181
2016-09-23T19:00:00.000Z,1,74,20160923191
2016-09-23T20:00:00.000Z,1,76,20160923201
2016-09-23T21:00:00.000Z,1,69,20160923211
2016-09-23T22:00:00.000Z,1,67,20160923221
2016-09-23T23:00:00.000Z,1,63,20160923231
2016-09-24T00:00:00.000Z,1,60,20160924001
2016-09-24T01:00:00.000Z,1,51,20160924011
2016-09-24T02:00:00.000Z,1,44,20160924021
2016-09-24T03:00:00.000Z,1,37,20160924031
2016-09-24T04:00:00.000Z,1,30,20160924041
2016-09-24T05:00:00.000Z,1,22,20160924051
2016-09-24T06:00:00.000Z,1,30,20160924061
2016-09-24T07:00:00.000Z,1,29,20160924071
2016-09-24T08:00:00.000Z,1,32,20160924081
2016-09-24T09:00:00.000Z,1,40,20160924091
2016-09-24T10:00:00.000Z,1,43,20160924101
2016-09-24T11:00:00.000Z,1,42,20160924111
2016-09-24T12:00:00.000Z,1,46,20160924121
2016-09-24T13:00:00.000Z,1,41,20160924131
2016-09-24T14:00:00.000Z,1,40,20160924141
2016-09-24T15:00:00.000Z,1,40,20160924151
2016-09-24T16:00:00.000Z,1,41,20160924161
2016-09-24T17:00:00.000Z,1,39,20160924171
2016-09-24T18:00:00.000Z,1,46,20160924181
2016-09-24T19:00:00.000Z,1,51,20160924191
2016-09-24T20:00:00.000Z,1,50,20160924201
2016-09-24T21:00:00.000Z,1,46,20160924211
2016-09-24T22:00:00.000Z,1,49,20160924221
2016-09-24T23:00:00.000Z,1,47,20160924231
2016-09-25T00:00:00.000Z,1,37,20160925001
2016-09-25T01:00:00.000Z,1,33,20160925011
2016-09-25T02:00:00.000Z,1,25,20160925021
2016-09-25T03:00:00.000Z,1,27,20160925031
2016-09-25T04:00:00.000Z,1,24,20160925041
2016-09-25T05:00:00.000Z,1,23,20160925051
2016-09-25T06:00:00.000Z,1,22,20160925061
2016-09-25T07:00:00.000Z,1,24,20160925071
2016-09-25T08:00:00.000Z,1,30,20160925081
2016-09-25T09:00:00.000Z,1,30,20160925091
2016-09-25T10:00:00.000Z,1,36,20160925101
2016-09-25T11:00:00.000Z,1,42,20160925111
2016-09-25T12:00:00.000Z,1,40,20160925121
2016-09-25T13:00:00.000Z,1,37,20160925131
2016-09-25T14:00:00.000Z,1,35,20160925141
2016-09-25T15:00:00.000Z,1,39,20160925151
2016-09-25T16:00:00.000Z,1,43,20160925161
2016-09-25T17:00:00.000Z,1,42,20160925171
2016-09-25T18:00:00.000Z,1,45,20160925181
2016-09-25T19:00:00.000Z,1,51,20160925191
2016-09-25T20:00:00.000Z,1,53,20160925201
2016-09-25T21:00:00.000Z,1,49,20160925211
2016-09-25T22:00:00.000Z,1,53,20160925221
2016-09-25T23:00:00.000Z,1,53,20160925231
2016-09-26T00:00:00.000Z,1,44,20160926001
2016-09-26T01:00:00.000Z,1,43,20160926011
2016-09-26T02:00:00.000Z,1,35,20160926021
2016-09-26T03:00:00.000Z,1,30,20160926031
2016-09-26T04:00:00.000Z,1,24,20160926041
2016-09-26T05:00:00.000Z,1,26,20160926051
2016-09-26T06:00:00.000Z,1,34,20160926061
2016-09-26T07:00:00.000Z,1,35,20160926071
2016-09-26T08:00:00.000Z,1,43,20160926081
2016-09-26T09:00:00.000Z,1,46,20160926091
2016-09-26T10:00:00.000Z,1,55,20160926101
2016-09-26T11:00:00.000Z,1,77,20160926111
2016-09-26T12:00:00.000Z,1,77,20160926121
2016-09-26T13:00:00.000Z,1,69,20160926131
2016-09-26T14:00:00.000Z,1,75,20160926141
2016-09-26T15:00:00.000Z,1,69,20160926151
2016-09-26T16:00:00.000Z,1,71,20160926161
2016-09-26T17:00:00.000Z,1,71,20160926171
2016-09-26T18:00:00.000Z,1,77,20160926181
2016-09-26T19:00:00.000Z,1,73,20160926191
2016-09-26T20:00:00.000Z,1,72,20160926201
2016-09-26T21:00:00.000Z,1,66,20160926211
2016-09-26T22:00:00.000Z,1,68,20160926221
2016-09-26T23:00:00.000Z,1,65,20160926231
2016-09-27T00:00:00.000Z,1,58,20160927001
2016-09-27T01:00:00.000Z,1,51,20160927011
2016-09-27T02:00:00.000Z,1,43,20160927021
2016-09-27T03:00:00.000Z,1,35,20160927031
2016-09-27T04:00:00.000Z,1,33,20160927041
2016-09-27T05:00:00.000Z,1,27,20160927051
2016-09-27T06:00:00.000Z,1,30,20160927061
2016-09-27T07:00:00.000Z,1,32,20160927071
2016-09-27T08:00:00.000Z,1,37,20160927081
2016-09-27T09:00:00.000Z,1,49,20160927091
2016-09-27T10:00:00.000Z,1,55,20160927101
2016-09-27T11:00:00.000Z,1,64,20160927111
2016-09-27T12:00:00.000Z,1,66,20160927121
2016-09-27T13:00:00.000Z,1,59,20160927131
2016-09-27T14:00:00.000Z,1,69,20160927141
2016-09-27T15:00:00.000Z,1,70,20160927151
2016-09-27T16:00:00.000Z,1,64,20160927161
2016-09-27T17:00:00.000Z,1,66,20160927171
2016-09-27T18:00:00.000Z,1,70,20160927181
2016-09-27T19:00:00.000Z,1,75,20160927191
2016-09-27T20:00:00.000Z,1,71,20160927201
2016-09-27T21:00:00.000Z,1,65,20160927211
2016-09-27T22:00:00.000Z,1,66,20160927221
2016-09-27T23:00:00.000Z,1,60,20160927231
2016-09-28T00:00:00.000Z,1,56,20160928001
2016-09-28T01:00:00.000Z,1,48,20160928011
2016-09-28T02:00:00.000Z,1,45,20160928021
2016-09-28T03:00:00.000Z,1,34,20160928031
2016-09-28T04:00:00.000Z,1,28,20160928041
2016-09-28T05:00:00.000Z,1,28,20160928051
2016-09-28T06:00:00.000Z,1,31,20160928061
2016-09-28T07:00:00.000Z,1,37,20160928071
2016-09-28T08:00:00.000Z,1,40,20160928081
2016-09-28T09:00:00.000Z,1,47,20160928091
2016-09-28T10:00:00.000Z,1,63,20160928101
2016-09-28T11:00:00.000Z,1,73,20160928111
2016-09-28T12:00:00.000Z,1,81,20160928121
2016-09-28T13:00:00.000Z,1,66,20160928131
2016-09-28T14:00:00.000Z,1,74,20160928141
2016-09-28T15:00:00.000Z,1,74,20160928151
2016-09-28T16:00:00.000Z,1,74,20160928161
2016-09-28T17:00:00.000Z,1,73,20160928171
2016-09-28T18:00:00.000Z,1,75,20160928181
2016-09-28T19:00:00.000Z,1,82,20160928191
2016-09-28T20:00:00.000Z,1,73,20160928201
2016-09-28T21:00:00.000Z,1,67,20160928211
2016-09-28T22:00:00.000Z,1,68,20160928221
2016-09-28T23:00:00.000Z,1,63,20160928231
2016-09-29T00:00:00.000Z,1,59,20160929001
2016-09-29T01:00:00.000Z,1,51,20160929011
2016-09-29T02:00:00.000Z,1,44,20160929021
2016-09-29T03:00:00.000Z,1,33,20160929031
2016-09-29T04:00:00.000Z,1,31,20160929041
2016-09-29T05:00:00.000Z,1,30,20160929051
2016-09-29T06:00:00.000Z,1,30,20160929061
2016-09-29T07:00:00.000Z,1,35,20160929071
2016-09-29T08:00:00.000Z,1,40,20160929081
2016-09-29T09:00:00.000Z,1,48,20160929091
2016-09-29T10:00:00.000Z,1,65,20160929101
2016-09-29T11:00:00.000Z,1,66,20160929111
2016-09-29T12:00:00.000Z,1,70,20160929121
2016-09-29T13:00:00.000Z,1,60,20160929131
2016-09-29T14:00:00.000Z,1,65,20160929141
2016-09-29T15:00:00.000Z,1,64,20160929151
2016-09-29T16:00:00.000Z,1,61,20160929161
2016-09-29T17:00:00.000Z,1,62,20160929171
2016-09-29T18:00:00.000Z,1,71,20160929181
2016-09-29T19:00:00.000Z,1,68,20160929191
2016-09-29T20:00:00.000Z,1,66,20160929201
2016-09-29T21:00:00.000Z,1,63,20160929211
2016-09-29T22:00:00.000Z,1,63,20160929221
2016-09-29T23:00:00.000Z,1,60,20160929231
2016-09-30T00:00:00.000Z,1,57,20160930001
2016-09-30T01:00:00.000Z,1,49,20160930011
2016-09-30T02:00:00.000Z,1,44,20160930021
2016-09-30T03:00:00.000Z,1,31,20160930031
2016-09-30T04:00:00.000Z,1,29,20160930041
2016-09-30T05:00:00.000Z,1,26,20160930051
2016-09-30T06:00:00.000Z,1,33,20160930061
2016-09-30T07:00:00.000Z,1,35,20160930071
2016-09-30T08:00:00.000Z,1,38,20160930081
2016-09-30T09:00:00.000Z,1,46,20160930091
2016-09-30T10:00:00.000Z,1,77,20160930101
2016-09-30T11:00:00.000Z,1,75,20160930111
2016-09-30T12:00:00.000Z,1,80,20160930121
2016-09-30T13:00:00.000Z,1,62,20160930131
2016-09-30T14:00:00.000Z,1,68,20160930141
2016-09-30T15:00:00.000Z,1,68,20160930151
2016-09-30T16:00:00.000Z,1,68,20160930161
2016-09-30T17:00:00.000Z,1,74,20160930171
2016-09-30T18:00:00.000Z,1,79,20160930181
2016-09-30T19:00:00.000Z,1,84,20160930191
2016-09-30T20:00:00.000Z,1,77,20160930201
2016-09-30T21:00:00.000Z,1,69,20160930211
2016-09-30T22:00:00.000Z,1,71,20160930221
2016-09-30T23:00:00.000Z,1,64,20160930231
2016-10-01T00:00:00.000Z,1,57,20161001001
2016-10-01T01:00:00.000Z,1,49,20161001011
2016-10-01T02:00:00.000Z,1,38,20161001021
2016-10-01T03:00:00.000Z,1,30,20161001031
2016-10-01T04:00:00.000Z,1,31,20161001041
2016-10-01T05:00:00.000Z,1,25,20161001051
2016-10-01T06:00:00.000Z,1,26,20161001061
2016-10-01T07:00:00.000Z,1,28,20161001071
2016-10-01T08:00:00.000Z,1,31,20161001081
2016-10-01T09:00:00.000Z,1,38,20161001091
2016-10-01T10:00:00.000Z,1,43,20161001101
2016-10-01T11:00:00.000Z,1,39,20161001111
2016-10-01T12:00:00.000Z,1,36,20161001121
2016-10-01T13:00:00.000Z,1,35,20161001131
2016-10-01T14:00:00.000Z,1,35,20161001141
2016-10-01T15:00:00.000Z,1,39,20161001151
2016-10-01T16:00:00.000Z,1,37,20161001161
2016-10-01T17:00:00.000Z,1,36,20161001171
2016-10-01T18:00:00.000Z,1,38,20161001181
2016-10-01T19:00:00.000Z,1,48,20161001191
2016-10-01T20:00:00.000Z,1,44,20161001201
2016-10-01T21:00:00.000Z,1,47,20161001211
2016-10-01T22:00:00.000Z,1,50,20161001221
2016-10-01T23:00:00.000Z,1,48,20161001231
2016-10-02T00:00:00.000Z,1,45,20161002001
2016-10-02T01:00:00.000Z,1,37,20161002011
2016-10-02T02:00:00.000Z,1,30,20161002021
2016-10-02T03:00:00.000Z,1,27,20161002031
2016-10-02T04:00:00.000Z,1,25,20161002041
2016-10-02T05:00:00.000Z,1,23,20161002051
2016-10-02T06:00:00.000Z,1,21,20161002061
2016-10-02T07:00:00.000Z,1,24,20161002071
2016-10-02T08:00:00.000Z,1,29,20161002081
2016-10-02T09:00:00.000Z,1,33,20161002091
2016-10-02T10:00:00.000Z,1,34,20161002101
2016-10-02T11:00:00.000Z,1,41,20161002111
2016-10-02T12:00:00.000Z,1,40,20161002121
2016-10-02T13:00:00.000Z,1,41,20161002131
2016-10-02T14:00:00.000Z,1,36,20161002141
2016-10-02T15:00:00.000Z,1,34,20161002151
2016-10-02T16:00:00.000Z,1,35,20161002161
2016-10-02T17:00:00.000Z,1,35,20161002171
2016-10-02T18:00:00.000Z,1,44,20161002181
2016-10-02T19:00:00.000Z,1,50,20161002191
2016-10-02T20:00:00.000Z,1,48,20161002201
2016-10-02T21:00:00.000Z,1,49,20161002211
2016-10-02T22:00:00.000Z,1,52,20161002221
2016-10-02T23:00:00.000Z,1,48,20161002231
2016-10-03T00:00:00.000Z,1,44,20161003001
2016-10-03T01:00:00.000Z,1,37,20161003011
2016-10-03T02:00:00.000Z,1,33,20161003021
2016-10-03T03:00:00.000Z,1,30,20161003031
2016-10-03T04:00:00.000Z,1,25,20161003041
2016-10-03T05:00:00.000Z,1,24,20161003051
2016-10-03T06:00:00.000Z,1,28,20161003061
2016-10-03T07:00:00.000Z,1,33,20161003071
2016-10-03T08:00:00.000Z,1,39,20161003081
2016-10-03T09:00:00.000Z,1,47,20161003091
2016-10-03T10:00:00.000Z,1,55,20161003101
2016-10-03T11:00:00.000Z,1,65,20161003111
2016-10-03T12:00:00.000Z,1,68,20161003121
2016-10-03T13:00:00.000Z,1,58,20161003131
2016-10-03T14:00:00.000Z,1,62,20161003141
2016-10-03T15:00:00.000Z,1,68,20161003151
2016-10-03T16:00:00.000Z,1,58,20161003161
2016-10-03T17:00:00.000Z,1,63,20161003171
2016-10-03T18:00:00.000Z,1,68,20161003181
2016-10-03T19:00:00.000Z,1,74,20161003191
2016-10-03T20:00:00.000Z,1,81,20161003201
2016-10-03T21:00:00.000Z,1,79,20161003211
2016-10-03T22:00:00.000Z,1,77,20161003221
2016-10-03T23:00:00.000Z,1,70,20161003231
2016-10-04T00:00:00.000Z,1,60,20161004001
2016-10-04T01:00:00.000Z,1,54,20161004011
2016-10-04T02:00:00.000Z,1,49,20161004021
2016-10-04T03:00:00.000Z,1,41,20161004031
2016-10-04T04:00:00.000Z,1,38,20161004041
2016-10-04T05:00:00.000Z,1,35,20161004051
2016-10-04T06:00:00.000Z,1,34,20161004061
2016-10-04T07:00:00.000Z,1,44,20161004071
2016-10-04T08:00:00.000Z,1,47,20161004081
2016-10-04T09:00:00.000Z,1,54,20161004091
2016-10-04T10:00:00.000Z,1,63,20161004101
2016-10-04T11:00:00.000Z,1,72,20161004111
2016-10-04T12:00:00.000Z,1,70,20161004121
2016-10-04T13:00:00.000Z,1,67,20161004131
2016-10-04T14:00:00.000Z,1,70,20161004141
2016-10-04T15:00:00.000Z,1,71,20161004151
2016-10-04T16:00:00.000Z,1,67,20161004161
2016-10-04T17:00:00.000Z,1,67,20161004171
2016-10-04T18:00:00.000Z,1,70,20161004181
2016-10-04T19:00:00.000Z,1,81,20161004191
2016-10-04T20:00:00.000Z,1,71,20161004201
2016-10-04T21:00:00.000Z,1,69,20161004211
2016-10-04T22:00:00.000Z,1,64,20161004221
2016-10-04T23:00:00.000Z,1,64,20161004231
2016-10-05T00:00:00.000Z,1,64,20161005001
2016-10-05T01:00:00.000Z,1,54,20161005011
2016-10-05T02:00:00.000Z,1,44,20161005021
2016-10-05T03:00:00.000Z,1,35,20161005031
2016-10-05T04:00:00.000Z,1,28,20161005041
2016-10-05T05:00:00.000Z,1,29,20161005051
2016-10-05T06:00:00.000Z,1,34,20161005061
2016-10-05T07:00:00.000Z,1,38,20161005071
2016-10-05T08:00:00.000Z,1,42,20161005081
2016-10-05T09:00:00.000Z,1,48,20161005091
2016-10-05T10:00:00.000Z,1,58,20161005101
2016-10-05T11:00:00.000Z,1,65,20161005111
2016-10-05T12:00:00.000Z,1,66,20161005121
2016-10-05T13:00:00.000Z,1,59,20161005131
2016-10-05T14:00:00.000Z,1,66,20161005141
2016-10-05T15:00:00.000Z,1,66,20161005151
2016-10-05T16:00:00.000Z,1,59,20161005161
2016-10-05T17:00:00.000Z,1,61,20161005171
2016-10-05T18:00:00.000Z,1,69,20161005181
2016-10-05T19:00:00.000Z,1,73,20161005191
2016-10-05T20:00:00.000Z,1,66,20161005201
2016-10-05T21:00:00.000Z,1,64,20161005211
2016-10-05T22:00:00.000Z,1,65,20161005221
2016-10-05T23:00:00.000Z,1,64,20161005231
2016-10-06T00:00:00.000Z,1,57,20161006001
2016-10-06T01:00:00.000Z,1,46,20161006011
2016-10-06T02:00:00.000Z,1,42,20161006021
2016-10-06T03:00:00.000Z,1,31,20161006031
2016-10-06T04:00:00.000Z,1,26,20161006041
2016-10-06T05:00:00.000Z,1,30,20161006051
2016-10-06T06:00:00.000Z,1,28,20161006061
2016-10-06T07:00:00.000Z,1,33,20161006071
2016-10-06T08:00:00.000Z,1,41,20161006081
2016-10-06T09:00:00.000Z,1,46,20161006091
2016-10-06T10:00:00.000Z,1,60,20161006101
2016-10-06T11:00:00.000Z,1,67,20161006111
2016-10-06T12:00:00.000Z,1,70,20161006121
2016-10-06T13:00:00.000Z,1,57,20161006131
2016-10-06T14:00:00.000Z,1,63,20161006141
2016-10-06T15:00:00.000Z,1,63,20161006151
2016-10-06T16:00:00.000Z,1,58,20161006161
2016-10-06T17:00:00.000Z,1,67,20161006171
2016-10-06T18:00:00.000Z,1,67,20161006181
2016-10-06T19:00:00.000Z,1,74,20161006191
2016-10-06T20:00:00.000Z,1,72,20161006201
2016-10-06T21:00:00.000Z,1,66,20161006211
2016-10-06T22:00:00.000Z,1,65,20161006221
2016-10-06T23:00:00.000Z,1,59,20161006231
2016-10-07T00:00:00.000Z,1,60,20161007001
2016-10-07T01:00:00.000Z,1,48,20161007011
2016-10-07T02:00:00.000Z,1,42,20161007021
2016-10-07T03:00:00.000Z,1,32,20161007031
2016-10-07T04:00:00.000Z,1,29,20161007041
2016-10-07T05:00:00.000Z,1,30,20161007051
2016-10-07T06:00:00.000Z,1,28,20161007061
2016-10-07T07:00:00.000Z,1,33,20161007071
2016-10-07T08:00:00.000Z,1,39,20161007081
2016-10-07T09:00:00.000Z,1,42,20161007091
2016-10-07T10:00:00.000Z,1,51,20161007101
2016-10-07T11:00:00.000Z,1,58,20161007111
2016-10-07T12:00:00.000Z,1,57,20161007121
2016-10-07T13:00:00.000Z,1,54,20161007131
2016-10-07T14:00:00.000Z,1,53,20161007141
2016-10-07T15:00:00.000Z,1,57,20161007151
2016-10-07T16:00:00.000Z,1,55,20161007161
2016-10-07T17:00:00.000Z,1,49,20161007171
2016-10-07T18:00:00.000Z,1,61,20161007181
2016-10-07T19:00:00.000Z,1,66,20161007191
2016-10-07T20:00:00.000Z,1,59,20161007201
2016-10-07T21:00:00.000Z,1,60,20161007211
2016-10-07T22:00:00.000Z,1,57,20161007221
2016-10-07T23:00:00.000Z,1,51,20161007231
2016-10-08T00:00:00.000Z,1,50,20161008001
2016-10-08T01:00:00.000Z,1,41,20161008011
2016-10-08T02:00:00.000Z,1,35,20161008021
2016-10-08T03:00:00.000Z,1,27,20161008031
2016-10-08T04:00:00.000Z,1,23,20161008041
2016-10-08T05:00:00.000Z,1,21,20161008051
2016-10-08T06:00:00.000Z,1,24,20161008061
2016-10-08T07:00:00.000Z,1,25,20161008071
2016-10-08T08:00:00.000Z,1,28,20161008081
2016-10-08T09:00:00.000Z,1,28,20161008091
2016-10-08T10:00:00.000Z,1,34,20161008101
2016-10-08T11:00:00.000Z,1,37,20161008111
2016-10-08T12:00:00.000Z,1,37,20161008121
2016-10-08T13:00:00.000Z,1,36,20161008131
2016-10-08T14:00:00.000Z,1,38,20161008141
2016-10-08T15:00:00.000Z,1,37,20161008151
2016-10-08T16:00:00.000Z,1,33,20161008161
2016-10-08T17:00:00.000Z,1,34,20161008171
2016-10-08T18:00:00.000Z,1,37,20161008181
2016-10-08T19:00:00.000Z,1,40,20161008191
2016-10-08T20:00:00.000Z,1,44,20161008201
2016-10-08T21:00:00.000Z,1,41,20161008211
2016-10-08T22:00:00.000Z,1,41,20161008221
2016-10-08T23:00:00.000Z,1,41,20161008231
2016-10-09T00:00:00.000Z,1,33,20161009001
2016-10-09T01:00:00.000Z,1,32,20161009011
2016-10-09T02:00:00.000Z,1,25,20161009021
2016-10-09T03:00:00.000Z,1,25,20161009031
2016-10-09T04:00:00.000Z,1,23,20161009041
2016-10-09T05:00:00.000Z,1,21,20161009051
2016-10-09T06:00:00.000Z,1,22,20161009061
2016-10-09T07:00:00.000Z,1,26,20161009071
2016-10-09T08:00:00.000Z,1,25,20161009081
2016-10-09T09:00:00.000Z,1,27,20161009091
2016-10-09T10:00:00.000Z,1,38,20161009101
2016-10-09T11:00:00.000Z,1,37,20161009111
2016-10-09T12:00:00.000Z,1,39,20161009121
2016-10-09T13:00:00.000Z,1,35,20161009131
2016-10-09T14:00:00.000Z,1,37,20161009141
2016-10-09T15:00:00.000Z,1,36,20161009151
2016-10-09T16:00:00.000Z,1,36,20161009161
2016-10-09T17:00:00.000Z,1,35,20161009171
2016-10-09T18:00:00.000Z,1,46,20161009181
2016-10-09T19:00:00.000Z,1,59,20161009191
2016-10-09T20:00:00.000Z,1,53,20161009201
2016-10-09T21:00:00.000Z,1,49,20161009211
2016-10-09T22:00:00.000Z,1,48,20161009221
2016-10-09T23:00:00.000Z,1,46,20161009231
2016-10-10T00:00:00.000Z,1,48,20161010001
2016-10-10T01:00:00.000Z,1,37,20161010011
2016-10-10T02:00:00.000Z,1,34,20161010021
2016-10-10T03:00:00.000Z,1,30,20161010031
2016-10-10T04:00:00.000Z,1,23,20161010041
2016-10-10T05:00:00.000Z,1,24,20161010051
2016-10-10T06:00:00.000Z,1,30,20161010061
2016-10-10T07:00:00.000Z,1,26,20161010071
2016-10-10T08:00:00.000Z,1,34,20161010081
2016-10-10T09:00:00.000Z,1,44,20161010091
2016-10-10T10:00:00.000Z,1,58,20161010101
2016-10-10T11:00:00.000Z,1,70,20161010111
2016-10-10T12:00:00.000Z,1,66,20161010121
2016-10-10T13:00:00.000Z,1,62,20161010131
2016-10-10T14:00:00.000Z,1,64,20161010141
2016-10-10T15:00:00.000Z,1,62,20161010151
2016-10-10T16:00:00.000Z,1,62,20161010161
2016-10-10T17:00:00.000Z,1,65,20161010171
2016-10-10T18:00:00.000Z,1,69,20161010181
2016-10-10T19:00:00.000Z,1,75,20161010191
2016-10-10T20:00:00.000Z,1,69,20161010201
2016-10-10T21:00:00.000Z,1,63,20161010211
2016-10-10T22:00:00.000Z,1,64,20161010221
2016-10-10T23:00:00.000Z,1,57,20161010231
2016-10-11T00:00:00.000Z,1,55,20161011001
2016-10-11T01:00:00.000Z,1,44,20161011011
2016-10-11T02:00:00.000Z,1,44,20161011021
2016-10-11T03:00:00.000Z,1,33,20161011031
2016-10-11T04:00:00.000Z,1,28,20161011041
2016-10-11T05:00:00.000Z,1,30,20161011051
2016-10-11T06:00:00.000Z,1,32,20161011061
2016-10-11T07:00:00.000Z,1,36,20161011071
2016-10-11T08:00:00.000Z,1,38,20161011081
2016-10-11T09:00:00.000Z,1,42,20161011091
2016-10-11T10:00:00.000Z,1,42,20161011101
2016-10-11T11:00:00.000Z,1,44,20161011111
2016-10-11T12:00:00.000Z,1,48,20161011121
2016-10-11T13:00:00.000Z,1,50,20161011131
2016-10-11T14:00:00.000Z,1,52,20161011141
2016-10-11T15:00:00.000Z,1,47,20161011151
2016-10-11T16:00:00.000Z,1,50,20161011161
2016-10-11T17:00:00.000Z,1,52,20161011171
2016-10-11T18:00:00.000Z,1,59,20161011181
2016-10-11T19:00:00.000Z,1,76,20161011191
2016-10-11T20:00:00.000Z,1,70,20161011201
2016-10-11T21:00:00.000Z,1,63,20161011211
2016-10-11T22:00:00.000Z,1,62,20161011221
2016-10-11T23:00:00.000Z,1,57,20161011231
2016-10-12T00:00:00.000Z,1,54,20161012001
2016-10-12T01:00:00.000Z,1,52,20161012011
2016-10-12T02:00:00.000Z,1,41,20161012021
2016-10-12T03:00:00.000Z,1,32,20161012031
2016-10-12T04:00:00.000Z,1,29,20161012041
2016-10-12T05:00:00.000Z,1,29,20161012051
2016-10-12T06:00:00.000Z,1,32,20161012061
2016-10-12T07:00:00.000Z,1,37,20161012071
2016-10-12T08:00:00.000Z,1,41,20161012081
2016-10-12T09:00:00.000Z,1,44,20161012091
2016-10-12T10:00:00.000Z,1,54,20161012101
2016-10-12T11:00:00.000Z,1,64,20161012111
2016-10-12T12:00:00.000Z,1,67,20161012121
2016-10-12T13:00:00.000Z,1,56,20161012131
2016-10-12T14:00:00.000Z,1,63,20161012141
2016-10-12T15:00:00.000Z,1,64,20161012151
2016-10-12T16:00:00.000Z,1,64,20161012161
2016-10-12T17:00:00.000Z,1,61,20161012171
2016-10-12T18:00:00.000Z,1,66,20161012181
2016-10-12T19:00:00.000Z,1,74,20161012191
2016-10-12T20:00:00.000Z,1,69,20161012201
2016-10-12T21:00:00.000Z,1,64,20161012211
2016-10-12T22:00:00.000Z,1,63,20161012221
2016-10-12T23:00:00.000Z,1,62,20161012231
2016-10-13T00:00:00.000Z,1,59,20161013001
2016-10-13T01:00:00.000Z,1,50,20161013011
2016-10-13T02:00:00.000Z,1,45,20161013021
2016-10-13T03:00:00.000Z,1,36,20161013031
2016-10-13T04:00:00.000Z,1,31,20161013041
2016-10-13T05:00:00.000Z,1,28,20161013051
2016-10-13T06:00:00.000Z,1,30,20161013061
2016-10-13T07:00:00.000Z,1,36,20161013071
2016-10-13T08:00:00.000Z,1,45,20161013081
2016-10-13T09:00:00.000Z,1,46,20161013091
2016-10-13T10:00:00.000Z,1,66,20161013101
2016-10-13T11:00:00.000Z,1,71,20161013111
2016-10-13T12:00:00.000Z,1,74,20161013121
2016-10-13T13:00:00.000Z,1,60,20161013131
2016-10-13T14:00:00.000Z,1,68,20161013141
2016-10-13T15:00:00.000Z,1,66,20161013151
2016-10-13T16:00:00.000Z,1,67,20161013161
2016-10-13T17:00:00.000Z,1,66,20161013171
2016-10-13T18:00:00.000Z,1,74,20161013181
2016-10-13T19:00:00.000Z,1,75,20161013191
2016-10-13T20:00:00.000Z,1,67,20161013201
2016-10-13T21:00:00.000Z,1,70,20161013211
2016-10-13T22:00:00.000Z,1,66,20161013221
2016-10-13T23:00:00.000Z,1,61,20161013231
2016-10-14T00:00:00.000Z,1,59,20161014001
2016-10-14T01:00:00.000Z,1,50,20161014011
2016-10-14T02:00:00.000Z,1,43,20161014021
2016-10-14T03:00:00.000Z,1,38,20161014031
2016-10-14T04:00:00.000Z,1,33,20161014041
2016-10-14T05:00:00.000Z,1,30,20161014051
2016-10-14T06:00:00.000Z,1,32,20161014061
2016-10-14T07:00:00.000Z,1,38,20161014071
2016-10-14T08:00:00.000Z,1,41,20161014081
2016-10-14T09:00:00.000Z,1,51,20161014091
2016-10-14T10:00:00.000Z,1,58,20161014101
2016-10-14T11:00:00.000Z,1,65,20161014111
2016-10-14T12:00:00.000Z,1,69,20161014121
2016-10-14T13:00:00.000Z,1,57,20161014131
2016-10-14T14:00:00.000Z,1,64,20161014141
2016-10-14T15:00:00.000Z,1,64,20161014151
2016-10-14T16:00:00.000Z,1,60,20161014161
2016-10-14T17:00:00.000Z,1,54,20161014171
2016-10-14T18:00:00.000Z,1,66,20161014181
2016-10-14T19:00:00.000Z,1,67,20161014191
2016-10-14T20:00:00.000Z,1,63,20161014201
2016-10-14T21:00:00.000Z,1,59,20161014211
2016-10-14T22:00:00.000Z,1,52,20161014221
2016-10-14T23:00:00.000Z,1,49,20161014231
2016-10-15T00:00:00.000Z,1,47,20161015001
2016-10-15T01:00:00.000Z,1,40,20161015011
2016-10-15T02:00:00.000Z,1,39,20161015021
2016-10-15T03:00:00.000Z,1,32,20161015031
2016-10-15T04:00:00.000Z,1,23,20161015041
2016-10-15T05:00:00.000Z,1,21,20161015051
2016-10-15T06:00:00.000Z,1,22,20161015061
2016-10-15T07:00:00.000Z,1,25,20161015071
2016-10-15T08:00:00.000Z,1,28,20161015081
2016-10-15T09:00:00.000Z,1,35,20161015091
2016-10-15T10:00:00.000Z,1,43,20161015101
2016-10-15T11:00:00.000Z,1,38,20161015111
2016-10-15T12:00:00.000Z,1,40,20161015121
2016-10-15T13:00:00.000Z,1,36,20161015131
2016-10-15T14:00:00.000Z,1,39,20161015141
2016-10-15T15:00:00.000Z,1,35,20161015151
2016-10-15T16:00:00.000Z,1,38,20161015161
2016-10-15T17:00:00.000Z,1,36,20161015171
2016-10-15T18:00:00.000Z,1,38,20161015181
2016-10-15T19:00:00.000Z,1,51,20161015191
2016-10-15T20:00:00.000Z,1,50,20161015201
2016-10-15T21:00:00.000Z,1,47,20161015211
2016-10-15T22:00:00.000Z,1,51,20161015221
2016-10-15T23:00:00.000Z,1,45,20161015231
2016-10-16T00:00:00.000Z,1,43,20161016001
2016-10-16T01:00:00.000Z,1,37,20161016011
2016-10-16T02:00:00.000Z,1,32,20161016021
2016-10-16T03:00:00.000Z,1,27,20161016031
2016-10-16T04:00:00.000Z,1,19,20161016041
2016-10-16T05:00:00.000Z,1,21,20161016051
2016-10-16T06:00:00.000Z,1,21,20161016061
2016-10-16T07:00:00.000Z,1,23,20161016071
2016-10-16T08:00:00.000Z,1,31,20161016081
2016-10-16T09:00:00.000Z,1,34,20161016091
2016-10-16T10:00:00.000Z,1,39,20161016101
2016-10-16T11:00:00.000Z,1,38,20161016111
2016-10-16T12:00:00.000Z,1,39,20161016121
2016-10-16T13:00:00.000Z,1,37,20161016131
2016-10-16T14:00:00.000Z,1,37,20161016141
2016-10-16T15:00:00.000Z,1,38,20161016151
2016-10-16T16:00:00.000Z,1,38,20161016161
2016-10-16T17:00:00.000Z,1,38,20161016171
2016-10-16T18:00:00.000Z,1,42,20161016181
2016-10-16T19:00:00.000Z,1,50,20161016191
2016-10-16T20:00:00.000Z,1,52,20161016201
2016-10-16T21:00:00.000Z,1,51,20161016211
2016-10-16T22:00:00.000Z,1,51,20161016221
2016-10-16T23:00:00.000Z,1,51,20161016231
2016-10-17T00:00:00.000Z,1,48,20161017001
2016-10-17T01:00:00.000Z,1,39,20161017011
2016-10-17T02:00:00.000Z,1,34,20161017021
2016-10-17T03:00:00.000Z,1,31,20161017031
2016-10-17T04:00:00.000Z,1,29,20161017041
2016-10-17T05:00:00.000Z,1,27,20161017051
2016-10-17T06:00:00.000Z,1,33,20161017061
2016-10-17T07:00:00.000Z,1,33,20161017071
2016-10-17T08:00:00.000Z,1,40,20161017081
2016-10-17T09:00:00.000Z,1,46,20161017091
2016-10-17T10:00:00.000Z,1,56,20161017101
2016-10-17T11:00:00.000Z,1,75,20161017111
2016-10-17T12:00:00.000Z,1,87,20161017121
2016-10-17T13:00:00.000Z,1,72,20161017131
2016-10-17T14:00:00.000Z,1,82,20161017141
2016-10-17T15:00:00.000Z,1,75,20161017151
2016-10-17T16:00:00.000Z,1,71,20161017161
2016-10-17T17:00:00.000Z,1,71,20161017171
2016-10-17T18:00:00.000Z,1,78,20161017181
2016-10-17T19:00:00.000Z,1,83,20161017191
2016-10-17T20:00:00.000Z,1,75,20161017201
2016-10-17T21:00:00.000Z,1,73,20161017211
2016-10-17T22:00:00.000Z,1,71,20161017221
2016-10-17T23:00:00.000Z,1,65,20161017231
2016-10-18T00:00:00.000Z,1,66,20161018001
2016-10-18T01:00:00.000Z,1,51,20161018011
2016-10-18T02:00:00.000Z,1,48,20161018021
2016-10-18T03:00:00.000Z,1,41,20161018031
2016-10-18T04:00:00.000Z,1,37,20161018041
2016-10-18T05:00:00.000Z,1,31,20161018051
2016-10-18T06:00:00.000Z,1,33,20161018061
2016-10-18T07:00:00.000Z,1,42,20161018071
2016-10-18T08:00:00.000Z,1,42,20161018081
2016-10-18T09:00:00.000Z,1,52,20161018091
2016-10-18T10:00:00.000Z,1,62,20161018101
2016-10-18T11:00:00.000Z,1,66,20161018111
2016-10-18T12:00:00.000Z,1,71,20161018121
2016-10-18T13:00:00.000Z,1,64,20161018131
2016-10-18T14:00:00.000Z,1,67,20161018141
2016-10-18T15:00:00.000Z,1,70,20161018151
2016-10-18T16:00:00.000Z,1,68,20161018161
2016-10-18T17:00:00.000Z,1,66,20161018171
2016-10-18T18:00:00.000Z,1,70,20161018181
2016-10-18T19:00:00.000Z,1,74,20161018191
2016-10-18T20:00:00.000Z,1,73,20161018201
2016-10-18T21:00:00.000Z,1,72,20161018211
2016-10-18T22:00:00.000Z,1,68,20161018221
2016-10-18T23:00:00.000Z,1,65,20161018231
2016-10-19T00:00:00.000Z,1,64,20161019001
2016-10-19T01:00:00.000Z,1,55,20161019011
2016-10-19T02:00:00.000Z,1,45,20161019021
2016-10-19T03:00:00.000Z,1,38,20161019031
2016-10-19T04:00:00.000Z,1,34,20161019041
2016-10-19T05:00:00.000Z,1,32,20161019051
2016-10-19T06:00:00.000Z,1,32,20161019061
2016-10-19T07:00:00.000Z,1,36,20161019071
2016-10-19T08:00:00.000Z,1,41,20161019081
2016-10-19T09:00:00.000Z,1,48,20161019091
2016-10-19T10:00:00.000Z,1,57,20161019101
2016-10-19T11:00:00.000Z,1,94,20161019111
2016-10-19T12:00:00.000Z,1,81,20161019121
2016-10-19T13:00:00.000Z,1,74,20161019131
2016-10-19T14:00:00.000Z,1,78,20161019141
2016-10-19T15:00:00.000Z,1,74,20161019151
2016-10-19T16:00:00.000Z,1,75,20161019161
2016-10-19T17:00:00.000Z,1,82,20161019171
2016-10-19T18:00:00.000Z,1,92,20161019181
2016-10-19T19:00:00.000Z,1,106,20161019191
2016-10-19T20:00:00.000Z,1,98,20161019201
2016-10-19T21:00:00.000Z,1,86,20161019211
2016-10-19T22:00:00.000Z,1,81,20161019221
2016-10-19T23:00:00.000Z,1,79,20161019231
2016-10-20T00:00:00.000Z,1,74,20161020001
2016-10-20T01:00:00.000Z,1,60,20161020011
2016-10-20T02:00:00.000Z,1,57,20161020021
2016-10-20T03:00:00.000Z,1,45,20161020031
2016-10-20T04:00:00.000Z,1,39,20161020041
2016-10-20T05:00:00.000Z,1,35,20161020051
2016-10-20T06:00:00.000Z,1,36,20161020061
2016-10-20T07:00:00.000Z,1,39,20161020071
2016-10-20T08:00:00.000Z,1,41,20161020081
2016-10-20T09:00:00.000Z,1,51,20161020091
2016-10-20T10:00:00.000Z,1,64,20161020101
2016-10-20T11:00:00.000Z,1,70,20161020111
2016-10-20T12:00:00.000Z,1,68,20161020121
2016-10-20T13:00:00.000Z,1,60,20161020131
2016-10-20T14:00:00.000Z,1,70,20161020141
2016-10-20T15:00:00.000Z,1,69,20161020151
2016-10-20T16:00:00.000Z,1,64,20161020161
2016-10-20T17:00:00.000Z,1,77,20161020171
2016-10-20T18:00:00.000Z,1,79,20161020181
2016-10-20T19:00:00.000Z,1,79,20161020191
2016-10-20T20:00:00.000Z,1,75,20161020201
2016-10-20T21:00:00.000Z,1,74,20161020211
2016-10-20T22:00:00.000Z,1,69,20161020221
2016-10-20T23:00:00.000Z,1,65,20161020231
2016-10-21T00:00:00.000Z,1,61,20161021001
2016-10-21T01:00:00.000Z,1,54,20161021011
2016-10-21T02:00:00.000Z,1,45,20161021021
2016-10-21T03:00:00.000Z,1,37,20161021031
2016-10-21T04:00:00.000Z,1,32,20161021041
2016-10-21T05:00:00.000Z,1,29,20161021051
2016-10-21T06:00:00.000Z,1,33,20161021061
2016-10-21T07:00:00.000Z,1,40,20161021071
2016-10-21T08:00:00.000Z,1,41,20161021081
2016-10-21T09:00:00.000Z,1,49,20161021091
2016-10-21T10:00:00.000Z,1,60,20161021101
2016-10-21T11:00:00.000Z,1,74,20161021111
2016-10-21T12:00:00.000Z,1,70,20161021121
2016-10-21T13:00:00.000Z,1,62,20161021131
2016-10-21T14:00:00.000Z,1,65,20161021141
2016-10-21T15:00:00.000Z,1,65,20161021151
2016-10-21T16:00:00.000Z,1,66,20161021161
2016-10-21T17:00:00.000Z,1,62,20161021171
2016-10-21T18:00:00.000Z,1,68,20161021181
2016-10-21T19:00:00.000Z,1,73,20161021191
2016-10-21T20:00:00.000Z,1,64,20161021201
2016-10-21T21:00:00.000Z,1,63,20161021211
2016-10-21T22:00:00.000Z,1,62,20161021221
2016-10-21T23:00:00.000Z,1,58,20161021231
2016-10-22T00:00:00.000Z,1,54,20161022001
2016-10-22T01:00:00.000Z,1,45,20161022011
2016-10-22T02:00:00.000Z,1,44,20161022021
2016-10-22T03:00:00.000Z,1,29,20161022031
2016-10-22T04:00:00.000Z,1,30,20161022041
2016-10-22T05:00:00.000Z,1,26,20161022051
2016-10-22T06:00:00.000Z,1,28,20161022061
2016-10-22T07:00:00.000Z,1,30,20161022071
2016-10-22T08:00:00.000Z,1,29,20161022081
2016-10-22T09:00:00.000Z,1,36,20161022091
2016-10-22T10:00:00.000Z,1,51,20161022101
2016-10-22T11:00:00.000Z,1,46,20161022111
2016-10-22T12:00:00.000Z,1,45,20161022121
2016-10-22T13:00:00.000Z,1,45,20161022131
2016-10-22T14:00:00.000Z,1,41,20161022141
2016-10-22T15:00:00.000Z,1,38,20161022151
2016-10-22T16:00:00.000Z,1,41,20161022161
2016-10-22T17:00:00.000Z,1,39,20161022171
2016-10-22T18:00:00.000Z,1,47,20161022181
2016-10-22T19:00:00.000Z,1,47,20161022191
2016-10-22T20:00:00.000Z,1,50,20161022201
2016-10-22T21:00:00.000Z,1,50,20161022211
2016-10-22T22:00:00.000Z,1,49,20161022221
2016-10-22T23:00:00.000Z,1,50,20161022231
2016-10-23T00:00:00.000Z,1,46,20161023001
2016-10-23T01:00:00.000Z,1,39,20161023011
2016-10-23T02:00:00.000Z,1,30,20161023021
2016-10-23T03:00:00.000Z,1,29,20161023031
2016-10-23T04:00:00.000Z,1,28,20161023041
2016-10-23T05:00:00.000Z,1,23,20161023051
2016-10-23T06:00:00.000Z,1,26,20161023061
2016-10-23T07:00:00.000Z,1,27,20161023071
2016-10-23T08:00:00.000Z,1,29,20161023081
2016-10-23T09:00:00.000Z,1,32,20161023091
2016-10-23T10:00:00.000Z,1,37,20161023101
2016-10-23T11:00:00.000Z,1,39,20161023111
2016-10-23T12:00:00.000Z,1,38,20161023121
2016-10-23T13:00:00.000Z,1,37,20161023131
2016-10-23T14:00:00.000Z,1,36,20161023141
2016-10-23T15:00:00.000Z,1,40,20161023151
2016-10-23T16:00:00.000Z,1,34,20161023161
2016-10-23T17:00:00.000Z,1,41,20161023171
2016-10-23T18:00:00.000Z,1,46,20161023181
2016-10-23T19:00:00.000Z,1,48,20161023191
2016-10-23T20:00:00.000Z,1,47,20161023201
2016-10-23T21:00:00.000Z,1,51,20161023211
2016-10-23T22:00:00.000Z,1,51,20161023221
2016-10-23T23:00:00.000Z,1,50,20161023231
2016-10-24T00:00:00.000Z,1,49,20161024001
2016-10-24T01:00:00.000Z,1,41,20161024011
2016-10-24T02:00:00.000Z,1,37,20161024021
2016-10-24T03:00:00.000Z,1,35,20161024031
2016-10-24T04:00:00.000Z,1,32,20161024041
2016-10-24T05:00:00.000Z,1,29,20161024051
2016-10-24T06:00:00.000Z,1,30,20161024061
2016-10-24T07:00:00.000Z,1,35,20161024071
2016-10-24T08:00:00.000Z,1,37,20161024081
2016-10-24T09:00:00.000Z,1,48,20161024091
2016-10-24T10:00:00.000Z,1,59,20161024101
2016-10-24T11:00:00.000Z,1,79,20161024111
2016-10-24T12:00:00.000Z,1,77,20161024121
2016-10-24T13:00:00.000Z,1,67,20161024131
2016-10-24T14:00:00.000Z,1,71,20161024141
2016-10-24T15:00:00.000Z,1,74,20161024151
2016-10-24T16:00:00.000Z,1,73,20161024161
2016-10-24T17:00:00.000Z,1,78,20161024171
2016-10-24T18:00:00.000Z,1,78,20161024181
2016-10-24T19:00:00.000Z,1,78,20161024191
2016-10-24T20:00:00.000Z,1,76,20161024201
2016-10-24T21:00:00.000Z,1,69,20161024211
2016-10-24T22:00:00.000Z,1,70,20161024221
2016-10-24T23:00:00.000Z,1,62,20161024231
2016-10-25T00:00:00.000Z,1,66,20161025001
2016-10-25T01:00:00.000Z,1,55,20161025011
2016-10-25T02:00:00.000Z,1,47,20161025021
2016-10-25T03:00:00.000Z,1,44,20161025031
2016-10-25T04:00:00.000Z,1,33,20161025041
2016-10-25T05:00:00.000Z,1,33,20161025051
2016-10-25T06:00:00.000Z,1,35,20161025061
2016-10-25T07:00:00.000Z,1,39,20161025071
2016-10-25T08:00:00.000Z,1,44,20161025081
2016-10-25T09:00:00.000Z,1,54,20161025091
2016-10-25T10:00:00.000Z,1,59,20161025101
2016-10-25T11:00:00.000Z,1,62,20161025111
2016-10-25T12:00:00.000Z,1,71,20161025121
2016-10-25T13:00:00.000Z,1,64,20161025131
2016-10-25T14:00:00.000Z,1,69,20161025141
2016-10-25T15:00:00.000Z,1,66,20161025151
2016-10-25T16:00:00.000Z,1,67,20161025161
2016-10-25T17:00:00.000Z,1,65,20161025171
2016-10-25T18:00:00.000Z,1,73,20161025181
2016-10-25T19:00:00.000Z,1,77,20161025191
2016-10-25T20:00:00.000Z,1,70,20161025201
2016-10-25T21:00:00.000Z,1,66,20161025211
2016-10-25T22:00:00.000Z,1,68,20161025221
2016-10-25T23:00:00.000Z,1,62,20161025231
2016-10-26T00:00:00.000Z,1,60,20161026001
2016-10-26T01:00:00.000Z,1,51,20161026011
2016-10-26T02:00:00.000Z,1,45,20161026021
2016-10-26T03:00:00.000Z,1,38,20161026031
2016-10-26T04:00:00.000Z,1,31,20161026041
2016-10-26T05:00:00.000Z,1,29,20161026051
2016-10-26T06:00:00.000Z,1,35,20161026061
2016-10-26T07:00:00.000Z,1,38,20161026071
2016-10-26T08:00:00.000Z,1,44,20161026081
2016-10-26T09:00:00.000Z,1,48,20161026091
2016-10-26T10:00:00.000Z,1,66,20161026101
2016-10-26T11:00:00.000Z,1,106,20161026111
2016-10-26T12:00:00.000Z,1,85,20161026121
2016-10-26T13:00:00.000Z,1,78,20161026131
2016-10-26T14:00:00.000Z,1,77,20161026141
2016-10-26T15:00:00.000Z,1,72,20161026151
2016-10-26T16:00:00.000Z,1,69,20161026161
2016-10-26T17:00:00.000Z,1,72,20161026171
2016-10-26T18:00:00.000Z,1,81,20161026181
2016-10-26T19:00:00.000Z,1,89,20161026191
2016-10-26T20:00:00.000Z,1,88,20161026201
2016-10-26T21:00:00.000Z,1,82,20161026211
2016-10-26T22:00:00.000Z,1,77,20161026221
2016-10-26T23:00:00.000Z,1,72,20161026231
2016-10-27T00:00:00.000Z,1,67,20161027001
2016-10-27T01:00:00.000Z,1,55,20161027011
2016-10-27T02:00:00.000Z,1,50,20161027021
2016-10-27T03:00:00.000Z,1,43,20161027031
2016-10-27T04:00:00.000Z,1,36,20161027041
2016-10-27T05:00:00.000Z,1,37,20161027051
2016-10-27T06:00:00.000Z,1,42,20161027061
2016-10-27T07:00:00.000Z,1,44,20161027071
2016-10-27T08:00:00.000Z,1,51,20161027081
2016-10-27T09:00:00.000Z,1,52,20161027091
2016-10-27T10:00:00.000Z,1,64,20161027101
2016-10-27T11:00:00.000Z,1,66,20161027111
2016-10-27T12:00:00.000Z,1,74,20161027121
2016-10-27T13:00:00.000Z,1,75,20161027131
2016-10-27T14:00:00.000Z,1,71,20161027141
2016-10-27T15:00:00.000Z,1,68,20161027151
2016-10-27T16:00:00.000Z,1,64,20161027161
2016-10-27T17:00:00.000Z,1,67,20161027171
2016-10-27T18:00:00.000Z,1,73,20161027181
2016-10-27T19:00:00.000Z,1,78,20161027191
2016-10-27T20:00:00.000Z,1,76,20161027201
2016-10-27T21:00:00.000Z,1,75,20161027211
2016-10-27T22:00:00.000Z,1,62,20161027221
2016-10-27T23:00:00.000Z,1,62,20161027231
2016-10-28T00:00:00.000Z,1,60,20161028001
2016-10-28T01:00:00.000Z,1,50,20161028011
2016-10-28T02:00:00.000Z,1,45,20161028021
2016-10-28T03:00:00.000Z,1,38,20161028031
2016-10-28T04:00:00.000Z,1,36,20161028041
2016-10-28T05:00:00.000Z,1,31,20161028051
2016-10-28T06:00:00.000Z,1,33,20161028061
2016-10-28T07:00:00.000Z,1,41,20161028071
2016-10-28T08:00:00.000Z,1,41,20161028081
2016-10-28T09:00:00.000Z,1,43,20161028091
2016-10-28T10:00:00.000Z,1,50,20161028101
2016-10-28T11:00:00.000Z,1,60,20161028111
2016-10-28T12:00:00.000Z,1,77,20161028121
2016-10-28T13:00:00.000Z,1,83,20161028131
2016-10-28T14:00:00.000Z,1,74,20161028141
2016-10-28T15:00:00.000Z,1,68,20161028151
2016-10-28T16:00:00.000Z,1,62,20161028161
2016-10-28T17:00:00.000Z,1,66,20161028171
2016-10-28T18:00:00.000Z,1,74,20161028181
2016-10-28T19:00:00.000Z,1,79,20161028191
2016-10-28T20:00:00.000Z,1,71,20161028201
2016-10-28T21:00:00.000Z,1,72,20161028211
2016-10-28T22:00:00.000Z,1,64,20161028221
2016-10-28T23:00:00.000Z,1,59,20161028231
2016-10-29T00:00:00.000Z,1,58,20161029001
2016-10-29T01:00:00.000Z,1,49,20161029011
2016-10-29T02:00:00.000Z,1,44,20161029021
2016-10-29T03:00:00.000Z,1,33,20161029031
2016-10-29T04:00:00.000Z,1,30,20161029041
2016-10-29T05:00:00.000Z,1,29,20161029051
2016-10-29T06:00:00.000Z,1,27,20161029061
2016-10-29T07:00:00.000Z,1,32,20161029071
2016-10-29T08:00:00.000Z,1,30,20161029081
2016-10-29T09:00:00.000Z,1,36,20161029091
2016-10-29T10:00:00.000Z,1,37,20161029101
2016-10-29T11:00:00.000Z,1,39,20161029111
2016-10-29T12:00:00.000Z,1,39,20161029121
2016-10-29T13:00:00.000Z,1,36,20161029131
2016-10-29T14:00:00.000Z,1,33,20161029141
2016-10-29T15:00:00.000Z,1,35,20161029151
2016-10-29T16:00:00.000Z,1,36,20161029161
2016-10-29T17:00:00.000Z,1,41,20161029171
2016-10-29T18:00:00.000Z,1,45,20161029181
2016-10-29T19:00:00.000Z,1,43,20161029191
2016-10-29T20:00:00.000Z,1,43,20161029201
2016-10-29T21:00:00.000Z,1,43,20161029211
2016-10-29T22:00:00.000Z,1,48,20161029221
2016-10-29T23:00:00.000Z,1,46,20161029231
2016-10-30T00:00:00.000Z,1,41,20161030001
2016-10-30T01:00:00.000Z,1,38,20161030011
2016-10-30T02:00:00.000Z,1,31,20161030021
2016-10-30T03:00:00.000Z,1,27,20161030031
2016-10-30T04:00:00.000Z,1,24,20161030041
2016-10-30T05:00:00.000Z,1,22,20161030051
2016-10-30T06:00:00.000Z,1,23,20161030061
2016-10-30T07:00:00.000Z,1,24,20161030071
2016-10-30T08:00:00.000Z,1,30,20161030081
2016-10-30T09:00:00.000Z,1,29,20161030091
2016-10-30T10:00:00.000Z,1,35,20161030101
2016-10-30T11:00:00.000Z,1,37,20161030111
2016-10-30T12:00:00.000Z,1,37,20161030121
2016-10-30T13:00:00.000Z,1,31,20161030131
2016-10-30T14:00:00.000Z,1,31,20161030141
2016-10-30T15:00:00.000Z,1,34,20161030151
2016-10-30T16:00:00.000Z,1,34,20161030161
2016-10-30T17:00:00.000Z,1,37,20161030171
2016-10-30T18:00:00.000Z,1,40,20161030181
2016-10-30T19:00:00.000Z,1,42,20161030191
2016-10-30T20:00:00.000Z,1,39,20161030201
2016-10-30T21:00:00.000Z,1,43,20161030211
2016-10-30T22:00:00.000Z,1,42,20161030221
2016-10-30T23:00:00.000Z,1,44,20161030231
2016-10-31T00:00:00.000Z,1,39,20161031001
2016-10-31T01:00:00.000Z,1,36,20161031011
2016-10-31T02:00:00.000Z,1,32,20161031021
2016-10-31T03:00:00.000Z,1,35,20161031031
2016-10-31T04:00:00.000Z,1,31,20161031041
2016-10-31T05:00:00.000Z,1,30,20161031051
2016-10-31T06:00:00.000Z,1,33,20161031061
2016-10-31T07:00:00.000Z,1,35,20161031071
2016-10-31T08:00:00.000Z,1,37,20161031081
2016-10-31T09:00:00.000Z,1,41,20161031091
2016-10-31T10:00:00.000Z,1,52,20161031101
2016-10-31T11:00:00.000Z,1,58,20161031111
2016-10-31T12:00:00.000Z,1,56,20161031121
2016-10-31T13:00:00.000Z,1,54,20161031131
2016-10-31T14:00:00.000Z,1,59,20161031141
2016-10-31T15:00:00.000Z,1,58,20161031151
2016-10-31T16:00:00.000Z,1,58,20161031161
2016-10-31T17:00:00.000Z,1,60,20161031171
2016-10-31T18:00:00.000Z,1,68,20161031181
2016-10-31T19:00:00.000Z,1,77,20161031191
2016-10-31T20:00:00.000Z,1,72,20161031201
2016-10-31T21:00:00.000Z,1,75,20161031211
2016-10-31T22:00:00.000Z,1,63,20161031221
2016-10-31T23:00:00.000Z,1,64,20161031231
2016-11-01T00:00:00.000Z,1,61,20161101001
2016-11-01T01:00:00.000Z,1,52,20161101011
2016-11-01T02:00:00.000Z,1,49,20161101021
2016-11-01T03:00:00.000Z,1,45,20161101031
2016-11-01T04:00:00.000Z,1,36,20161101041
2016-11-01T05:00:00.000Z,1,33,20161101051
2016-11-01T06:00:00.000Z,1,38,20161101061
2016-11-01T07:00:00.000Z,1,42,20161101071
2016-11-01T08:00:00.000Z,1,45,20161101081
2016-11-01T09:00:00.000Z,1,43,20161101091
2016-11-01T10:00:00.000Z,1,47,20161101101
2016-11-01T11:00:00.000Z,1,55,20161101111
2016-11-01T12:00:00.000Z,1,57,20161101121
2016-11-01T13:00:00.000Z,1,49,20161101131
2016-11-01T14:00:00.000Z,1,56,20161101141
2016-11-01T15:00:00.000Z,1,58,20161101151
2016-11-01T16:00:00.000Z,1,52,20161101161
2016-11-01T17:00:00.000Z,1,59,20161101171
2016-11-01T18:00:00.000Z,1,68,20161101181
2016-11-01T19:00:00.000Z,1,78,20161101191
2016-11-01T20:00:00.000Z,1,77,20161101201
2016-11-01T21:00:00.000Z,1,72,20161101211
2016-11-01T22:00:00.000Z,1,71,20161101221
2016-11-01T23:00:00.000Z,1,63,20161101231
2016-11-02T00:00:00.000Z,1,60,20161102001
2016-11-02T01:00:00.000Z,1,54,20161102011
2016-11-02T02:00:00.000Z,1,47,20161102021
2016-11-02T03:00:00.000Z,1,39,20161102031
2016-11-02T04:00:00.000Z,1,37,20161102041
2016-11-02T05:00:00.000Z,1,31,20161102051
2016-11-02T06:00:00.000Z,1,32,20161102061
2016-11-02T07:00:00.000Z,1,38,20161102071
2016-11-02T08:00:00.000Z,1,43,20161102081
2016-11-02T09:00:00.000Z,1,47,20161102091
2016-11-02T10:00:00.000Z,1,57,20161102101
2016-11-02T11:00:00.000Z,1,68,20161102111
2016-11-02T12:00:00.000Z,1,66,20161102121
2016-11-02T13:00:00.000Z,1,67,20161102131
2016-11-02T14:00:00.000Z,1,72,20161102141
2016-11-02T15:00:00.000Z,1,68,20161102151
2016-11-02T16:00:00.000Z,1,66,20161102161
2016-11-02T17:00:00.000Z,1,65,20161102171
2016-11-02T18:00:00.000Z,1,69,20161102181
2016-11-02T19:00:00.000Z,1,73,20161102191
2016-11-02T20:00:00.000Z,1,69,20161102201
2016-11-02T21:00:00.000Z,1,69,20161102211
2016-11-02T22:00:00.000Z,1,67,20161102221
2016-11-02T23:00:00.000Z,1,66,20161102231
2016-11-03T00:00:00.000Z,1,57,20161103001
2016-11-03T01:00:00.000Z,1,47,20161103011
2016-11-03T02:00:00.000Z,1,44,20161103021
2016-11-03T03:00:00.000Z,1,44,20161103031
2016-11-03T04:00:00.000Z,1,31,20161103041
2016-11-03T05:00:00.000Z,1,32,20161103051
2016-11-03T06:00:00.000Z,1,32,20161103061
2016-11-03T07:00:00.000Z,1,36,20161103071
2016-11-03T08:00:00.000Z,1,42,20161103081
2016-11-03T09:00:00.000Z,1,45,20161103091
2016-11-03T10:00:00.000Z,1,64,20161103101
2016-11-03T11:00:00.000Z,1,76,20161103111
2016-11-03T12:00:00.000Z,1,76,20161103121
2016-11-03T13:00:00.000Z,1,65,20161103131
2016-11-03T14:00:00.000Z,1,77,20161103141
2016-11-03T15:00:00.000Z,1,73,20161103151
2016-11-03T16:00:00.000Z,1,73,20161103161
2016-11-03T17:00:00.000Z,1,71,20161103171
2016-11-03T18:00:00.000Z,1,75,20161103181
2016-11-03T19:00:00.000Z,1,74,20161103191
2016-11-03T20:00:00.000Z,1,75,20161103201
2016-11-03T21:00:00.000Z,1,72,20161103211
2016-11-03T22:00:00.000Z,1,69,20161103221
2016-11-03T23:00:00.000Z,1,65,20161103231
2016-11-04T00:00:00.000Z,1,61,20161104001
2016-11-04T01:00:00.000Z,1,51,20161104011
2016-11-04T02:00:00.000Z,1,45,20161104021
2016-11-04T03:00:00.000Z,1,39,20161104031
2016-11-04T04:00:00.000Z,1,34,20161104041
2016-11-04T05:00:00.000Z,1,32,20161104051
2016-11-04T06:00:00.000Z,1,33,20161104061
2016-11-04T07:00:00.000Z,1,42,20161104071
2016-11-04T08:00:00.000Z,1,38,20161104081
2016-11-04T09:00:00.000Z,1,47,20161104091
2016-11-04T10:00:00.000Z,1,56,20161104101
2016-11-04T11:00:00.000Z,1,61,20161104111
2016-11-04T12:00:00.000Z,1,63,20161104121
2016-11-04T13:00:00.000Z,1,56,20161104131
2016-11-04T14:00:00.000Z,1,59,20161104141
2016-11-04T15:00:00.000Z,1,73,20161104151
2016-11-04T16:00:00.000Z,1,62,20161104161
2016-11-04T17:00:00.000Z,1,60,20161104171
2016-11-04T18:00:00.000Z,1,64,20161104181
2016-11-04T19:00:00.000Z,1,65,20161104191
2016-11-04T20:00:00.000Z,1,64,20161104201
2016-11-04T21:00:00.000Z,1,65,20161104211
2016-11-04T22:00:00.000Z,1,65,20161104221
2016-11-04T23:00:00.000Z,1,58,20161104231
2016-11-05T00:00:00.000Z,1,52,20161105001
2016-11-05T01:00:00.000Z,1,48,20161105011
2016-11-05T02:00:00.000Z,1,35,20161105021
2016-11-05T03:00:00.000Z,1,32,20161105031
2016-11-05T04:00:00.000Z,1,30,20161105041
2016-11-05T05:00:00.000Z,1,25,20161105051
2016-11-05T06:00:00.000Z,1,26,20161105061
2016-11-05T07:00:00.000Z,1,27,20161105071
2016-11-05T08:00:00.000Z,1,31,20161105081
2016-11-05T09:00:00.000Z,1,36,20161105091
2016-11-05T10:00:00.000Z,1,37,20161105101
2016-11-05T11:00:00.000Z,1,43,20161105111
2016-11-05T12:00:00.000Z,1,41,20161105121
2016-11-05T13:00:00.000Z,1,39,20161105131
2016-11-05T14:00:00.000Z,1,42,20161105141
2016-11-05T15:00:00.000Z,1,40,20161105151
2016-11-05T16:00:00.000Z,1,42,20161105161
2016-11-05T17:00:00.000Z,1,45,20161105171
2016-11-05T18:00:00.000Z,1,48,20161105181
2016-11-05T19:00:00.000Z,1,54,20161105191
2016-11-05T20:00:00.000Z,1,47,20161105201
2016-11-05T21:00:00.000Z,1,51,20161105211
2016-11-05T22:00:00.000Z,1,46,20161105221
2016-11-05T23:00:00.000Z,1,48,20161105231
2016-11-06T00:00:00.000Z,1,42,20161106001
2016-11-06T01:00:00.000Z,1,38,20161106011
2016-11-06T02:00:00.000Z,1,34,20161106021
2016-11-06T03:00:00.000Z,1,32,20161106031
2016-11-06T04:00:00.000Z,1,25,20161106041
2016-11-06T05:00:00.000Z,1,25,20161106051
2016-11-06T06:00:00.000Z,1,26,20161106061
2016-11-06T07:00:00.000Z,1,25,20161106071
2016-11-06T08:00:00.000Z,1,30,20161106081
2016-11-06T09:00:00.000Z,1,37,20161106091
2016-11-06T10:00:00.000Z,1,41,20161106101
2016-11-06T11:00:00.000Z,1,39,20161106111
2016-11-06T12:00:00.000Z,1,39,20161106121
2016-11-06T13:00:00.000Z,1,40,20161106131
2016-11-06T14:00:00.000Z,1,36,20161106141
2016-11-06T15:00:00.000Z,1,41,20161106151
2016-11-06T16:00:00.000Z,1,41,20161106161
2016-11-06T17:00:00.000Z,1,45,20161106171
2016-11-06T18:00:00.000Z,1,52,20161106181
2016-11-06T19:00:00.000Z,1,58,20161106191
2016-11-06T20:00:00.000Z,1,56,20161106201
2016-11-06T21:00:00.000Z,1,55,20161106211
2016-11-06T22:00:00.000Z,1,61,20161106221
2016-11-06T23:00:00.000Z,1,53,20161106231
2016-11-07T00:00:00.000Z,1,50,20161107001
2016-11-07T01:00:00.000Z,1,46,20161107011
2016-11-07T02:00:00.000Z,1,40,20161107021
2016-11-07T03:00:00.000Z,1,38,20161107031
2016-11-07T04:00:00.000Z,1,34,20161107041
2016-11-07T05:00:00.000Z,1,30,20161107051
2016-11-07T06:00:00.000Z,1,36,20161107061
2016-11-07T07:00:00.000Z,1,40,20161107071
2016-11-07T08:00:00.000Z,1,44,20161107081
2016-11-07T09:00:00.000Z,1,49,20161107091
2016-11-07T10:00:00.000Z,1,70,20161107101
2016-11-07T11:00:00.000Z,1,73,20161107111
2016-11-07T12:00:00.000Z,1,76,20161107121
2016-11-07T13:00:00.000Z,1,71,20161107131
2016-11-07T14:00:00.000Z,1,79,20161107141
2016-11-07T15:00:00.000Z,1,77,20161107151
2016-11-07T16:00:00.000Z,1,74,20161107161
2016-11-07T17:00:00.000Z,1,72,20161107171
2016-11-07T18:00:00.000Z,1,74,20161107181
2016-11-07T19:00:00.000Z,1,81,20161107191
2016-11-07T20:00:00.000Z,1,78,20161107201
2016-11-07T21:00:00.000Z,1,75,20161107211
2016-11-07T22:00:00.000Z,1,73,20161107221
2016-11-07T23:00:00.000Z,1,68,20161107231
2016-11-08T00:00:00.000Z,1,63,20161108001
2016-11-08T01:00:00.000Z,1,56,20161108011
2016-11-08T02:00:00.000Z,1,56,20161108021
2016-11-08T03:00:00.000Z,1,48,20161108031
2016-11-08T04:00:00.000Z,1,41,20161108041
2016-11-08T05:00:00.000Z,1,38,20161108051
2016-11-08T06:00:00.000Z,1,36,20161108061
2016-11-08T07:00:00.000Z,1,43,20161108071
2016-11-08T08:00:00.000Z,1,46,20161108081
2016-11-08T09:00:00.000Z,1,52,20161108091
2016-11-08T10:00:00.000Z,1,67,20161108101
2016-11-08T11:00:00.000Z,1,69,20161108111
2016-11-08T12:00:00.000Z,1,69,20161108121
2016-11-08T13:00:00.000Z,1,63,20161108131
2016-11-08T14:00:00.000Z,1,76,20161108141
2016-11-08T15:00:00.000Z,1,77,20161108151
2016-11-08T16:00:00.000Z,1,71,20161108161
2016-11-08T17:00:00.000Z,1,70,20161108171
2016-11-08T18:00:00.000Z,1,69,20161108181
2016-11-08T19:00:00.000Z,1,80,20161108191
2016-11-08T20:00:00.000Z,1,75,20161108201
2016-11-08T21:00:00.000Z,1,64,20161108211
2016-11-08T22:00:00.000Z,1,60,20161108221
2016-11-08T23:00:00.000Z,1,62,20161108231
2016-11-09T00:00:00.000Z,1,62,20161109001
2016-11-09T01:00:00.000Z,1,50,20161109011
2016-11-09T02:00:00.000Z,1,50,20161109021
2016-11-09T03:00:00.000Z,1,42,20161109031
2016-11-09T04:00:00.000Z,1,36,20161109041
2016-11-09T05:00:00.000Z,1,31,20161109051
2016-11-09T06:00:00.000Z,1,34,20161109061
2016-11-09T07:00:00.000Z,1,32,20161109071
2016-11-09T08:00:00.000Z,1,36,20161109081
2016-11-09T09:00:00.000Z,1,37,20161109091
2016-11-09T10:00:00.000Z,1,45,20161109101
2016-11-09T11:00:00.000Z,1,52,20161109111
2016-11-09T12:00:00.000Z,1,57,20161109121
2016-11-09T13:00:00.000Z,1,46,20161109131
2016-11-09T14:00:00.000Z,1,60,20161109141
2016-11-09T15:00:00.000Z,1,58,20161109151
2016-11-09T16:00:00.000Z,1,60,20161109161
2016-11-09T17:00:00.000Z,1,58,20161109171
2016-11-09T18:00:00.000Z,1,62,20161109181
2016-11-09T19:00:00.000Z,1,65,20161109191
2016-11-09T20:00:00.000Z,1,62,20161109201
2016-11-09T21:00:00.000Z,1,66,20161109211
2016-11-09T22:00:00.000Z,1,59,20161109221
2016-11-09T23:00:00.000Z,1,57,20161109231
2016-11-10T00:00:00.000Z,1,55,20161110001
2016-11-10T01:00:00.000Z,1,48,20161110011
2016-11-10T02:00:00.000Z,1,49,20161110021
2016-11-10T03:00:00.000Z,1,39,20161110031
2016-11-10T04:00:00.000Z,1,35,20161110041
2016-11-10T05:00:00.000Z,1,32,20161110051
2016-11-10T06:00:00.000Z,1,33,20161110061
2016-11-10T07:00:00.000Z,1,34,20161110071
2016-11-10T08:00:00.000Z,1,37,20161110081
2016-11-10T09:00:00.000Z,1,43,20161110091
2016-11-10T10:00:00.000Z,1,64,20161110101
2016-11-10T11:00:00.000Z,1,65,20161110111
2016-11-10T12:00:00.000Z,1,67,20161110121
2016-11-10T13:00:00.000Z,1,57,20161110131
2016-11-10T14:00:00.000Z,1,70,20161110141
2016-11-10T15:00:00.000Z,1,72,20161110151
2016-11-10T16:00:00.000Z,1,65,20161110161
2016-11-10T17:00:00.000Z,1,64,20161110171
2016-11-10T18:00:00.000Z,1,70,20161110181
2016-11-10T19:00:00.000Z,1,72,20161110191
2016-11-10T20:00:00.000Z,1,68,20161110201
2016-11-10T21:00:00.000Z,1,71,20161110211
2016-11-10T22:00:00.000Z,1,65,20161110221
2016-11-10T23:00:00.000Z,1,64,20161110231
2016-11-11T00:00:00.000Z,1,59,20161111001
2016-11-11T01:00:00.000Z,1,49,20161111011
2016-11-11T02:00:00.000Z,1,52,20161111021
2016-11-11T03:00:00.000Z,1,42,20161111031
2016-11-11T04:00:00.000Z,1,39,20161111041
2016-11-11T05:00:00.000Z,1,33,20161111051
2016-11-11T06:00:00.000Z,1,36,20161111061
2016-11-11T07:00:00.000Z,1,39,20161111071
2016-11-11T08:00:00.000Z,1,39,20161111081
2016-11-11T09:00:00.000Z,1,45,20161111091
2016-11-11T10:00:00.000Z,1,54,20161111101
2016-11-11T11:00:00.000Z,1,62,20161111111
2016-11-11T12:00:00.000Z,1,62,20161111121
2016-11-11T13:00:00.000Z,1,53,20161111131
2016-11-11T14:00:00.000Z,1,64,20161111141
2016-11-11T15:00:00.000Z,1,61,20161111151
2016-11-11T16:00:00.000Z,1,57,20161111161
2016-11-11T17:00:00.000Z,1,56,20161111171
2016-11-11T18:00:00.000Z,1,52,20161111181
2016-11-11T19:00:00.000Z,1,59,20161111191
2016-11-11T20:00:00.000Z,1,56,20161111201
2016-11-11T21:00:00.000Z,1,58,20161111211
2016-11-11T22:00:00.000Z,1,55,20161111221
2016-11-11T23:00:00.000Z,1,53,20161111231
2016-11-12T00:00:00.000Z,1,50,20161112001
2016-11-12T01:00:00.000Z,1,42,20161112011
2016-11-12T02:00:00.000Z,1,43,20161112021
2016-11-12T03:00:00.000Z,1,38,20161112031
2016-11-12T04:00:00.000Z,1,32,20161112041
2016-11-12T05:00:00.000Z,1,24,20161112051
2016-11-12T06:00:00.000Z,1,27,20161112061
2016-11-12T07:00:00.000Z,1,27,20161112071
2016-11-12T08:00:00.000Z,1,28,20161112081
2016-11-12T09:00:00.000Z,1,30,20161112091
2016-11-12T10:00:00.000Z,1,36,20161112101
2016-11-12T11:00:00.000Z,1,38,20161112111
2016-11-12T12:00:00.000Z,1,35,20161112121
2016-11-12T13:00:00.000Z,1,35,20161112131
2016-11-12T14:00:00.000Z,1,39,20161112141
2016-11-12T15:00:00.000Z,1,34,20161112151
2016-11-12T16:00:00.000Z,1,36,20161112161
2016-11-12T17:00:00.000Z,1,34,20161112171
2016-11-12T18:00:00.000Z,1,39,20161112181
2016-11-12T19:00:00.000Z,1,41,20161112191
2016-11-12T20:00:00.000Z,1,45,20161112201
2016-11-12T21:00:00.000Z,1,41,20161112211
2016-11-12T22:00:00.000Z,1,44,20161112221
2016-11-12T23:00:00.000Z,1,47,20161112231
2016-11-13T00:00:00.000Z,1,40,20161113001
2016-11-13T01:00:00.000Z,1,38,20161113011
2016-11-13T02:00:00.000Z,1,32,20161113021
2016-11-13T03:00:00.000Z,1,31,20161113031
2016-11-13T04:00:00.000Z,1,29,20161113041
2016-11-13T05:00:00.000Z,1,25,20161113051
2016-11-13T06:00:00.000Z,1,26,20161113061
2016-11-13T07:00:00.000Z,1,23,20161113071
2016-11-13T08:00:00.000Z,1,31,20161113081
2016-11-13T09:00:00.000Z,1,32,20161113091
2016-11-13T10:00:00.000Z,1,37,20161113101
2016-11-13T11:00:00.000Z,1,35,20161113111
2016-11-13T12:00:00.000Z,1,37,20161113121
2016-11-13T13:00:00.000Z,1,33,20161113131
2016-11-13T14:00:00.000Z,1,35,20161113141
2016-11-13T15:00:00.000Z,1,35,20161113151
2016-11-13T16:00:00.000Z,1,33,20161113161
2016-11-13T17:00:00.000Z,1,37,20161113171
2016-11-13T18:00:00.000Z,1,43,20161113181
2016-11-13T19:00:00.000Z,1,47,20161113191
2016-11-13T20:00:00.000Z,1,49,20161113201
2016-11-13T21:00:00.000Z,1,45,20161113211
2016-11-13T22:00:00.000Z,1,48,20161113221
2016-11-13T23:00:00.000Z,1,49,20161113231
2016-11-14T00:00:00.000Z,1,44,20161114001
2016-11-14T01:00:00.000Z,1,44,20161114011
2016-11-14T02:00:00.000Z,1,39,20161114021
2016-11-14T03:00:00.000Z,1,36,20161114031
2016-11-14T04:00:00.000Z,1,29,20161114041
2016-11-14T05:00:00.000Z,1,28,20161114051
2016-11-14T06:00:00.000Z,1,35,20161114061
2016-11-14T07:00:00.000Z,1,34,20161114071
2016-11-14T08:00:00.000Z,1,44,20161114081
2016-11-14T09:00:00.000Z,1,49,20161114091
2016-11-14T10:00:00.000Z,1,74,20161114101
2016-11-14T11:00:00.000Z,1,72,20161114111
2016-11-14T12:00:00.000Z,1,70,20161114121
2016-11-14T13:00:00.000Z,1,64,20161114131
2016-11-14T14:00:00.000Z,1,69,20161114141
2016-11-14T15:00:00.000Z,1,71,20161114151
2016-11-14T16:00:00.000Z,1,70,20161114161
2016-11-14T17:00:00.000Z,1,65,20161114171
2016-11-14T18:00:00.000Z,1,76,20161114181
2016-11-14T19:00:00.000Z,1,77,20161114191
2016-11-14T20:00:00.000Z,1,81,20161114201
2016-11-14T21:00:00.000Z,1,73,20161114211
2016-11-14T22:00:00.000Z,1,71,20161114221
2016-11-14T23:00:00.000Z,1,68,20161114231
2016-11-15T00:00:00.000Z,1,59,20161115001
2016-11-15T01:00:00.000Z,1,56,20161115011
2016-11-15T02:00:00.000Z,1,51,20161115021
2016-11-15T03:00:00.000Z,1,47,20161115031
2016-11-15T04:00:00.000Z,1,41,20161115041
2016-11-15T05:00:00.000Z,1,34,20161115051
2016-11-15T06:00:00.000Z,1,41,20161115061
2016-11-15T07:00:00.000Z,1,40,20161115071
2016-11-15T08:00:00.000Z,1,44,20161115081
2016-11-15T09:00:00.000Z,1,51,20161115091
2016-11-15T10:00:00.000Z,1,61,20161115101
2016-11-15T11:00:00.000Z,1,66,20161115111
2016-11-15T12:00:00.000Z,1,71,20161115121
2016-11-15T13:00:00.000Z,1,65,20161115131
2016-11-15T14:00:00.000Z,1,70,20161115141
2016-11-15T15:00:00.000Z,1,67,20161115151
2016-11-15T16:00:00.000Z,1,69,20161115161
2016-11-15T17:00:00.000Z,1,66,20161115171
2016-11-15T18:00:00.000Z,1,72,20161115181
2016-11-15T19:00:00.000Z,1,77,20161115191
2016-11-15T20:00:00.000Z,1,74,20161115201
2016-11-15T21:00:00.000Z,1,75,20161115211
2016-11-15T22:00:00.000Z,1,71,20161115221
2016-11-15T23:00:00.000Z,1,64,20161115231
2016-11-16T00:00:00.000Z,1,59,20161116001
2016-11-16T01:00:00.000Z,1,52,20161116011
2016-11-16T02:00:00.000Z,1,52,20161116021
2016-11-16T03:00:00.000Z,1,44,20161116031
2016-11-16T04:00:00.000Z,1,35,20161116041
2016-11-16T05:00:00.000Z,1,34,20161116051
2016-11-16T06:00:00.000Z,1,38,20161116061
2016-11-16T07:00:00.000Z,1,41,20161116071
2016-11-16T08:00:00.000Z,1,44,20161116081
2016-11-16T09:00:00.000Z,1,49,20161116091
2016-11-16T10:00:00.000Z,1,59,20161116101
2016-11-16T11:00:00.000Z,1,74,20161116111
2016-11-16T12:00:00.000Z,1,83,20161116121
2016-11-16T13:00:00.000Z,1,70,20161116131
2016-11-16T14:00:00.000Z,1,73,20161116141
2016-11-16T15:00:00.000Z,1,72,20161116151
2016-11-16T16:00:00.000Z,1,67,20161116161
2016-11-16T17:00:00.000Z,1,74,20161116171
2016-11-16T18:00:00.000Z,1,74,20161116181
2016-11-16T19:00:00.000Z,1,77,20161116191
2016-11-16T20:00:00.000Z,1,76,20161116201
2016-11-16T21:00:00.000Z,1,74,20161116211
2016-11-16T22:00:00.000Z,1,71,20161116221
2016-11-16T23:00:00.000Z,1,65,20161116231
2016-11-17T00:00:00.000Z,1,60,20161117001
2016-11-17T01:00:00.000Z,1,53,20161117011
2016-11-17T02:00:00.000Z,1,52,20161117021
2016-11-17T03:00:00.000Z,1,47,20161117031
2016-11-17T04:00:00.000Z,1,36,20161117041
2016-11-17T05:00:00.000Z,1,36,20161117051
2016-11-17T06:00:00.000Z,1,35,20161117061
2016-11-17T07:00:00.000Z,1,42,20161117071
2016-11-17T08:00:00.000Z,1,43,20161117081
2016-11-17T09:00:00.000Z,1,49,20161117091
2016-11-17T10:00:00.000Z,1,64,20161117101
2016-11-17T11:00:00.000Z,1,67,20161117111
2016-11-17T12:00:00.000Z,1,72,20161117121
2016-11-17T13:00:00.000Z,1,58,20161117131
2016-11-17T14:00:00.000Z,1,66,20161117141
2016-11-17T15:00:00.000Z,1,75,20161117151
2016-11-17T16:00:00.000Z,1,68,20161117161
2016-11-17T17:00:00.000Z,1,64,20161117171
2016-11-17T18:00:00.000Z,1,73,20161117181
2016-11-17T19:00:00.000Z,1,71,20161117191
2016-11-17T20:00:00.000Z,1,77,20161117201
2016-11-17T21:00:00.000Z,1,72,20161117211
2016-11-17T22:00:00.000Z,1,65,20161117221
2016-11-17T23:00:00.000Z,1,65,20161117231
2016-11-18T00:00:00.000Z,1,61,20161118001
2016-11-18T01:00:00.000Z,1,54,20161118011
2016-11-18T02:00:00.000Z,1,46,20161118021
2016-11-18T03:00:00.000Z,1,40,20161118031
2016-11-18T04:00:00.000Z,1,37,20161118041
2016-11-18T05:00:00.000Z,1,34,20161118051
2016-11-18T06:00:00.000Z,1,36,20161118061
2016-11-18T07:00:00.000Z,1,34,20161118071
2016-11-18T08:00:00.000Z,1,41,20161118081
2016-11-18T09:00:00.000Z,1,46,20161118091
2016-11-18T10:00:00.000Z,1,54,20161118101
2016-11-18T11:00:00.000Z,1,59,20161118111
2016-11-18T12:00:00.000Z,1,94,20161118121
2016-11-18T13:00:00.000Z,1,71,20161118131
2016-11-18T14:00:00.000Z,1,69,20161118141
2016-11-18T15:00:00.000Z,1,74,20161118151
2016-11-18T16:00:00.000Z,1,62,20161118161
2016-11-18T17:00:00.000Z,1,61,20161118171
2016-11-18T18:00:00.000Z,1,66,20161118181
2016-11-18T19:00:00.000Z,1,71,20161118191
2016-11-18T20:00:00.000Z,1,67,20161118201
2016-11-18T21:00:00.000Z,1,68,20161118211
2016-11-18T22:00:00.000Z,1,65,20161118221
2016-11-18T23:00:00.000Z,1,58,20161118231
2016-11-19T00:00:00.000Z,1,56,20161119001
2016-11-19T01:00:00.000Z,1,46,20161119011
2016-11-19T02:00:00.000Z,1,43,20161119021
2016-11-19T03:00:00.000Z,1,41,20161119031
2016-11-19T04:00:00.000Z,1,32,20161119041
2016-11-19T05:00:00.000Z,1,31,20161119051
2016-11-19T06:00:00.000Z,1,27,20161119061
2016-11-19T07:00:00.000Z,1,29,20161119071
2016-11-19T08:00:00.000Z,1,31,20161119081
2016-11-19T09:00:00.000Z,1,34,20161119091
2016-11-19T10:00:00.000Z,1,43,20161119101
2016-11-19T11:00:00.000Z,1,44,20161119111
2016-11-19T12:00:00.000Z,1,42,20161119121
2016-11-19T13:00:00.000Z,1,42,20161119131
2016-11-19T14:00:00.000Z,1,39,20161119141
2016-11-19T15:00:00.000Z,1,35,20161119151
2016-11-19T16:00:00.000Z,1,39,20161119161
2016-11-19T17:00:00.000Z,1,45,20161119171
2016-11-19T18:00:00.000Z,1,43,20161119181
2016-11-19T19:00:00.000Z,1,51,20161119191
2016-11-19T20:00:00.000Z,1,56,20161119201
2016-11-19T21:00:00.000Z,1,53,20161119211
2016-11-19T22:00:00.000Z,1,49,20161119221
2016-11-19T23:00:00.000Z,1,49,20161119231
2016-11-20T00:00:00.000Z,1,43,20161120001
2016-11-20T01:00:00.000Z,1,37,20161120011
2016-11-20T02:00:00.000Z,1,32,20161120021
2016-11-20T03:00:00.000Z,1,31,20161120031
2016-11-20T04:00:00.000Z,1,29,20161120041
2016-11-20T05:00:00.000Z,1,26,20161120051
2016-11-20T06:00:00.000Z,1,27,20161120061
2016-11-20T07:00:00.000Z,1,29,20161120071
2016-11-20T08:00:00.000Z,1,31,20161120081
2016-11-20T09:00:00.000Z,1,35,20161120091
2016-11-20T10:00:00.000Z,1,39,20161120101
2016-11-20T11:00:00.000Z,1,39,20161120111
2016-11-20T12:00:00.000Z,1,38,20161120121
2016-11-20T13:00:00.000Z,1,40,20161120131
2016-11-20T14:00:00.000Z,1,42,20161120141
2016-11-20T15:00:00.000Z,1,43,20161120151
2016-11-20T16:00:00.000Z,1,43,20161120161
2016-11-20T17:00:00.000Z,1,51,20161120171
2016-11-20T18:00:00.000Z,1,55,20161120181
2016-11-20T19:00:00.000Z,1,56,20161120191
2016-11-20T20:00:00.000Z,1,56,20161120201
2016-11-20T21:00:00.000Z,1,55,20161120211
2016-11-20T22:00:00.000Z,1,59,20161120221
2016-11-20T23:00:00.000Z,1,53,20161120231
2016-11-21T00:00:00.000Z,1,49,20161121001
2016-11-21T01:00:00.000Z,1,44,20161121011
2016-11-21T02:00:00.000Z,1,38,20161121021
2016-11-21T03:00:00.000Z,1,31,20161121031
2016-11-21T04:00:00.000Z,1,33,20161121041
2016-11-21T05:00:00.000Z,1,32,20161121051
2016-11-21T06:00:00.000Z,1,40,20161121061
2016-11-21T07:00:00.000Z,1,40,20161121071
2016-11-21T08:00:00.000Z,1,46,20161121081
2016-11-21T09:00:00.000Z,1,52,20161121091
2016-11-21T10:00:00.000Z,1,73,20161121101
2016-11-21T11:00:00.000Z,1,77,20161121111
2016-11-21T12:00:00.000Z,1,78,20161121121
2016-11-21T13:00:00.000Z,1,69,20161121131
2016-11-21T14:00:00.000Z,1,78,20161121141
2016-11-21T15:00:00.000Z,1,76,20161121151
2016-11-21T16:00:00.000Z,1,72,20161121161
2016-11-21T17:00:00.000Z,1,68,20161121171
2016-11-21T18:00:00.000Z,1,73,20161121181
2016-11-21T19:00:00.000Z,1,77,20161121191
2016-11-21T20:00:00.000Z,1,71,20161121201
2016-11-21T21:00:00.000Z,1,75,20161121211
2016-11-21T22:00:00.000Z,1,71,20161121221
2016-11-21T23:00:00.000Z,1,63,20161121231
2016-11-22T00:00:00.000Z,1,59,20161122001
2016-11-22T01:00:00.000Z,1,53,20161122011
2016-11-22T02:00:00.000Z,1,49,20161122021
2016-11-22T03:00:00.000Z,1,43,20161122031
2016-11-22T04:00:00.000Z,1,39,20161122041
2016-11-22T05:00:00.000Z,1,35,20161122051
2016-11-22T06:00:00.000Z,1,33,20161122061
2016-11-22T07:00:00.000Z,1,43,20161122071
2016-11-22T08:00:00.000Z,1,47,20161122081
2016-11-22T09:00:00.000Z,1,51,20161122091
2016-11-22T10:00:00.000Z,1,59,20161122101
2016-11-22T11:00:00.000Z,1,67,20161122111
2016-11-22T12:00:00.000Z,1,71,20161122121
2016-11-22T13:00:00.000Z,1,66,20161122131
2016-11-22T14:00:00.000Z,1,72,20161122141
2016-11-22T15:00:00.000Z,1,74,20161122151
2016-11-22T16:00:00.000Z,1,68,20161122161
2016-11-22T17:00:00.000Z,1,67,20161122171
2016-11-22T18:00:00.000Z,1,70,20161122181
2016-11-22T19:00:00.000Z,1,74,20161122191
2016-11-22T20:00:00.000Z,1,79,20161122201
2016-11-22T21:00:00.000Z,1,79,20161122211
2016-11-22T22:00:00.000Z,1,68,20161122221
2016-11-22T23:00:00.000Z,1,68,20161122231
2016-11-23T00:00:00.000Z,1,62,20161123001
2016-11-23T01:00:00.000Z,1,53,20161123011
2016-11-23T02:00:00.000Z,1,44,20161123021
2016-11-23T03:00:00.000Z,1,42,20161123031
2016-11-23T04:00:00.000Z,1,36,20161123041
2016-11-23T05:00:00.000Z,1,31,20161123051
2016-11-23T06:00:00.000Z,1,35,20161123061
2016-11-23T07:00:00.000Z,1,38,20161123071
2016-11-23T08:00:00.000Z,1,44,20161123081
2016-11-23T09:00:00.000Z,1,47,20161123091
2016-11-23T10:00:00.000Z,1,60,20161123101
2016-11-23T11:00:00.000Z,1,67,20161123111
2016-11-23T12:00:00.000Z,1,67,20161123121
2016-11-23T13:00:00.000Z,1,65,20161123131
2016-11-23T14:00:00.000Z,1,62,20161123141
2016-11-23T15:00:00.000Z,1,74,20161123151
2016-11-23T16:00:00.000Z,1,68,20161123161
2016-11-23T17:00:00.000Z,1,68,20161123171
2016-11-23T18:00:00.000Z,1,68,20161123181
2016-11-23T19:00:00.000Z,1,74,20161123191
2016-11-23T20:00:00.000Z,1,77,20161123201
2016-11-23T21:00:00.000Z,1,71,20161123211
2016-11-23T22:00:00.000Z,1,70,20161123221
2016-11-23T23:00:00.000Z,1,62,20161123231
2016-11-24T00:00:00.000Z,1,56,20161124001
2016-11-24T01:00:00.000Z,1,47,20161124011
2016-11-24T02:00:00.000Z,1,41,20161124021
2016-11-24T03:00:00.000Z,1,33,20161124031
2016-11-24T04:00:00.000Z,1,36,20161124041
2016-11-24T05:00:00.000Z,1,30,20161124051
2016-11-24T06:00:00.000Z,1,31,20161124061
2016-11-24T07:00:00.000Z,1,35,20161124071
2016-11-24T08:00:00.000Z,1,41,20161124081
2016-11-24T09:00:00.000Z,1,40,20161124091
2016-11-24T10:00:00.000Z,1,52,20161124101
2016-11-24T11:00:00.000Z,1,67,20161124111
2016-11-24T12:00:00.000Z,1,96,20161124121
2016-11-24T13:00:00.000Z,1,81,20161124131
2016-11-24T14:00:00.000Z,1,78,20161124141
2016-11-24T15:00:00.000Z,1,78,20161124151
2016-11-24T16:00:00.000Z,1,73,20161124161
2016-11-24T17:00:00.000Z,1,68,20161124171
2016-11-24T18:00:00.000Z,1,68,20161124181
2016-11-24T19:00:00.000Z,1,79,20161124191
2016-11-24T20:00:00.000Z,1,73,20161124201
2016-11-24T21:00:00.000Z,1,73,20161124211
2016-11-24T22:00:00.000Z,1,68,20161124221
2016-11-24T23:00:00.000Z,1,63,20161124231
2016-11-25T00:00:00.000Z,1,54,20161125001
2016-11-25T01:00:00.000Z,1,43,20161125011
2016-11-25T02:00:00.000Z,1,41,20161125021
2016-11-25T03:00:00.000Z,1,35,20161125031
2016-11-25T04:00:00.000Z,1,33,20161125041
2016-11-25T05:00:00.000Z,1,31,20161125051
2016-11-25T06:00:00.000Z,1,31,20161125061
2016-11-25T07:00:00.000Z,1,38,20161125071
2016-11-25T08:00:00.000Z,1,42,20161125081
2016-11-25T09:00:00.000Z,1,47,20161125091
2016-11-25T10:00:00.000Z,1,52,20161125101
2016-11-25T11:00:00.000Z,1,63,20161125111
2016-11-25T12:00:00.000Z,1,70,20161125121
2016-11-25T13:00:00.000Z,1,60,20161125131
2016-11-25T14:00:00.000Z,1,69,20161125141
2016-11-25T15:00:00.000Z,1,67,20161125151
2016-11-25T16:00:00.000Z,1,66,20161125161
2016-11-25T17:00:00.000Z,1,57,20161125171
2016-11-25T18:00:00.000Z,1,58,20161125181
2016-11-25T19:00:00.000Z,1,57,20161125191
2016-11-25T20:00:00.000Z,1,57,20161125201
2016-11-25T21:00:00.000Z,1,56,20161125211
2016-11-25T22:00:00.000Z,1,52,20161125221
2016-11-25T23:00:00.000Z,1,48,20161125231
2016-11-26T00:00:00.000Z,1,43,20161126001
2016-11-26T01:00:00.000Z,1,37,20161126011
2016-11-26T02:00:00.000Z,1,29,20161126021
2016-11-26T03:00:00.000Z,1,33,20161126031
2016-11-26T04:00:00.000Z,1,27,20161126041
2016-11-26T05:00:00.000Z,1,27,20161126051
2016-11-26T06:00:00.000Z,1,28,20161126061
2016-11-26T07:00:00.000Z,1,27,20161126071
2016-11-26T08:00:00.000Z,1,31,20161126081
2016-11-26T09:00:00.000Z,1,34,20161126091
2016-11-26T10:00:00.000Z,1,45,20161126101
2016-11-26T11:00:00.000Z,1,42,20161126111
2016-11-26T12:00:00.000Z,1,41,20161126121
2016-11-26T13:00:00.000Z,1,39,20161126131
2016-11-26T14:00:00.000Z,1,39,20161126141
2016-11-26T15:00:00.000Z,1,43,20161126151
2016-11-26T16:00:00.000Z,1,38,20161126161
2016-11-26T17:00:00.000Z,1,41,20161126171
2016-11-26T18:00:00.000Z,1,45,20161126181
2016-11-26T19:00:00.000Z,1,55,20161126191
2016-11-26T20:00:00.000Z,1,59,20161126201
2016-11-26T21:00:00.000Z,1,56,20161126211
2016-11-26T22:00:00.000Z,1,62,20161126221
2016-11-26T23:00:00.000Z,1,48,20161126231
2016-11-27T00:00:00.000Z,1,43,20161127001
2016-11-27T01:00:00.000Z,1,39,20161127011
2016-11-27T02:00:00.000Z,1,32,20161127021
2016-11-27T03:00:00.000Z,1,29,20161127031
2016-11-27T04:00:00.000Z,1,26,20161127041
2016-11-27T05:00:00.000Z,1,28,20161127051
2016-11-27T06:00:00.000Z,1,22,20161127061
2016-11-27T07:00:00.000Z,1,30,20161127071
2016-11-27T08:00:00.000Z,1,33,20161127081
2016-11-27T09:00:00.000Z,1,40,20161127091
2016-11-27T10:00:00.000Z,1,41,20161127101
2016-11-27T11:00:00.000Z,1,47,20161127111
2016-11-27T12:00:00.000Z,1,40,20161127121
2016-11-27T13:00:00.000Z,1,41,20161127131
2016-11-27T14:00:00.000Z,1,40,20161127141
2016-11-27T15:00:00.000Z,1,39,20161127151
2016-11-27T16:00:00.000Z,1,42,20161127161
2016-11-27T17:00:00.000Z,1,44,20161127171
2016-11-27T18:00:00.000Z,1,50,20161127181
2016-11-27T19:00:00.000Z,1,53,20161127191
2016-11-27T20:00:00.000Z,1,50,20161127201
2016-11-27T21:00:00.000Z,1,53,20161127211
2016-11-27T22:00:00.000Z,1,54,20161127221
2016-11-27T23:00:00.000Z,1,54,20161127231
2016-11-28T00:00:00.000Z,1,48,20161128001
2016-11-28T01:00:00.000Z,1,43,20161128011
2016-11-28T02:00:00.000Z,1,37,20161128021
2016-11-28T03:00:00.000Z,1,35,20161128031
2016-11-28T04:00:00.000Z,1,35,20161128041
2016-11-28T05:00:00.000Z,1,28,20161128051
2016-11-28T06:00:00.000Z,1,32,20161128061
2016-11-28T07:00:00.000Z,1,38,20161128071
2016-11-28T08:00:00.000Z,1,45,20161128081
2016-11-28T09:00:00.000Z,1,53,20161128091
2016-11-28T10:00:00.000Z,1,75,20161128101
2016-11-28T11:00:00.000Z,1,79,20161128111
2016-11-28T12:00:00.000Z,1,77,20161128121
2016-11-28T13:00:00.000Z,1,74,20161128131
2016-11-28T14:00:00.000Z,1,76,20161128141
2016-11-28T15:00:00.000Z,1,80,20161128151
2016-11-28T16:00:00.000Z,1,78,20161128161
2016-11-28T17:00:00.000Z,1,75,20161128171
2016-11-28T18:00:00.000Z,1,73,20161128181
2016-11-28T19:00:00.000Z,1,81,20161128191
2016-11-28T20:00:00.000Z,1,77,20161128201
2016-11-28T21:00:00.000Z,1,78,20161128211
2016-11-28T22:00:00.000Z,1,75,20161128221
2016-11-28T23:00:00.000Z,1,73,20161128231
2016-11-29T00:00:00.000Z,1,64,20161129001
2016-11-29T01:00:00.000Z,1,60,20161129011
2016-11-29T02:00:00.000Z,1,54,20161129021
2016-11-29T03:00:00.000Z,1,48,20161129031
2016-11-29T04:00:00.000Z,1,41,20161129041
2016-11-29T05:00:00.000Z,1,35,20161129051
2016-11-29T06:00:00.000Z,1,41,20161129061
2016-11-29T07:00:00.000Z,1,46,20161129071
2016-11-29T08:00:00.000Z,1,42,20161129081
2016-11-29T09:00:00.000Z,1,57,20161129091
2016-11-29T10:00:00.000Z,1,70,20161129101
2016-11-29T11:00:00.000Z,1,75,20161129111
2016-11-29T12:00:00.000Z,1,77,20161129121
2016-11-29T13:00:00.000Z,1,70,20161129131
2016-11-29T14:00:00.000Z,1,76,20161129141
2016-11-29T15:00:00.000Z,1,77,20161129151
2016-11-29T16:00:00.000Z,1,76,20161129161
2016-11-29T17:00:00.000Z,1,71,20161129171
2016-11-29T18:00:00.000Z,1,75,20161129181
2016-11-29T19:00:00.000Z,1,82,20161129191
2016-11-29T20:00:00.000Z,1,85,20161129201
2016-11-29T21:00:00.000Z,1,80,20161129211
2016-11-29T22:00:00.000Z,1,79,20161129221
2016-11-29T23:00:00.000Z,1,73,20161129231
2016-11-30T00:00:00.000Z,1,67,20161130001
2016-11-30T01:00:00.000Z,1,62,20161130011
2016-11-30T02:00:00.000Z,1,55,20161130021
2016-11-30T03:00:00.000Z,1,50,20161130031
2016-11-30T04:00:00.000Z,1,39,20161130041
2016-11-30T05:00:00.000Z,1,37,20161130051
2016-11-30T06:00:00.000Z,1,41,20161130061
2016-11-30T07:00:00.000Z,1,43,20161130071
2016-11-30T08:00:00.000Z,1,47,20161130081
2016-11-30T09:00:00.000Z,1,54,20161130091
2016-11-30T10:00:00.000Z,1,84,20161130101
2016-11-30T11:00:00.000Z,1,80,20161130111
2016-11-30T12:00:00.000Z,1,76,20161130121
2016-11-30T13:00:00.000Z,1,68,20161130131
2016-11-30T14:00:00.000Z,1,77,20161130141
2016-11-30T15:00:00.000Z,1,76,20161130151
2016-11-30T16:00:00.000Z,1,73,20161130161
2016-11-30T17:00:00.000Z,1,72,20161130171
2016-11-30T18:00:00.000Z,1,86,20161130181
2016-11-30T19:00:00.000Z,1,88,20161130191
2016-11-30T20:00:00.000Z,1,80,20161130201
2016-11-30T21:00:00.000Z,1,76,20161130211
2016-11-30T22:00:00.000Z,1,80,20161130221
2016-11-30T23:00:00.000Z,1,70,20161130231
2016-12-01T00:00:00.000Z,1,66,20161201001
2016-12-01T01:00:00.000Z,1,56,20161201011
2016-12-01T02:00:00.000Z,1,53,20161201021
2016-12-01T03:00:00.000Z,1,47,20161201031
2016-12-01T04:00:00.000Z,1,40,20161201041
2016-12-01T05:00:00.000Z,1,35,20161201051
2016-12-01T06:00:00.000Z,1,40,20161201061
2016-12-01T07:00:00.000Z,1,43,20161201071
2016-12-01T08:00:00.000Z,1,53,20161201081
2016-12-01T09:00:00.000Z,1,52,20161201091
2016-12-01T10:00:00.000Z,1,69,20161201101
2016-12-01T11:00:00.000Z,1,91,20161201111
2016-12-01T12:00:00.000Z,1,86,20161201121
2016-12-01T13:00:00.000Z,1,72,20161201131
2016-12-01T14:00:00.000Z,1,80,20161201141
2016-12-01T15:00:00.000Z,1,78,20161201151
2016-12-01T16:00:00.000Z,1,72,20161201161
2016-12-01T17:00:00.000Z,1,71,20161201171
2016-12-01T18:00:00.000Z,1,76,20161201181
2016-12-01T19:00:00.000Z,1,81,20161201191
2016-12-01T20:00:00.000Z,1,79,20161201201
2016-12-01T21:00:00.000Z,1,81,20161201211
2016-12-01T22:00:00.000Z,1,79,20161201221
2016-12-01T23:00:00.000Z,1,72,20161201231
2016-12-02T00:00:00.000Z,1,63,20161202001
2016-12-02T01:00:00.000Z,1,58,20161202011
2016-12-02T02:00:00.000Z,1,59,20161202021
2016-12-02T03:00:00.000Z,1,50,20161202031
2016-12-02T04:00:00.000Z,1,40,20161202041
2016-12-02T05:00:00.000Z,1,32,20161202051
2016-12-02T06:00:00.000Z,1,39,20161202061
2016-12-02T07:00:00.000Z,1,44,20161202071
2016-12-02T08:00:00.000Z,1,49,20161202081
2016-12-02T09:00:00.000Z,1,56,20161202091
2016-12-02T10:00:00.000Z,1,79,20161202101
2016-12-02T11:00:00.000Z,1,75,20161202111
2016-12-02T12:00:00.000Z,1,120,20161202121
2016-12-02T13:00:00.000Z,1,86,20161202131
2016-12-02T14:00:00.000Z,1,86,20161202141
2016-12-02T15:00:00.000Z,1,82,20161202151
2016-12-02T16:00:00.000Z,1,74,20161202161
2016-12-02T17:00:00.000Z,1,76,20161202171
2016-12-02T18:00:00.000Z,1,82,20161202181
2016-12-02T19:00:00.000Z,1,85,20161202191
2016-12-02T20:00:00.000Z,1,83,20161202201
2016-12-02T21:00:00.000Z,1,76,20161202211
2016-12-02T22:00:00.000Z,1,75,20161202221
2016-12-02T23:00:00.000Z,1,67,20161202231
2016-12-03T00:00:00.000Z,1,69,20161203001
2016-12-03T01:00:00.000Z,1,60,20161203011
2016-12-03T02:00:00.000Z,1,53,20161203021
2016-12-03T03:00:00.000Z,1,50,20161203031
2016-12-03T04:00:00.000Z,1,44,20161203041
2016-12-03T05:00:00.000Z,1,35,20161203051
2016-12-03T06:00:00.000Z,1,37,20161203061
2016-12-03T07:00:00.000Z,1,41,20161203071
2016-12-03T08:00:00.000Z,1,43,20161203081
2016-12-03T09:00:00.000Z,1,45,20161203091
2016-12-03T10:00:00.000Z,1,54,20161203101
2016-12-03T11:00:00.000Z,1,55,20161203111
2016-12-03T12:00:00.000Z,1,50,20161203121
2016-12-03T13:00:00.000Z,1,51,20161203131
2016-12-03T14:00:00.000Z,1,47,20161203141
2016-12-03T15:00:00.000Z,1,46,20161203151
2016-12-03T16:00:00.000Z,1,53,20161203161
2016-12-03T17:00:00.000Z,1,53,20161203171
2016-12-03T18:00:00.000Z,1,53,20161203181
2016-12-03T19:00:00.000Z,1,62,20161203191
2016-12-03T20:00:00.000Z,1,65,20161203201
2016-12-03T21:00:00.000Z,1,63,20161203211
2016-12-03T22:00:00.000Z,1,56,20161203221
2016-12-03T23:00:00.000Z,1,54,20161203231
2016-12-04T00:00:00.000Z,1,51,20161204001
2016-12-04T01:00:00.000Z,1,45,20161204011
2016-12-04T02:00:00.000Z,1,39,20161204021
2016-12-04T03:00:00.000Z,1,35,20161204031
2016-12-04T04:00:00.000Z,1,30,20161204041
2016-12-04T05:00:00.000Z,1,29,20161204051
2016-12-04T06:00:00.000Z,1,30,20161204061
2016-12-04T07:00:00.000Z,1,28,20161204071
2016-12-04T08:00:00.000Z,1,31,20161204081
2016-12-04T09:00:00.000Z,1,36,20161204091
2016-12-04T10:00:00.000Z,1,43,20161204101
2016-12-04T11:00:00.000Z,1,44,20161204111
2016-12-04T12:00:00.000Z,1,49,20161204121
2016-12-04T13:00:00.000Z,1,46,20161204131
2016-12-04T14:00:00.000Z,1,45,20161204141
2016-12-04T15:00:00.000Z,1,43,20161204151
2016-12-04T16:00:00.000Z,1,43,20161204161
2016-12-04T17:00:00.000Z,1,46,20161204171
2016-12-04T18:00:00.000Z,1,52,20161204181
2016-12-04T19:00:00.000Z,1,53,20161204191
2016-12-04T20:00:00.000Z,1,56,20161204201
2016-12-04T21:00:00.000Z,1,55,20161204211
2016-12-04T22:00:00.000Z,1,57,20161204221
2016-12-04T23:00:00.000Z,1,56,20161204231
2016-12-05T00:00:00.000Z,1,51,20161205001
2016-12-05T01:00:00.000Z,1,51,20161205011
2016-12-05T02:00:00.000Z,1,41,20161205021
2016-12-05T03:00:00.000Z,1,43,20161205031
2016-12-05T04:00:00.000Z,1,39,20161205041
2016-12-05T05:00:00.000Z,1,32,20161205051
2016-12-05T06:00:00.000Z,1,35,20161205061
2016-12-05T07:00:00.000Z,1,44,20161205071
2016-12-05T08:00:00.000Z,1,42,20161205081
2016-12-05T09:00:00.000Z,1,54,20161205091
2016-12-05T10:00:00.000Z,1,70,20161205101
2016-12-05T11:00:00.000Z,1,91,20161205111
2016-12-05T12:00:00.000Z,1,88,20161205121
2016-12-05T13:00:00.000Z,1,78,20161205131
2016-12-05T14:00:00.000Z,1,83,20161205141
2016-12-05T15:00:00.000Z,1,77,20161205151
2016-12-05T16:00:00.000Z,1,75,20161205161
2016-12-05T17:00:00.000Z,1,72,20161205171
2016-12-05T18:00:00.000Z,1,83,20161205181
2016-12-05T19:00:00.000Z,1,83,20161205191
2016-12-05T20:00:00.000Z,1,88,20161205201
2016-12-05T21:00:00.000Z,1,81,20161205211
2016-12-05T22:00:00.000Z,1,77,20161205221
2016-12-05T23:00:00.000Z,1,74,20161205231
2016-12-06T00:00:00.000Z,1,64,20161206001
2016-12-06T01:00:00.000Z,1,55,20161206011
2016-12-06T02:00:00.000Z,1,58,20161206021
2016-12-06T03:00:00.000Z,1,50,20161206031
2016-12-06T04:00:00.000Z,1,45,20161206041
2016-12-06T05:00:00.000Z,1,37,20161206051
2016-12-06T06:00:00.000Z,1,37,20161206061
2016-12-06T07:00:00.000Z,1,45,20161206071
2016-12-06T08:00:00.000Z,1,50,20161206081
2016-12-06T09:00:00.000Z,1,52,20161206091
2016-12-06T10:00:00.000Z,1,66,20161206101
2016-12-06T11:00:00.000Z,1,72,20161206111
2016-12-06T12:00:00.000Z,1,73,20161206121
2016-12-06T13:00:00.000Z,1,68,20161206131
2016-12-06T14:00:00.000Z,1,72,20161206141
2016-12-06T15:00:00.000Z,1,79,20161206151
2016-12-06T16:00:00.000Z,1,71,20161206161
2016-12-06T17:00:00.000Z,1,70,20161206171
2016-12-06T18:00:00.000Z,1,76,20161206181
2016-12-06T19:00:00.000Z,1,88,20161206191
2016-12-06T20:00:00.000Z,1,80,20161206201
2016-12-06T21:00:00.000Z,1,83,20161206211
2016-12-06T22:00:00.000Z,1,75,20161206221
2016-12-06T23:00:00.000Z,1,68,20161206231
2016-12-07T00:00:00.000Z,1,64,20161207001
2016-12-07T01:00:00.000Z,1,56,20161207011
2016-12-07T02:00:00.000Z,1,50,20161207021
2016-12-07T03:00:00.000Z,1,51,20161207031
2016-12-07T04:00:00.000Z,1,41,20161207041
2016-12-07T05:00:00.000Z,1,39,20161207051
2016-12-07T06:00:00.000Z,1,37,20161207061
2016-12-07T07:00:00.000Z,1,41,20161207071
2016-12-07T08:00:00.000Z,1,50,20161207081
2016-12-07T09:00:00.000Z,1,56,20161207091
2016-12-07T10:00:00.000Z,1,66,20161207101
2016-12-07T11:00:00.000Z,1,85,20161207111
2016-12-07T12:00:00.000Z,1,85,20161207121
2016-12-07T13:00:00.000Z,1,72,20161207131
2016-12-07T14:00:00.000Z,1,79,20161207141
2016-12-07T15:00:00.000Z,1,80,20161207151
2016-12-07T16:00:00.000Z,1,84,20161207161
2016-12-07T17:00:00.000Z,1,77,20161207171
2016-12-07T18:00:00.000Z,1,93,20161207181
2016-12-07T19:00:00.000Z,1,89,20161207191
2016-12-07T20:00:00.000Z,1,89,20161207201
2016-12-07T21:00:00.000Z,1,85,20161207211
2016-12-07T22:00:00.000Z,1,78,20161207221
2016-12-07T23:00:00.000Z,1,73,20161207231
2016-12-08T00:00:00.000Z,1,66,20161208001
2016-12-08T01:00:00.000Z,1,60,20161208011
2016-12-08T02:00:00.000Z,1,51,20161208021
2016-12-08T03:00:00.000Z,1,42,20161208031
2016-12-08T04:00:00.000Z,1,40,20161208041
2016-12-08T05:00:00.000Z,1,35,20161208051
2016-12-08T06:00:00.000Z,1,37,20161208061
2016-12-08T07:00:00.000Z,1,42,20161208071
2016-12-08T08:00:00.000Z,1,47,20161208081
2016-12-08T09:00:00.000Z,1,58,20161208091
2016-12-08T10:00:00.000Z,1,68,20161208101
2016-12-08T11:00:00.000Z,1,79,20161208111
2016-12-08T12:00:00.000Z,1,83,20161208121
2016-12-08T13:00:00.000Z,1,74,20161208131
2016-12-08T14:00:00.000Z,1,83,20161208141
2016-12-08T15:00:00.000Z,1,81,20161208151
2016-12-08T16:00:00.000Z,1,73,20161208161
2016-12-08T17:00:00.000Z,1,70,20161208171
2016-12-08T18:00:00.000Z,1,78,20161208181
2016-12-08T19:00:00.000Z,1,80,20161208191
2016-12-08T20:00:00.000Z,1,75,20161208201
2016-12-08T21:00:00.000Z,1,74,20161208211
2016-12-08T22:00:00.000Z,1,72,20161208221
2016-12-08T23:00:00.000Z,1,69,20161208231
2016-12-09T00:00:00.000Z,1,60,20161209001
2016-12-09T01:00:00.000Z,1,58,20161209011
2016-12-09T02:00:00.000Z,1,51,20161209021
2016-12-09T03:00:00.000Z,1,46,20161209031
2016-12-09T04:00:00.000Z,1,39,20161209041
2016-12-09T05:00:00.000Z,1,35,20161209051
2016-12-09T06:00:00.000Z,1,37,20161209061
2016-12-09T07:00:00.000Z,1,44,20161209071
2016-12-09T08:00:00.000Z,1,39,20161209081
2016-12-09T09:00:00.000Z,1,48,20161209091
2016-12-09T10:00:00.000Z,1,59,20161209101
2016-12-09T11:00:00.000Z,1,81,20161209111
2016-12-09T12:00:00.000Z,1,84,20161209121
2016-12-09T13:00:00.000Z,1,74,20161209131
2016-12-09T14:00:00.000Z,1,79,20161209141
2016-12-09T15:00:00.000Z,1,82,20161209151
2016-12-09T16:00:00.000Z,1,76,20161209161
2016-12-09T17:00:00.000Z,1,71,20161209171
2016-12-09T18:00:00.000Z,1,79,20161209181
2016-12-09T19:00:00.000Z,1,82,20161209191
2016-12-09T20:00:00.000Z,1,80,20161209201
2016-12-09T21:00:00.000Z,1,73,20161209211
2016-12-09T22:00:00.000Z,1,72,20161209221
2016-12-09T23:00:00.000Z,1,70,20161209231
2016-12-10T00:00:00.000Z,1,60,20161210001
2016-12-10T01:00:00.000Z,1,53,20161210011
2016-12-10T02:00:00.000Z,1,46,20161210021
2016-12-10T03:00:00.000Z,1,42,20161210031
2016-12-10T04:00:00.000Z,1,32,20161210041
2016-12-10T05:00:00.000Z,1,32,20161210051
2016-12-10T06:00:00.000Z,1,31,20161210061
2016-12-10T07:00:00.000Z,1,33,20161210071
2016-12-10T08:00:00.000Z,1,40,20161210081
2016-12-10T09:00:00.000Z,1,36,20161210091
2016-12-10T10:00:00.000Z,1,42,20161210101
2016-12-10T11:00:00.000Z,1,46,20161210111
2016-12-10T12:00:00.000Z,1,44,20161210121
2016-12-10T13:00:00.000Z,1,46,20161210131
2016-12-10T14:00:00.000Z,1,44,20161210141
2016-12-10T15:00:00.000Z,1,40,20161210151
2016-12-10T16:00:00.000Z,1,39,20161210161
2016-12-10T17:00:00.000Z,1,48,20161210171
2016-12-10T18:00:00.000Z,1,48,20161210181
2016-12-10T19:00:00.000Z,1,50,20161210191
2016-12-10T20:00:00.000Z,1,51,20161210201
2016-12-10T21:00:00.000Z,1,53,20161210211
2016-12-10T22:00:00.000Z,1,54,20161210221
2016-12-10T23:00:00.000Z,1,49,20161210231
2016-12-11T00:00:00.000Z,1,47,20161211001
2016-12-11T01:00:00.000Z,1,41,20161211011
2016-12-11T02:00:00.000Z,1,34,20161211021
2016-12-11T03:00:00.000Z,1,30,20161211031
2016-12-11T04:00:00.000Z,1,29,20161211041
2016-12-11T05:00:00.000Z,1,26,20161211051
2016-12-11T06:00:00.000Z,1,22,20161211061
2016-12-11T07:00:00.000Z,1,23,20161211071
2016-12-11T08:00:00.000Z,1,32,20161211081
2016-12-11T09:00:00.000Z,1,37,20161211091
2016-12-11T10:00:00.000Z,1,36,20161211101
2016-12-11T11:00:00.000Z,1,39,20161211111
2016-12-11T12:00:00.000Z,1,35,20161211121
2016-12-11T13:00:00.000Z,1,38,20161211131
2016-12-11T14:00:00.000Z,1,42,20161211141
2016-12-11T15:00:00.000Z,1,39,20161211151
2016-12-11T16:00:00.000Z,1,40,20161211161
2016-12-11T17:00:00.000Z,1,42,20161211171
2016-12-11T18:00:00.000Z,1,51,20161211181
2016-12-11T19:00:00.000Z,1,56,20161211191
2016-12-11T20:00:00.000Z,1,59,20161211201
2016-12-11T21:00:00.000Z,1,52,20161211211
2016-12-11T22:00:00.000Z,1,59,20161211221
2016-12-11T23:00:00.000Z,1,55,20161211231
2016-12-12T00:00:00.000Z,1,47,20161212001
2016-12-12T01:00:00.000Z,1,41,20161212011
2016-12-12T02:00:00.000Z,1,37,20161212021
2016-12-12T03:00:00.000Z,1,34,20161212031
2016-12-12T04:00:00.000Z,1,29,20161212041
2016-12-12T05:00:00.000Z,1,34,20161212051
2016-12-12T06:00:00.000Z,1,33,20161212061
2016-12-12T07:00:00.000Z,1,37,20161212071
2016-12-12T08:00:00.000Z,1,40,20161212081
2016-12-12T09:00:00.000Z,1,46,20161212091
2016-12-12T10:00:00.000Z,1,61,20161212101
2016-12-12T11:00:00.000Z,1,70,20161212111
2016-12-12T12:00:00.000Z,1,68,20161212121
2016-12-12T13:00:00.000Z,1,68,20161212131
2016-12-12T14:00:00.000Z,1,75,20161212141
2016-12-12T15:00:00.000Z,1,76,20161212151
2016-12-12T16:00:00.000Z,1,70,20161212161
2016-12-12T17:00:00.000Z,1,67,20161212171
2016-12-12T18:00:00.000Z,1,77,20161212181
2016-12-12T19:00:00.000Z,1,80,20161212191
2016-12-12T20:00:00.000Z,1,79,20161212201
2016-12-12T21:00:00.000Z,1,82,20161212211
2016-12-12T22:00:00.000Z,1,78,20161212221
2016-12-12T23:00:00.000Z,1,72,20161212231
2016-12-13T00:00:00.000Z,1,60,20161213001
2016-12-13T01:00:00.000Z,1,56,20161213011
2016-12-13T02:00:00.000Z,1,50,20161213021
2016-12-13T03:00:00.000Z,1,45,20161213031
2016-12-13T04:00:00.000Z,1,42,20161213041
2016-12-13T05:00:00.000Z,1,35,20161213051
2016-12-13T06:00:00.000Z,1,37,20161213061
2016-12-13T07:00:00.000Z,1,42,20161213071
2016-12-13T08:00:00.000Z,1,43,20161213081
2016-12-13T09:00:00.000Z,1,47,20161213091
2016-12-13T10:00:00.000Z,1,63,20161213101
2016-12-13T11:00:00.000Z,1,77,20161213111
2016-12-13T12:00:00.000Z,1,82,20161213121
2016-12-13T13:00:00.000Z,1,74,20161213131
2016-12-13T14:00:00.000Z,1,81,20161213141
2016-12-13T15:00:00.000Z,1,78,20161213151
2016-12-13T16:00:00.000Z,1,71,20161213161
2016-12-13T17:00:00.000Z,1,76,20161213171
2016-12-13T18:00:00.000Z,1,76,20161213181
2016-12-13T19:00:00.000Z,1,80,20161213191
2016-12-13T20:00:00.000Z,1,80,20161213201
2016-12-13T21:00:00.000Z,1,80,20161213211
2016-12-13T22:00:00.000Z,1,81,20161213221
2016-12-13T23:00:00.000Z,1,69,20161213231
2016-12-14T00:00:00.000Z,1,62,20161214001
2016-12-14T01:00:00.000Z,1,54,20161214011
2016-12-14T02:00:00.000Z,1,50,20161214021
2016-12-14T03:00:00.000Z,1,48,20161214031
2016-12-14T04:00:00.000Z,1,37,20161214041
2016-12-14T05:00:00.000Z,1,34,20161214051
2016-12-14T06:00:00.000Z,1,36,20161214061
2016-12-14T07:00:00.000Z,1,40,20161214071
2016-12-14T08:00:00.000Z,1,41,20161214081
2016-12-14T09:00:00.000Z,1,52,20161214091
2016-12-14T10:00:00.000Z,1,65,20161214101
2016-12-14T11:00:00.000Z,1,74,20161214111
2016-12-14T12:00:00.000Z,1,72,20161214121
2016-12-14T13:00:00.000Z,1,70,20161214131
2016-12-14T14:00:00.000Z,1,77,20161214141
2016-12-14T15:00:00.000Z,1,72,20161214151
2016-12-14T16:00:00.000Z,1,71,20161214161
2016-12-14T17:00:00.000Z,1,69,20161214171
2016-12-14T18:00:00.000Z,1,84,20161214181
2016-12-14T19:00:00.000Z,1,81,20161214191
2016-12-14T20:00:00.000Z,1,86,20161214201
2016-12-14T21:00:00.000Z,1,83,20161214211
2016-12-14T22:00:00.000Z,1,82,20161214221
2016-12-14T23:00:00.000Z,1,72,20161214231
2016-12-15T00:00:00.000Z,1,63,20161215001
2016-12-15T01:00:00.000Z,1,56,20161215011
2016-12-15T02:00:00.000Z,1,49,20161215021
2016-12-15T03:00:00.000Z,1,42,20161215031
2016-12-15T04:00:00.000Z,1,41,20161215041
2016-12-15T05:00:00.000Z,1,38,20161215051
2016-12-15T06:00:00.000Z,1,37,20161215061
2016-12-15T07:00:00.000Z,1,41,20161215071
2016-12-15T08:00:00.000Z,1,46,20161215081
2016-12-15T09:00:00.000Z,1,58,20161215091
2016-12-15T10:00:00.000Z,1,76,20161215101
2016-12-15T11:00:00.000Z,1,78,20161215111
2016-12-15T12:00:00.000Z,1,77,20161215121
2016-12-15T13:00:00.000Z,1,73,20161215131
2016-12-15T14:00:00.000Z,1,78,20161215141
2016-12-15T15:00:00.000Z,1,75,20161215151
2016-12-15T16:00:00.000Z,1,70,20161215161
2016-12-15T17:00:00.000Z,1,67,20161215171
2016-12-15T18:00:00.000Z,1,70,20161215181
2016-12-15T19:00:00.000Z,1,75,20161215191
2016-12-15T20:00:00.000Z,1,82,20161215201
2016-12-15T21:00:00.000Z,1,75,20161215211
2016-12-15T22:00:00.000Z,1,71,20161215221
2016-12-15T23:00:00.000Z,1,71,20161215231
2016-12-16T00:00:00.000Z,1,62,20161216001
2016-12-16T01:00:00.000Z,1,45,20161216011
2016-12-16T02:00:00.000Z,1,44,20161216021
2016-12-16T03:00:00.000Z,1,44,20161216031
2016-12-16T04:00:00.000Z,1,32,20161216041
2016-12-16T05:00:00.000Z,1,31,20161216051
2016-12-16T06:00:00.000Z,1,35,20161216061
2016-12-16T07:00:00.000Z,1,35,20161216071
2016-12-16T08:00:00.000Z,1,41,20161216081
2016-12-16T09:00:00.000Z,1,46,20161216091
2016-12-16T10:00:00.000Z,1,59,20161216101
2016-12-16T11:00:00.000Z,1,69,20161216111
2016-12-16T12:00:00.000Z,1,78,20161216121
2016-12-16T13:00:00.000Z,1,68,20161216131
2016-12-16T14:00:00.000Z,1,73,20161216141
2016-12-16T15:00:00.000Z,1,74,20161216151
2016-12-16T16:00:00.000Z,1,68,20161216161
2016-12-16T17:00:00.000Z,1,64,20161216171
2016-12-16T18:00:00.000Z,1,67,20161216181
2016-12-16T19:00:00.000Z,1,73,20161216191
2016-12-16T20:00:00.000Z,1,64,20161216201
2016-12-16T21:00:00.000Z,1,64,20161216211
2016-12-16T22:00:00.000Z,1,62,20161216221
2016-12-16T23:00:00.000Z,1,55,20161216231
2016-12-17T00:00:00.000Z,1,54,20161217001
2016-12-17T01:00:00.000Z,1,48,20161217011
2016-12-17T02:00:00.000Z,1,38,20161217021
2016-12-17T03:00:00.000Z,1,35,20161217031
2016-12-17T04:00:00.000Z,1,29,20161217041
2016-12-17T05:00:00.000Z,1,27,20161217051
2016-12-17T06:00:00.000Z,1,29,20161217061
2016-12-17T07:00:00.000Z,1,27,20161217071
2016-12-17T08:00:00.000Z,1,31,20161217081
2016-12-17T09:00:00.000Z,1,34,20161217091
2016-12-17T10:00:00.000Z,1,39,20161217101
2016-12-17T11:00:00.000Z,1,40,20161217111
2016-12-17T12:00:00.000Z,1,43,20161217121
2016-12-17T13:00:00.000Z,1,37,20161217131
2016-12-17T14:00:00.000Z,1,38,20161217141
2016-12-17T15:00:00.000Z,1,40,20161217151
2016-12-17T16:00:00.000Z,1,39,20161217161
2016-12-17T17:00:00.000Z,1,43,20161217171
2016-12-17T18:00:00.000Z,1,46,20161217181
2016-12-17T19:00:00.000Z,1,52,20161217191
2016-12-17T20:00:00.000Z,1,55,20161217201
2016-12-17T21:00:00.000Z,1,54,20161217211
2016-12-17T22:00:00.000Z,1,53,20161217221
2016-12-17T23:00:00.000Z,1,49,20161217231
2016-12-18T00:00:00.000Z,1,38,20161218001
2016-12-18T01:00:00.000Z,1,32,20161218011
2016-12-18T02:00:00.000Z,1,29,20161218021
2016-12-18T03:00:00.000Z,1,24,20161218031
2016-12-18T04:00:00.000Z,1,22,20161218041
2016-12-18T05:00:00.000Z,1,21,20161218051
2016-12-18T06:00:00.000Z,1,25,20161218061
2016-12-18T07:00:00.000Z,1,22,20161218071
2016-12-18T08:00:00.000Z,1,27,20161218081
2016-12-18T09:00:00.000Z,1,33,20161218091
2016-12-18T10:00:00.000Z,1,36,20161218101
2016-12-18T11:00:00.000Z,1,43,20161218111
2016-12-18T12:00:00.000Z,1,39,20161218121
2016-12-18T13:00:00.000Z,1,37,20161218131
2016-12-18T14:00:00.000Z,1,37,20161218141
2016-12-18T15:00:00.000Z,1,38,20161218151
2016-12-18T16:00:00.000Z,1,40,20161218161
2016-12-18T17:00:00.000Z,1,40,20161218171
2016-12-18T18:00:00.000Z,1,49,20161218181
2016-12-18T19:00:00.000Z,1,57,20161218191
2016-12-18T20:00:00.000Z,1,53,20161218201
2016-12-18T21:00:00.000Z,1,51,20161218211
2016-12-18T22:00:00.000Z,1,50,20161218221
2016-12-18T23:00:00.000Z,1,54,20161218231
2016-12-19T00:00:00.000Z,1,44,20161219001
2016-12-19T01:00:00.000Z,1,38,20161219011
2016-12-19T02:00:00.000Z,1,34,20161219021
2016-12-19T03:00:00.000Z,1,33,20161219031
2016-12-19T04:00:00.000Z,1,29,20161219041
2016-12-19T05:00:00.000Z,1,28,20161219051
2016-12-19T06:00:00.000Z,1,30,20161219061
2016-12-19T07:00:00.000Z,1,35,20161219071
2016-12-19T08:00:00.000Z,1,41,20161219081
2016-12-19T09:00:00.000Z,1,45,20161219091
2016-12-19T10:00:00.000Z,1,65,20161219101
2016-12-19T11:00:00.000Z,1,79,20161219111
2016-12-19T12:00:00.000Z,1,91,20161219121
2016-12-19T13:00:00.000Z,1,84,20161219131
2016-12-19T14:00:00.000Z,1,85,20161219141
2016-12-19T15:00:00.000Z,1,88,20161219151
2016-12-19T16:00:00.000Z,1,76,20161219161
2016-12-19T17:00:00.000Z,1,71,20161219171
2016-12-19T18:00:00.000Z,1,79,20161219181
2016-12-19T19:00:00.000Z,1,80,20161219191
2016-12-19T20:00:00.000Z,1,81,20161219201
2016-12-19T21:00:00.000Z,1,75,20161219211
2016-12-19T22:00:00.000Z,1,70,20161219221
2016-12-19T23:00:00.000Z,1,72,20161219231
2016-12-20T00:00:00.000Z,1,65,20161220001
2016-12-20T01:00:00.000Z,1,39,20161220011
2016-12-20T02:00:00.000Z,1,40,20161220021
2016-12-20T03:00:00.000Z,1,43,20161220031
2016-12-20T04:00:00.000Z,1,37,20161220041
2016-12-20T05:00:00.000Z,1,35,20161220051
2016-12-20T06:00:00.000Z,1,39,20161220061
2016-12-20T07:00:00.000Z,1,40,20161220071
2016-12-20T08:00:00.000Z,1,45,20161220081
2016-12-20T09:00:00.000Z,1,51,20161220091
2016-12-20T10:00:00.000Z,1,63,20161220101
2016-12-20T11:00:00.000Z,1,71,20161220111
2016-12-20T12:00:00.000Z,1,76,20161220121
2016-12-20T13:00:00.000Z,1,66,20161220131
2016-12-20T14:00:00.000Z,1,71,20161220141
2016-12-20T15:00:00.000Z,1,74,20161220151
2016-12-20T16:00:00.000Z,1,73,20161220161
2016-12-20T17:00:00.000Z,1,70,20161220171
2016-12-20T18:00:00.000Z,1,73,20161220181
2016-12-20T19:00:00.000Z,1,69,20161220191
2016-12-20T20:00:00.000Z,1,70,20161220201
2016-12-20T21:00:00.000Z,1,75,20161220211
2016-12-20T22:00:00.000Z,1,71,20161220221
2016-12-20T23:00:00.000Z,1,62,20161220231
2016-12-21T00:00:00.000Z,1,59,20161221001
2016-12-21T01:00:00.000Z,1,52,20161221011
2016-12-21T02:00:00.000Z,1,48,20161221021
2016-12-21T03:00:00.000Z,1,41,20161221031
2016-12-21T04:00:00.000Z,1,37,20161221041
2016-12-21T05:00:00.000Z,1,35,20161221051
2016-12-21T06:00:00.000Z,1,33,20161221061
2016-12-21T07:00:00.000Z,1,38,20161221071
2016-12-21T08:00:00.000Z,1,44,20161221081
2016-12-21T09:00:00.000Z,1,50,20161221091
2016-12-21T10:00:00.000Z,1,61,20161221101
2016-12-21T11:00:00.000Z,1,76,20161221111
2016-12-21T12:00:00.000Z,1,82,20161221121
2016-12-21T13:00:00.000Z,1,76,20161221131
2016-12-21T14:00:00.000Z,1,78,20161221141
2016-12-21T15:00:00.000Z,1,79,20161221151
2016-12-21T16:00:00.000Z,1,72,20161221161
2016-12-21T17:00:00.000Z,1,70,20161221171
2016-12-21T18:00:00.000Z,1,79,20161221181
2016-12-21T19:00:00.000Z,1,79,20161221191
2016-12-21T20:00:00.000Z,1,79,20161221201
2016-12-21T21:00:00.000Z,1,83,20161221211
2016-12-21T22:00:00.000Z,1,75,20161221221
2016-12-21T23:00:00.000Z,1,69,20161221231
2016-12-22T00:00:00.000Z,1,62,20161222001
2016-12-22T01:00:00.000Z,1,51,20161222011
2016-12-22T02:00:00.000Z,1,44,20161222021
2016-12-22T03:00:00.000Z,1,40,20161222031
2016-12-22T04:00:00.000Z,1,34,20161222041
2016-12-22T05:00:00.000Z,1,30,20161222051
2016-12-22T06:00:00.000Z,1,33,20161222061
2016-12-22T07:00:00.000Z,1,39,20161222071
2016-12-22T08:00:00.000Z,1,45,20161222081
2016-12-22T09:00:00.000Z,1,51,20161222091
2016-12-22T10:00:00.000Z,1,57,20161222101
2016-12-22T11:00:00.000Z,1,67,20161222111
2016-12-22T12:00:00.000Z,1,69,20161222121
2016-12-22T13:00:00.000Z,1,61,20161222131
2016-12-22T14:00:00.000Z,1,67,20161222141
2016-12-22T15:00:00.000Z,1,69,20161222151
2016-12-22T16:00:00.000Z,1,62,20161222161
2016-12-22T17:00:00.000Z,1,64,20161222171
2016-12-22T18:00:00.000Z,1,60,20161222181
2016-12-22T19:00:00.000Z,1,61,20161222191
2016-12-22T20:00:00.000Z,1,64,20161222201
2016-12-22T21:00:00.000Z,1,62,20161222211
2016-12-22T22:00:00.000Z,1,62,20161222221
2016-12-22T23:00:00.000Z,1,58,20161222231
2016-12-23T00:00:00.000Z,1,46,20161223001
2016-12-23T01:00:00.000Z,1,40,20161223011
2016-12-23T02:00:00.000Z,1,39,20161223021
2016-12-23T03:00:00.000Z,1,33,20161223031
2016-12-23T04:00:00.000Z,1,27,20161223041
2016-12-23T05:00:00.000Z,1,26,20161223051
2016-12-23T06:00:00.000Z,1,31,20161223061
2016-12-23T07:00:00.000Z,1,33,20161223071
2016-12-23T08:00:00.000Z,1,38,20161223081
2016-12-23T09:00:00.000Z,1,40,20161223091
2016-12-23T10:00:00.000Z,1,51,20161223101
2016-12-23T11:00:00.000Z,1,54,20161223111
2016-12-23T12:00:00.000Z,1,62,20161223121
2016-12-23T13:00:00.000Z,1,54,20161223131
2016-12-23T14:00:00.000Z,1,61,20161223141
2016-12-23T15:00:00.000Z,1,54,20161223151
2016-12-23T16:00:00.000Z,1,53,20161223161
2016-12-23T17:00:00.000Z,1,54,20161223171
2016-12-23T18:00:00.000Z,1,57,20161223181
2016-12-23T19:00:00.000Z,1,56,20161223191
2016-12-23T20:00:00.000Z,1,55,20161223201
2016-12-23T21:00:00.000Z,1,56,20161223211
2016-12-23T22:00:00.000Z,1,54,20161223221
2016-12-23T23:00:00.000Z,1,49,20161223231
2016-12-24T00:00:00.000Z,1,41,20161224001
2016-12-24T01:00:00.000Z,1,36,20161224011
2016-12-24T02:00:00.000Z,1,33,20161224021
2016-12-24T03:00:00.000Z,1,30,20161224031
2016-12-24T04:00:00.000Z,1,28,20161224041
2016-12-24T05:00:00.000Z,1,26,20161224051
2016-12-24T06:00:00.000Z,1,26,20161224061
2016-12-24T07:00:00.000Z,1,22,20161224071
2016-12-24T08:00:00.000Z,1,22,20161224081
2016-12-24T09:00:00.000Z,1,27,20161224091
2016-12-24T10:00:00.000Z,1,43,20161224101
2016-12-24T11:00:00.000Z,1,44,20161224111
2016-12-24T12:00:00.000Z,1,43,20161224121
2016-12-24T13:00:00.000Z,1,38,20161224131
2016-12-24T14:00:00.000Z,1,31,20161224141
2016-12-24T15:00:00.000Z,1,31,20161224151
2016-12-24T16:00:00.000Z,1,31,20161224161
2016-12-24T17:00:00.000Z,1,34,20161224171
2016-12-24T18:00:00.000Z,1,39,20161224181
2016-12-24T19:00:00.000Z,1,44,20161224191
2016-12-24T20:00:00.000Z,1,44,20161224201
2016-12-24T21:00:00.000Z,1,37,20161224211
2016-12-24T22:00:00.000Z,1,39,20161224221
2016-12-24T23:00:00.000Z,1,36,20161224231
2016-12-25T00:00:00.000Z,1,33,20161225001
2016-12-25T01:00:00.000Z,1,26,20161225011
2016-12-25T02:00:00.000Z,1,26,20161225021
2016-12-25T03:00:00.000Z,1,23,20161225031
2016-12-25T04:00:00.000Z,1,20,20161225041
2016-12-25T05:00:00.000Z,1,16,20161225051
2016-12-25T06:00:00.000Z,1,21,20161225061
2016-12-25T07:00:00.000Z,1,20,20161225071
2016-12-25T08:00:00.000Z,1,20,20161225081
2016-12-25T09:00:00.000Z,1,29,20161225091
2016-12-25T10:00:00.000Z,1,31,20161225101
2016-12-25T11:00:00.000Z,1,33,20161225111
2016-12-25T12:00:00.000Z,1,33,20161225121
2016-12-25T13:00:00.000Z,1,34,20161225131
2016-12-25T14:00:00.000Z,1,33,20161225141
2016-12-25T15:00:00.000Z,1,35,20161225151
2016-12-25T16:00:00.000Z,1,33,20161225161
2016-12-25T17:00:00.000Z,1,37,20161225171
2016-12-25T18:00:00.000Z,1,38,20161225181
2016-12-25T19:00:00.000Z,1,39,20161225191
2016-12-25T20:00:00.000Z,1,39,20161225201
2016-12-25T21:00:00.000Z,1,38,20161225211
2016-12-25T22:00:00.000Z,1,34,20161225221
2016-12-25T23:00:00.000Z,1,19,20161225231
2016-12-26T00:00:00.000Z,1,35,20161226001
2016-12-26T01:00:00.000Z,1,24,20161226011
2016-12-26T02:00:00.000Z,1,27,20161226021
2016-12-26T03:00:00.000Z,1,25,20161226031
2016-12-26T04:00:00.000Z,1,23,20161226041
2016-12-26T05:00:00.000Z,1,24,20161226051
2016-12-26T06:00:00.000Z,1,27,20161226061
2016-12-26T07:00:00.000Z,1,31,20161226071
2016-12-26T08:00:00.000Z,1,32,20161226081
2016-12-26T09:00:00.000Z,1,44,20161226091
2016-12-26T10:00:00.000Z,1,55,20161226101
2016-12-26T11:00:00.000Z,1,65,20161226111
2016-12-26T12:00:00.000Z,1,64,20161226121
2016-12-26T13:00:00.000Z,1,58,20161226131
2016-12-26T14:00:00.000Z,1,65,20161226141
2016-12-26T15:00:00.000Z,1,68,20161226151
2016-12-26T16:00:00.000Z,1,56,20161226161
2016-12-26T17:00:00.000Z,1,62,20161226171
2016-12-26T18:00:00.000Z,1,55,20161226181
2016-12-26T19:00:00.000Z,1,59,20161226191
2016-12-26T20:00:00.000Z,1,52,20161226201
2016-12-26T21:00:00.000Z,1,54,20161226211
2016-12-26T22:00:00.000Z,1,51,20161226221
2016-12-26T23:00:00.000Z,1,51,20161226231
2016-12-27T00:00:00.000Z,1,41,20161227001
2016-12-27T01:00:00.000Z,1,33,20161227011
2016-12-27T02:00:00.000Z,1,29,20161227021
2016-12-27T03:00:00.000Z,1,29,20161227031
2016-12-27T04:00:00.000Z,1,25,20161227041
2016-12-27T05:00:00.000Z,1,26,20161227051
2016-12-27T06:00:00.000Z,1,29,20161227061
2016-12-27T07:00:00.000Z,1,36,20161227071
2016-12-27T08:00:00.000Z,1,39,20161227081
2016-12-27T09:00:00.000Z,1,43,20161227091
2016-12-27T10:00:00.000Z,1,53,20161227101
2016-12-27T11:00:00.000Z,1,51,20161227111
2016-12-27T12:00:00.000Z,1,69,20161227121
2016-12-27T13:00:00.000Z,1,40,20161227131
2016-12-27T14:00:00.000Z,1,52,20161227141
2016-12-27T15:00:00.000Z,1,78,20161227151
2016-12-27T16:00:00.000Z,1,60,20161227161
2016-12-27T17:00:00.000Z,1,64,20161227171
2016-12-27T18:00:00.000Z,1,63,20161227181
2016-12-27T19:00:00.000Z,1,64,20161227191
2016-12-27T20:00:00.000Z,1,66,20161227201
2016-12-27T21:00:00.000Z,1,66,20161227211
2016-12-27T22:00:00.000Z,1,62,20161227221
2016-12-27T23:00:00.000Z,1,57,20161227231
2016-12-28T00:00:00.000Z,1,52,20161228001
2016-12-28T01:00:00.000Z,1,39,20161228011
2016-12-28T02:00:00.000Z,1,37,20161228021
2016-12-28T03:00:00.000Z,1,36,20161228031
2016-12-28T04:00:00.000Z,1,28,20161228041
2016-12-28T05:00:00.000Z,1,25,20161228051
2016-12-28T06:00:00.000Z,1,29,20161228061
2016-12-28T07:00:00.000Z,1,31,20161228071
2016-12-28T08:00:00.000Z,1,40,20161228081
2016-12-28T09:00:00.000Z,1,46,20161228091
2016-12-28T10:00:00.000Z,1,55,20161228101
2016-12-28T11:00:00.000Z,1,61,20161228111
2016-12-28T12:00:00.000Z,1,69,20161228121
2016-12-28T13:00:00.000Z,1,55,20161228131
2016-12-28T14:00:00.000Z,1,63,20161228141
2016-12-28T15:00:00.000Z,1,67,20161228151
2016-12-28T16:00:00.000Z,1,56,20161228161
2016-12-28T17:00:00.000Z,1,56,20161228171
2016-12-28T18:00:00.000Z,1,61,20161228181
2016-12-28T19:00:00.000Z,1,61,20161228191
2016-12-28T20:00:00.000Z,1,62,20161228201
2016-12-28T21:00:00.000Z,1,63,20161228211
2016-12-28T22:00:00.000Z,1,61,20161228221
2016-12-28T23:00:00.000Z,1,56,20161228231
2016-12-29T00:00:00.000Z,1,48,20161229001
2016-12-29T01:00:00.000Z,1,39,20161229011
2016-12-29T02:00:00.000Z,1,36,20161229021
2016-12-29T03:00:00.000Z,1,31,20161229031
2016-12-29T04:00:00.000Z,1,29,20161229041
2016-12-29T05:00:00.000Z,1,28,20161229051
2016-12-29T06:00:00.000Z,1,26,20161229061
2016-12-29T07:00:00.000Z,1,34,20161229071
2016-12-29T08:00:00.000Z,1,39,20161229081
2016-12-29T09:00:00.000Z,1,46,20161229091
2016-12-29T10:00:00.000Z,1,53,20161229101
2016-12-29T11:00:00.000Z,1,58,20161229111
2016-12-29T12:00:00.000Z,1,76,20161229121
2016-12-29T13:00:00.000Z,1,60,20161229131
2016-12-29T14:00:00.000Z,1,64,20161229141
2016-12-29T15:00:00.000Z,1,71,20161229151
2016-12-29T16:00:00.000Z,1,60,20161229161
2016-12-29T17:00:00.000Z,1,62,20161229171
2016-12-29T18:00:00.000Z,1,64,20161229181
2016-12-29T19:00:00.000Z,1,64,20161229191
2016-12-29T20:00:00.000Z,1,63,20161229201
2016-12-29T21:00:00.000Z,1,65,20161229211
2016-12-29T22:00:00.000Z,1,61,20161229221
2016-12-29T23:00:00.000Z,1,55,20161229231
2016-12-30T00:00:00.000Z,1,51,20161230001
2016-12-30T01:00:00.000Z,1,43,20161230011
2016-12-30T02:00:00.000Z,1,36,20161230021
2016-12-30T03:00:00.000Z,1,31,20161230031
2016-12-30T04:00:00.000Z,1,32,20161230041
2016-12-30T05:00:00.000Z,1,27,20161230051
2016-12-30T06:00:00.000Z,1,25,20161230061
2016-12-30T07:00:00.000Z,1,28,20161230071
2016-12-30T08:00:00.000Z,1,35,20161230081
2016-12-30T09:00:00.000Z,1,42,20161230091
2016-12-30T10:00:00.000Z,1,54,20161230101
2016-12-30T11:00:00.000Z,1,63,20161230111
2016-12-30T12:00:00.000Z,1,63,20161230121
2016-12-30T13:00:00.000Z,1,55,20161230131
2016-12-30T14:00:00.000Z,1,59,20161230141
2016-12-30T15:00:00.000Z,1,60,20161230151
2016-12-30T16:00:00.000Z,1,53,20161230161
2016-12-30T17:00:00.000Z,1,45,20161230171
2016-12-30T18:00:00.000Z,1,55,20161230181
2016-12-30T19:00:00.000Z,1,61,20161230191
2016-12-30T20:00:00.000Z,1,60,20161230201
2016-12-30T21:00:00.000Z,1,56,20161230211
2016-12-30T22:00:00.000Z,1,52,20161230221
2016-12-30T23:00:00.000Z,1,48,20161230231
2016-12-31T00:00:00.000Z,1,45,20161231001
2016-12-31T01:00:00.000Z,1,35,20161231011
2016-12-31T02:00:00.000Z,1,31,20161231021
2016-12-31T03:00:00.000Z,1,33,20161231031
2016-12-31T04:00:00.000Z,1,26,20161231041
2016-12-31T05:00:00.000Z,1,26,20161231051
2016-12-31T06:00:00.000Z,1,25,20161231061
2016-12-31T07:00:00.000Z,1,25,20161231071
2016-12-31T08:00:00.000Z,1,26,20161231081
2016-12-31T09:00:00.000Z,1,31,20161231091
2016-12-31T10:00:00.000Z,1,33,20161231101
2016-12-31T11:00:00.000Z,1,38,20161231111
2016-12-31T12:00:00.000Z,1,38,20161231121
2016-12-31T13:00:00.000Z,1,33,20161231131
2016-12-31T14:00:00.000Z,1,37,20161231141
2016-12-31T15:00:00.000Z,1,31,20161231151
2016-12-31T16:00:00.000Z,1,29,20161231161
2016-12-31T17:00:00.000Z,1,29,20161231171
2016-12-31T18:00:00.000Z,1,30,20161231181
2016-12-31T19:00:00.000Z,1,33,20161231191
2016-12-31T20:00:00.000Z,1,37,20161231201
2016-12-31T21:00:00.000Z,1,32,20161231211
2016-12-31T22:00:00.000Z,1,33,20161231221
2016-12-31T23:00:00.000Z,1,32,20161231231
2017-01-01T00:00:00.000Z,1,27,20170101001
2017-01-01T01:00:00.000Z,1,23,20170101011
2017-01-01T02:00:00.000Z,1,17,20170101021
2017-01-01T03:00:00.000Z,1,16,20170101031
2017-01-01T04:00:00.000Z,1,16,20170101041
2017-01-01T05:00:00.000Z,1,14,20170101051
2017-01-01T06:00:00.000Z,1,14,20170101061
2017-01-01T07:00:00.000Z,1,18,20170101071
2017-01-01T08:00:00.000Z,1,20,20170101081
2017-01-01T09:00:00.000Z,1,22,20170101091
2017-01-01T10:00:00.000Z,1,21,20170101101
2017-01-01T11:00:00.000Z,1,24,20170101111
2017-01-01T12:00:00.000Z,1,20,20170101121
2017-01-01T13:00:00.000Z,1,21,20170101131
2017-01-01T14:00:00.000Z,1,26,20170101141
2017-01-01T15:00:00.000Z,1,30,20170101151
2017-01-01T16:00:00.000Z,1,32,20170101161
2017-01-01T17:00:00.000Z,1,27,20170101171
2017-01-01T18:00:00.000Z,1,34,20170101181
2017-01-01T19:00:00.000Z,1,36,20170101191
2017-01-01T20:00:00.000Z,1,39,20170101201
2017-01-01T21:00:00.000Z,1,40,20170101211
2017-01-01T22:00:00.000Z,1,38,20170101221
2017-01-01T23:00:00.000Z,1,37,20170101231
2017-01-02T00:00:00.000Z,1,34,20170102001
2017-01-02T01:00:00.000Z,1,29,20170102011
2017-01-02T02:00:00.000Z,1,27,20170102021
2017-01-02T03:00:00.000Z,1,22,20170102031
2017-01-02T04:00:00.000Z,1,24,20170102041
2017-01-02T05:00:00.000Z,1,19,20170102051
2017-01-02T06:00:00.000Z,1,20,20170102061
2017-01-02T07:00:00.000Z,1,22,20170102071
2017-01-02T08:00:00.000Z,1,31,20170102081
2017-01-02T09:00:00.000Z,1,38,20170102091
2017-01-02T10:00:00.000Z,1,58,20170102101
2017-01-02T11:00:00.000Z,1,63,20170102111
2017-01-02T12:00:00.000Z,1,65,20170102121
2017-01-02T13:00:00.000Z,1,52,20170102131
2017-01-02T14:00:00.000Z,1,62,20170102141
2017-01-02T15:00:00.000Z,1,71,20170102151
2017-01-02T16:00:00.000Z,1,64,20170102161
2017-01-02T17:00:00.000Z,1,59,20170102171
2017-01-02T18:00:00.000Z,1,54,20170102181
2017-01-02T19:00:00.000Z,1,56,20170102191
2017-01-02T20:00:00.000Z,1,54,20170102201
2017-01-02T21:00:00.000Z,1,59,20170102211
2017-01-02T22:00:00.000Z,1,67,20170102221
2017-01-02T23:00:00.000Z,1,53,20170102231
2017-01-03T00:00:00.000Z,1,49,20170103001
2017-01-03T01:00:00.000Z,1,38,20170103011
2017-01-03T02:00:00.000Z,1,33,20170103021
2017-01-03T03:00:00.000Z,1,31,20170103031
2017-01-03T04:00:00.000Z,1,25,20170103041
2017-01-03T05:00:00.000Z,1,25,20170103051
2017-01-03T06:00:00.000Z,1,34,20170103061
2017-01-03T07:00:00.000Z,1,32,20170103071
2017-01-03T08:00:00.000Z,1,43,20170103081
2017-01-03T09:00:00.000Z,1,50,20170103091
2017-01-03T10:00:00.000Z,1,63,20170103101
2017-01-03T11:00:00.000Z,1,82,20170103111
2017-01-03T12:00:00.000Z,1,82,20170103121
2017-01-03T13:00:00.000Z,1,67,20170103131
2017-01-03T14:00:00.000Z,1,80,20170103141
2017-01-03T15:00:00.000Z,1,79,20170103151
2017-01-03T16:00:00.000Z,1,77,20170103161
2017-01-03T17:00:00.000Z,1,73,20170103171
2017-01-03T18:00:00.000Z,1,76,20170103181
2017-01-03T19:00:00.000Z,1,77,20170103191
2017-01-03T20:00:00.000Z,1,77,20170103201
2017-01-03T21:00:00.000Z,1,83,20170103211
2017-01-03T22:00:00.000Z,1,81,20170103221
2017-01-03T23:00:00.000Z,1,67,20170103231
2017-01-04T00:00:00.000Z,1,66,20170104001
2017-01-04T01:00:00.000Z,1,51,20170104011
2017-01-04T02:00:00.000Z,1,46,20170104021
2017-01-04T03:00:00.000Z,1,41,20170104031
2017-01-04T04:00:00.000Z,1,40,20170104041
2017-01-04T05:00:00.000Z,1,32,20170104051
2017-01-04T06:00:00.000Z,1,37,20170104061
2017-01-04T07:00:00.000Z,1,38,20170104071
2017-01-04T08:00:00.000Z,1,42,20170104081
2017-01-04T09:00:00.000Z,1,49,20170104091
2017-01-04T10:00:00.000Z,1,65,20170104101
2017-01-04T11:00:00.000Z,1,71,20170104111
2017-01-04T12:00:00.000Z,1,78,20170104121
2017-01-04T13:00:00.000Z,1,69,20170104131
2017-01-04T14:00:00.000Z,1,75,20170104141
2017-01-04T15:00:00.000Z,1,78,20170104151
2017-01-04T16:00:00.000Z,1,74,20170104161
2017-01-04T17:00:00.000Z,1,69,20170104171
2017-01-04T18:00:00.000Z,1,73,20170104181
2017-01-04T19:00:00.000Z,1,79,20170104191
2017-01-04T20:00:00.000Z,1,78,20170104201
2017-01-04T21:00:00.000Z,1,71,20170104211
2017-01-04T22:00:00.000Z,1,73,20170104221
2017-01-04T23:00:00.000Z,1,62,20170104231
2017-01-05T00:00:00.000Z,1,61,20170105001
2017-01-05T01:00:00.000Z,1,50,20170105011
2017-01-05T02:00:00.000Z,1,45,20170105021
2017-01-05T03:00:00.000Z,1,43,20170105031
2017-01-05T04:00:00.000Z,1,32,20170105041
2017-01-05T05:00:00.000Z,1,31,20170105051
2017-01-05T06:00:00.000Z,1,35,20170105061
2017-01-05T07:00:00.000Z,1,42,20170105071
2017-01-05T08:00:00.000Z,1,40,20170105081
2017-01-05T09:00:00.000Z,1,48,20170105091
2017-01-05T10:00:00.000Z,1,64,20170105101
2017-01-05T11:00:00.000Z,1,90,20170105111
2017-01-05T12:00:00.000Z,1,80,20170105121
2017-01-05T13:00:00.000Z,1,70,20170105131
2017-01-05T14:00:00.000Z,1,82,20170105141
2017-01-05T15:00:00.000Z,1,80,20170105151
2017-01-05T16:00:00.000Z,1,80,20170105161
2017-01-05T17:00:00.000Z,1,77,20170105171
2017-01-05T18:00:00.000Z,1,73,20170105181
2017-01-05T19:00:00.000Z,1,77,20170105191
2017-01-05T20:00:00.000Z,1,77,20170105201
2017-01-05T21:00:00.000Z,1,74,20170105211
2017-01-05T22:00:00.000Z,1,69,20170105221
2017-01-05T23:00:00.000Z,1,64,20170105231
2017-01-06T00:00:00.000Z,1,61,20170106001
2017-01-06T01:00:00.000Z,1,51,20170106011
2017-01-06T02:00:00.000Z,1,45,20170106021
2017-01-06T03:00:00.000Z,1,39,20170106031
2017-01-06T04:00:00.000Z,1,34,20170106041
2017-01-06T05:00:00.000Z,1,32,20170106051
2017-01-06T06:00:00.000Z,1,31,20170106061
2017-01-06T07:00:00.000Z,1,33,20170106071
2017-01-06T08:00:00.000Z,1,40,20170106081
2017-01-06T09:00:00.000Z,1,44,20170106091
2017-01-06T10:00:00.000Z,1,57,20170106101
2017-01-06T11:00:00.000Z,1,72,20170106111
2017-01-06T12:00:00.000Z,1,73,20170106121
2017-01-06T13:00:00.000Z,1,62,20170106131
2017-01-06T14:00:00.000Z,1,74,20170106141
2017-01-06T15:00:00.000Z,1,71,20170106151
2017-01-06T16:00:00.000Z,1,64,20170106161
2017-01-06T17:00:00.000Z,1,63,20170106171
2017-01-06T18:00:00.000Z,1,59,20170106181
2017-01-06T19:00:00.000Z,1,65,20170106191
2017-01-06T20:00:00.000Z,1,67,20170106201
2017-01-06T21:00:00.000Z,1,69,20170106211
2017-01-06T22:00:00.000Z,1,64,20170106221
2017-01-06T23:00:00.000Z,1,57,20170106231
2017-01-07T00:00:00.000Z,1,50,20170107001
2017-01-07T01:00:00.000Z,1,49,20170107011
2017-01-07T02:00:00.000Z,1,38,20170107021
2017-01-07T03:00:00.000Z,1,33,20170107031
2017-01-07T04:00:00.000Z,1,31,20170107041
2017-01-07T05:00:00.000Z,1,27,20170107051
2017-01-07T06:00:00.000Z,1,25,20170107061
2017-01-07T07:00:00.000Z,1,24,20170107071
2017-01-07T08:00:00.000Z,1,29,20170107081
2017-01-07T09:00:00.000Z,1,35,20170107091
2017-01-07T10:00:00.000Z,1,43,20170107101
2017-01-07T11:00:00.000Z,1,45,20170107111
2017-01-07T12:00:00.000Z,1,45,20170107121
2017-01-07T13:00:00.000Z,1,42,20170107131
2017-01-07T14:00:00.000Z,1,39,20170107141
2017-01-07T15:00:00.000Z,1,38,20170107151
2017-01-07T16:00:00.000Z,1,41,20170107161
2017-01-07T17:00:00.000Z,1,41,20170107171
2017-01-07T18:00:00.000Z,1,47,20170107181
2017-01-07T19:00:00.000Z,1,51,20170107191
2017-01-07T20:00:00.000Z,1,55,20170107201
2017-01-07T21:00:00.000Z,1,52,20170107211
2017-01-07T22:00:00.000Z,1,49,20170107221
2017-01-07T23:00:00.000Z,1,50,20170107231
2017-01-08T00:00:00.000Z,1,43,20170108001
2017-01-08T01:00:00.000Z,1,33,20170108011
2017-01-08T02:00:00.000Z,1,30,20170108021
2017-01-08T03:00:00.000Z,1,26,20170108031
2017-01-08T04:00:00.000Z,1,23,20170108041
2017-01-08T05:00:00.000Z,1,24,20170108051
2017-01-08T06:00:00.000Z,1,27,20170108061
2017-01-08T07:00:00.000Z,1,26,20170108071
2017-01-08T08:00:00.000Z,1,29,20170108081
2017-01-08T09:00:00.000Z,1,41,20170108091
2017-01-08T10:00:00.000Z,1,42,20170108101
2017-01-08T11:00:00.000Z,1,43,20170108111
2017-01-08T12:00:00.000Z,1,66,20170108121
2017-01-08T13:00:00.000Z,1,58,20170108131
2017-01-08T14:00:00.000Z,1,62,20170108141
2017-01-08T15:00:00.000Z,1,64,20170108151
2017-01-08T16:00:00.000Z,1,61,20170108161
2017-01-08T17:00:00.000Z,1,62,20170108171
2017-01-08T18:00:00.000Z,1,73,20170108181
2017-01-08T19:00:00.000Z,1,84,20170108191
2017-01-08T20:00:00.000Z,1,84,20170108201
2017-01-08T21:00:00.000Z,1,78,20170108211
2017-01-08T22:00:00.000Z,1,77,20170108221
2017-01-08T23:00:00.000Z,1,75,20170108231
2017-01-09T00:00:00.000Z,1,64,20170109001
2017-01-09T01:00:00.000Z,1,55,20170109011
2017-01-09T02:00:00.000Z,1,47,20170109021
2017-01-09T03:00:00.000Z,1,42,20170109031
2017-01-09T04:00:00.000Z,1,41,20170109041
2017-01-09T05:00:00.000Z,1,38,20170109051
2017-01-09T06:00:00.000Z,1,43,20170109061
2017-01-09T07:00:00.000Z,1,56,20170109071
2017-01-09T08:00:00.000Z,1,54,20170109081
2017-01-09T09:00:00.000Z,1,66,20170109091
2017-01-09T10:00:00.000Z,1,81,20170109101
2017-01-09T11:00:00.000Z,1,97,20170109111
2017-01-09T12:00:00.000Z,1,104,20170109121
2017-01-09T13:00:00.000Z,1,90,20170109131
2017-01-09T14:00:00.000Z,1,92,20170109141
2017-01-09T15:00:00.000Z,1,93,20170109151
2017-01-09T16:00:00.000Z,1,88,20170109161
2017-01-09T17:00:00.000Z,1,90,20170109171
2017-01-09T18:00:00.000Z,1,83,20170109181
2017-01-09T19:00:00.000Z,1,77,20170109191
2017-01-09T20:00:00.000Z,1,95,20170109201
2017-01-09T21:00:00.000Z,1,96,20170109211
2017-01-09T22:00:00.000Z,1,100,20170109221
2017-01-09T23:00:00.000Z,1,86,20170109231
2017-01-10T00:00:00.000Z,1,74,20170110001
2017-01-10T01:00:00.000Z,1,61,20170110011
2017-01-10T02:00:00.000Z,1,54,20170110021
2017-01-10T03:00:00.000Z,1,50,20170110031
2017-01-10T04:00:00.000Z,1,47,20170110041
2017-01-10T05:00:00.000Z,1,37,20170110051
2017-01-10T06:00:00.000Z,1,39,20170110061
2017-01-10T07:00:00.000Z,1,49,20170110071
2017-01-10T08:00:00.000Z,1,53,20170110081
2017-01-10T09:00:00.000Z,1,59,20170110091
2017-01-10T10:00:00.000Z,1,76,20170110101
2017-01-10T11:00:00.000Z,1,76,20170110111
2017-01-10T12:00:00.000Z,1,82,20170110121
2017-01-10T13:00:00.000Z,1,73,20170110131
2017-01-10T14:00:00.000Z,1,85,20170110141
2017-01-10T15:00:00.000Z,1,84,20170110151
2017-01-10T16:00:00.000Z,1,77,20170110161
2017-01-10T17:00:00.000Z,1,74,20170110171
2017-01-10T18:00:00.000Z,1,81,20170110181
2017-01-10T19:00:00.000Z,1,81,20170110191
2017-01-10T20:00:00.000Z,1,85,20170110201
2017-01-10T21:00:00.000Z,1,85,20170110211
2017-01-10T22:00:00.000Z,1,85,20170110221
2017-01-10T23:00:00.000Z,1,73,20170110231
2017-01-11T00:00:00.000Z,1,67,20170111001
2017-01-11T01:00:00.000Z,1,54,20170111011
2017-01-11T02:00:00.000Z,1,49,20170111021
2017-01-11T03:00:00.000Z,1,44,20170111031
2017-01-11T04:00:00.000Z,1,37,20170111041
2017-01-11T05:00:00.000Z,1,35,20170111051
2017-01-11T06:00:00.000Z,1,38,20170111061
2017-01-11T07:00:00.000Z,1,43,20170111071
2017-01-11T08:00:00.000Z,1,49,20170111081
2017-01-11T09:00:00.000Z,1,56,20170111091
2017-01-11T10:00:00.000Z,1,65,20170111101
2017-01-11T11:00:00.000Z,1,76,20170111111
2017-01-11T12:00:00.000Z,1,77,20170111121
2017-01-11T13:00:00.000Z,1,72,20170111131
2017-01-11T14:00:00.000Z,1,78,20170111141
2017-01-11T15:00:00.000Z,1,81,20170111151
2017-01-11T16:00:00.000Z,1,72,20170111161
2017-01-11T17:00:00.000Z,1,74,20170111171
2017-01-11T18:00:00.000Z,1,72,20170111181
2017-01-11T19:00:00.000Z,1,81,20170111191
2017-01-11T20:00:00.000Z,1,85,20170111201
2017-01-11T21:00:00.000Z,1,80,20170111211
2017-01-11T22:00:00.000Z,1,76,20170111221
2017-01-11T23:00:00.000Z,1,68,20170111231
2017-01-12T00:00:00.000Z,1,65,20170112001
2017-01-12T01:00:00.000Z,1,54,20170112011
2017-01-12T02:00:00.000Z,1,49,20170112021
2017-01-12T03:00:00.000Z,1,46,20170112031
2017-01-12T04:00:00.000Z,1,39,20170112041
2017-01-12T05:00:00.000Z,1,32,20170112051
2017-01-12T06:00:00.000Z,1,36,20170112061
2017-01-12T07:00:00.000Z,1,42,20170112071
2017-01-12T08:00:00.000Z,1,46,20170112081
2017-01-12T09:00:00.000Z,1,51,20170112091
2017-01-12T10:00:00.000Z,1,58,20170112101
2017-01-12T11:00:00.000Z,1,66,20170112111
2017-01-12T12:00:00.000Z,1,74,20170112121
2017-01-12T13:00:00.000Z,1,75,20170112131
2017-01-12T14:00:00.000Z,1,95,20170112141
2017-01-12T15:00:00.000Z,1,83,20170112151
2017-01-12T16:00:00.000Z,1,75,20170112161
2017-01-12T17:00:00.000Z,1,76,20170112171
2017-01-12T18:00:00.000Z,1,75,20170112181
2017-01-12T19:00:00.000Z,1,83,20170112191
2017-01-12T20:00:00.000Z,1,83,20170112201
2017-01-12T21:00:00.000Z,1,82,20170112211
2017-01-12T22:00:00.000Z,1,79,20170112221
2017-01-12T23:00:00.000Z,1,67,20170112231
2017-01-13T00:00:00.000Z,1,65,20170113001
2017-01-13T01:00:00.000Z,1,57,20170113011
2017-01-13T02:00:00.000Z,1,47,20170113021
2017-01-13T03:00:00.000Z,1,46,20170113031
2017-01-13T04:00:00.000Z,1,40,20170113041
2017-01-13T05:00:00.000Z,1,35,20170113051
2017-01-13T06:00:00.000Z,1,38,20170113061
2017-01-13T07:00:00.000Z,1,41,20170113071
2017-01-13T08:00:00.000Z,1,45,20170113081
2017-01-13T09:00:00.000Z,1,49,20170113091
2017-01-13T10:00:00.000Z,1,69,20170113101
2017-01-13T11:00:00.000Z,1,73,20170113111
2017-01-13T12:00:00.000Z,1,70,20170113121
2017-01-13T13:00:00.000Z,1,66,20170113131
2017-01-13T14:00:00.000Z,1,70,20170113141
2017-01-13T15:00:00.000Z,1,71,20170113151
2017-01-13T16:00:00.000Z,1,64,20170113161
2017-01-13T17:00:00.000Z,1,72,20170113171
2017-01-13T18:00:00.000Z,1,65,20170113181
2017-01-13T19:00:00.000Z,1,73,20170113191
2017-01-13T20:00:00.000Z,1,68,20170113201
2017-01-13T21:00:00.000Z,1,65,20170113211
2017-01-13T22:00:00.000Z,1,61,20170113221
2017-01-13T23:00:00.000Z,1,54,20170113231
2017-01-14T00:00:00.000Z,1,53,20170114001
2017-01-14T01:00:00.000Z,1,45,20170114011
2017-01-14T02:00:00.000Z,1,44,20170114021
2017-01-14T03:00:00.000Z,1,39,20170114031
2017-01-14T04:00:00.000Z,1,30,20170114041
2017-01-14T05:00:00.000Z,1,29,20170114051
2017-01-14T06:00:00.000Z,1,25,20170114061
2017-01-14T07:00:00.000Z,1,31,20170114071
2017-01-14T08:00:00.000Z,1,27,20170114081
2017-01-14T09:00:00.000Z,1,31,20170114091
2017-01-14T10:00:00.000Z,1,35,20170114101
2017-01-14T11:00:00.000Z,1,58,20170114111
2017-01-14T12:00:00.000Z,1,50,20170114121
2017-01-14T13:00:00.000Z,1,43,20170114131
2017-01-14T14:00:00.000Z,1,42,20170114141
2017-01-14T15:00:00.000Z,1,41,20170114151
2017-01-14T16:00:00.000Z,1,43,20170114161
2017-01-14T17:00:00.000Z,1,45,20170114171
2017-01-14T18:00:00.000Z,1,51,20170114181
2017-01-14T19:00:00.000Z,1,53,20170114191
2017-01-14T20:00:00.000Z,1,54,20170114201
2017-01-14T21:00:00.000Z,1,52,20170114211
2017-01-14T22:00:00.000Z,1,54,20170114221
2017-01-14T23:00:00.000Z,1,54,20170114231
2017-01-15T00:00:00.000Z,1,50,20170115001
2017-01-15T01:00:00.000Z,1,37,20170115011
2017-01-15T02:00:00.000Z,1,31,20170115021
2017-01-15T03:00:00.000Z,1,30,20170115031
2017-01-15T04:00:00.000Z,1,29,20170115041
2017-01-15T05:00:00.000Z,1,24,20170115051
2017-01-15T06:00:00.000Z,1,24,20170115061
2017-01-15T07:00:00.000Z,1,29,20170115071
2017-01-15T08:00:00.000Z,1,30,20170115081
2017-01-15T09:00:00.000Z,1,36,20170115091
2017-01-15T10:00:00.000Z,1,41,20170115101
2017-01-15T11:00:00.000Z,1,45,20170115111
2017-01-15T12:00:00.000Z,1,42,20170115121
2017-01-15T13:00:00.000Z,1,41,20170115131
2017-01-15T14:00:00.000Z,1,37,20170115141
2017-01-15T15:00:00.000Z,1,43,20170115151
2017-01-15T16:00:00.000Z,1,41,20170115161
2017-01-15T17:00:00.000Z,1,39,20170115171
2017-01-15T18:00:00.000Z,1,55,20170115181
2017-01-15T19:00:00.000Z,1,65,20170115191
2017-01-15T20:00:00.000Z,1,76,20170115201
2017-01-15T21:00:00.000Z,1,63,20170115211
2017-01-15T22:00:00.000Z,1,61,20170115221
2017-01-15T23:00:00.000Z,1,58,20170115231
2017-01-16T00:00:00.000Z,1,48,20170116001
2017-01-16T01:00:00.000Z,1,39,20170116011
2017-01-16T02:00:00.000Z,1,37,20170116021
2017-01-16T03:00:00.000Z,1,36,20170116031
2017-01-16T04:00:00.000Z,1,33,20170116041
2017-01-16T05:00:00.000Z,1,32,20170116051
2017-01-16T06:00:00.000Z,1,31,20170116061
2017-01-16T07:00:00.000Z,1,41,20170116071
2017-01-16T08:00:00.000Z,1,42,20170116081
2017-01-16T09:00:00.000Z,1,53,20170116091
2017-01-16T10:00:00.000Z,1,72,20170116101
2017-01-16T11:00:00.000Z,1,91,20170116111
2017-01-16T12:00:00.000Z,1,120,20170116121
2017-01-16T13:00:00.000Z,1,84,20170116131
2017-01-16T14:00:00.000Z,1,97,20170116141
2017-01-16T15:00:00.000Z,1,96,20170116151
2017-01-16T16:00:00.000Z,1,85,20170116161
2017-01-16T17:00:00.000Z,1,88,20170116171
2017-01-16T18:00:00.000Z,1,90,20170116181
2017-01-16T19:00:00.000Z,1,96,20170116191
2017-01-16T20:00:00.000Z,1,89,20170116201
2017-01-16T21:00:00.000Z,1,88,20170116211
2017-01-16T22:00:00.000Z,1,87,20170116221
2017-01-16T23:00:00.000Z,1,74,20170116231
2017-01-17T00:00:00.000Z,1,68,20170117001
2017-01-17T01:00:00.000Z,1,58,20170117011
2017-01-17T02:00:00.000Z,1,53,20170117021
2017-01-17T03:00:00.000Z,1,45,20170117031
2017-01-17T04:00:00.000Z,1,42,20170117041
2017-01-17T05:00:00.000Z,1,36,20170117051
2017-01-17T06:00:00.000Z,1,43,20170117061
2017-01-17T07:00:00.000Z,1,50,20170117071
2017-01-17T08:00:00.000Z,1,55,20170117081
2017-01-17T09:00:00.000Z,1,63,20170117091
2017-01-17T10:00:00.000Z,1,84,20170117101
2017-01-17T11:00:00.000Z,1,85,20170117111
2017-01-17T12:00:00.000Z,1,89,20170117121
2017-01-17T13:00:00.000Z,1,75,20170117131
2017-01-17T14:00:00.000Z,1,89,20170117141
2017-01-17T15:00:00.000Z,1,86,20170117151
2017-01-17T16:00:00.000Z,1,82,20170117161
2017-01-17T17:00:00.000Z,1,79,20170117171
2017-01-17T18:00:00.000Z,1,77,20170117181
2017-01-17T19:00:00.000Z,1,84,20170117191
2017-01-17T20:00:00.000Z,1,86,20170117201
2017-01-17T21:00:00.000Z,1,87,20170117211
2017-01-17T22:00:00.000Z,1,82,20170117221
2017-01-17T23:00:00.000Z,1,79,20170117231
2017-01-18T00:00:00.000Z,1,76,20170118001
2017-01-18T01:00:00.000Z,1,58,20170118011
2017-01-18T02:00:00.000Z,1,57,20170118021
2017-01-18T03:00:00.000Z,1,53,20170118031
2017-01-18T04:00:00.000Z,1,47,20170118041
2017-01-18T05:00:00.000Z,1,43,20170118051
2017-01-18T06:00:00.000Z,1,44,20170118061
2017-01-18T07:00:00.000Z,1,48,20170118071
2017-01-18T08:00:00.000Z,1,57,20170118081
2017-01-18T09:00:00.000Z,1,62,20170118091
2017-01-18T10:00:00.000Z,1,72,20170118101
2017-01-18T11:00:00.000Z,1,87,20170118111
2017-01-18T12:00:00.000Z,1,83,20170118121
2017-01-18T13:00:00.000Z,1,74,20170118131
2017-01-18T14:00:00.000Z,1,89,20170118141
2017-01-18T15:00:00.000Z,1,83,20170118151
2017-01-18T16:00:00.000Z,1,81,20170118161
2017-01-18T17:00:00.000Z,1,75,20170118171
2017-01-18T18:00:00.000Z,1,78,20170118181
2017-01-18T19:00:00.000Z,1,83,20170118191
2017-01-18T20:00:00.000Z,1,82,20170118201
2017-01-18T21:00:00.000Z,1,82,20170118211
2017-01-18T22:00:00.000Z,1,77,20170118221
2017-01-18T23:00:00.000Z,1,75,20170118231
2017-01-19T00:00:00.000Z,1,69,20170119001
2017-01-19T01:00:00.000Z,1,57,20170119011
2017-01-19T02:00:00.000Z,1,51,20170119021
2017-01-19T03:00:00.000Z,1,49,20170119031
2017-01-19T04:00:00.000Z,1,41,20170119041
2017-01-19T05:00:00.000Z,1,41,20170119051
2017-01-19T06:00:00.000Z,1,40,20170119061
2017-01-19T07:00:00.000Z,1,42,20170119071
2017-01-19T08:00:00.000Z,1,51,20170119081
2017-01-19T09:00:00.000Z,1,58,20170119091
2017-01-19T10:00:00.000Z,1,71,20170119101
2017-01-19T11:00:00.000Z,1,89,20170119111
2017-01-19T12:00:00.000Z,1,91,20170119121
2017-01-19T13:00:00.000Z,1,79,20170119131
2017-01-19T14:00:00.000Z,1,88,20170119141
2017-01-19T15:00:00.000Z,1,88,20170119151
2017-01-19T16:00:00.000Z,1,75,20170119161
2017-01-19T17:00:00.000Z,1,72,20170119171
2017-01-19T18:00:00.000Z,1,84,20170119181
2017-01-19T19:00:00.000Z,1,87,20170119191
2017-01-19T20:00:00.000Z,1,82,20170119201
2017-01-19T21:00:00.000Z,1,79,20170119211
2017-01-19T22:00:00.000Z,1,82,20170119221
2017-01-19T23:00:00.000Z,1,78,20170119231
2017-01-20T00:00:00.000Z,1,70,20170120001
2017-01-20T01:00:00.000Z,1,62,20170120011
2017-01-20T02:00:00.000Z,1,54,20170120021
2017-01-20T03:00:00.000Z,1,49,20170120031
2017-01-20T04:00:00.000Z,1,45,20170120041
2017-01-20T05:00:00.000Z,1,42,20170120051
2017-01-20T06:00:00.000Z,1,39,20170120061
2017-01-20T07:00:00.000Z,1,45,20170120071
2017-01-20T08:00:00.000Z,1,50,20170120081
2017-01-20T09:00:00.000Z,1,54,20170120091
2017-01-20T10:00:00.000Z,1,65,20170120101
2017-01-20T11:00:00.000Z,1,70,20170120111
2017-01-20T12:00:00.000Z,1,80,20170120121
2017-01-20T13:00:00.000Z,1,71,20170120131
2017-01-20T14:00:00.000Z,1,75,20170120141
2017-01-20T15:00:00.000Z,1,78,20170120151
2017-01-20T16:00:00.000Z,1,71,20170120161
2017-01-20T17:00:00.000Z,1,66,20170120171
2017-01-20T18:00:00.000Z,1,72,20170120181
2017-01-20T19:00:00.000Z,1,75,20170120191
2017-01-20T20:00:00.000Z,1,72,20170120201
2017-01-20T21:00:00.000Z,1,75,20170120211
2017-01-20T22:00:00.000Z,1,70,20170120221
2017-01-20T23:00:00.000Z,1,65,20170120231
2017-01-21T00:00:00.000Z,1,60,20170121001
2017-01-21T01:00:00.000Z,1,48,20170121011
2017-01-21T02:00:00.000Z,1,41,20170121021
2017-01-21T03:00:00.000Z,1,38,20170121031
2017-01-21T04:00:00.000Z,1,36,20170121041
2017-01-21T05:00:00.000Z,1,31,20170121051
2017-01-21T06:00:00.000Z,1,31,20170121061
2017-01-21T07:00:00.000Z,1,32,20170121071
2017-01-21T08:00:00.000Z,1,47,20170121081
2017-01-21T09:00:00.000Z,1,56,20170121091
2017-01-21T10:00:00.000Z,1,58,20170121101
2017-01-21T11:00:00.000Z,1,64,20170121111
2017-01-21T12:00:00.000Z,1,60,20170121121
2017-01-21T13:00:00.000Z,1,51,20170121131
2017-01-21T14:00:00.000Z,1,51,20170121141
2017-01-21T15:00:00.000Z,1,49,20170121151
2017-01-21T16:00:00.000Z,1,50,20170121161
2017-01-21T17:00:00.000Z,1,53,20170121171
2017-01-21T18:00:00.000Z,1,54,20170121181
2017-01-21T19:00:00.000Z,1,62,20170121191
2017-01-21T20:00:00.000Z,1,58,20170121201
2017-01-21T21:00:00.000Z,1,54,20170121211
2017-01-21T22:00:00.000Z,1,58,20170121221
2017-01-21T23:00:00.000Z,1,59,20170121231
2017-01-22T00:00:00.000Z,1,50,20170122001
2017-01-22T01:00:00.000Z,1,44,20170122011
2017-01-22T02:00:00.000Z,1,40,20170122021
2017-01-22T03:00:00.000Z,1,36,20170122031
2017-01-22T04:00:00.000Z,1,30,20170122041
2017-01-22T05:00:00.000Z,1,27,20170122051
2017-01-22T06:00:00.000Z,1,28,20170122061
2017-01-22T07:00:00.000Z,1,30,20170122071
2017-01-22T08:00:00.000Z,1,34,20170122081
2017-01-22T09:00:00.000Z,1,45,20170122091
2017-01-22T10:00:00.000Z,1,45,20170122101
2017-01-22T11:00:00.000Z,1,55,20170122111
2017-01-22T12:00:00.000Z,1,51,20170122121
2017-01-22T13:00:00.000Z,1,47,20170122131
2017-01-22T14:00:00.000Z,1,48,20170122141
2017-01-22T15:00:00.000Z,1,49,20170122151
2017-01-22T16:00:00.000Z,1,48,20170122161
2017-01-22T17:00:00.000Z,1,47,20170122171
2017-01-22T18:00:00.000Z,1,51,20170122181
2017-01-22T19:00:00.000Z,1,57,20170122191
2017-01-22T20:00:00.000Z,1,60,20170122201
2017-01-22T21:00:00.000Z,1,55,20170122211
2017-01-22T22:00:00.000Z,1,64,20170122221
2017-01-22T23:00:00.000Z,1,64,20170122231
2017-01-23T00:00:00.000Z,1,57,20170123001
2017-01-23T01:00:00.000Z,1,50,20170123011
2017-01-23T02:00:00.000Z,1,41,20170123021
2017-01-23T03:00:00.000Z,1,41,20170123031
2017-01-23T04:00:00.000Z,1,36,20170123041
2017-01-23T05:00:00.000Z,1,36,20170123051
2017-01-23T06:00:00.000Z,1,42,20170123061
2017-01-23T07:00:00.000Z,1,41,20170123071
2017-01-23T08:00:00.000Z,1,50,20170123081
2017-01-23T09:00:00.000Z,1,59,20170123091
2017-01-23T10:00:00.000Z,1,83,20170123101
2017-01-23T11:00:00.000Z,1,93,20170123111
2017-01-23T12:00:00.000Z,1,84,20170123121
2017-01-23T13:00:00.000Z,1,83,20170123131
2017-01-23T14:00:00.000Z,1,93,20170123141
2017-01-23T15:00:00.000Z,1,92,20170123151
2017-01-23T16:00:00.000Z,1,85,20170123161
2017-01-23T17:00:00.000Z,1,78,20170123171
2017-01-23T18:00:00.000Z,1,85,20170123181
2017-01-23T19:00:00.000Z,1,93,20170123191
2017-01-23T20:00:00.000Z,1,94,20170123201
2017-01-23T21:00:00.000Z,1,92,20170123211
2017-01-23T22:00:00.000Z,1,88,20170123221
2017-01-23T23:00:00.000Z,1,79,20170123231
2017-01-24T00:00:00.000Z,1,69,20170124001
2017-01-24T01:00:00.000Z,1,60,20170124011
2017-01-24T02:00:00.000Z,1,56,20170124021
2017-01-24T03:00:00.000Z,1,49,20170124031
2017-01-24T04:00:00.000Z,1,45,20170124041
2017-01-24T05:00:00.000Z,1,37,20170124051
2017-01-24T06:00:00.000Z,1,39,20170124061
2017-01-24T07:00:00.000Z,1,48,20170124071
2017-01-24T08:00:00.000Z,1,52,20170124081
2017-01-24T09:00:00.000Z,1,64,20170124091
2017-01-24T10:00:00.000Z,1,75,20170124101
2017-01-24T11:00:00.000Z,1,77,20170124111
2017-01-24T12:00:00.000Z,1,86,20170124121
2017-01-24T13:00:00.000Z,1,77,20170124131
2017-01-24T14:00:00.000Z,1,83,20170124141
2017-01-24T15:00:00.000Z,1,84,20170124151
2017-01-24T16:00:00.000Z,1,80,20170124161
2017-01-24T17:00:00.000Z,1,78,20170124171
2017-01-24T18:00:00.000Z,1,81,20170124181
2017-01-24T19:00:00.000Z,1,84,20170124191
2017-01-24T20:00:00.000Z,1,82,20170124201
2017-01-24T21:00:00.000Z,1,84,20170124211
2017-01-24T22:00:00.000Z,1,79,20170124221
2017-01-24T23:00:00.000Z,1,76,20170124231
2017-01-25T00:00:00.000Z,1,67,20170125001
2017-01-25T01:00:00.000Z,1,56,20170125011
2017-01-25T02:00:00.000Z,1,52,20170125021
2017-01-25T03:00:00.000Z,1,52,20170125031
2017-01-25T04:00:00.000Z,1,40,20170125041
2017-01-25T05:00:00.000Z,1,35,20170125051
2017-01-25T06:00:00.000Z,1,39,20170125061
2017-01-25T07:00:00.000Z,1,40,20170125071
2017-01-25T08:00:00.000Z,1,48,20170125081
2017-01-25T09:00:00.000Z,1,56,20170125091
2017-01-25T10:00:00.000Z,1,67,20170125101
2017-01-25T11:00:00.000Z,1,75,20170125111
2017-01-25T12:00:00.000Z,1,76,20170125121
2017-01-25T13:00:00.000Z,1,67,20170125131
2017-01-25T14:00:00.000Z,1,79,20170125141
2017-01-25T15:00:00.000Z,1,76,20170125151
2017-01-25T16:00:00.000Z,1,75,20170125161
2017-01-25T17:00:00.000Z,1,65,20170125171
2017-01-25T18:00:00.000Z,1,85,20170125181
2017-01-25T19:00:00.000Z,1,82,20170125191
2017-01-25T20:00:00.000Z,1,82,20170125201
2017-01-25T21:00:00.000Z,1,82,20170125211
2017-01-25T22:00:00.000Z,1,75,20170125221
2017-01-25T23:00:00.000Z,1,67,20170125231
2017-01-26T00:00:00.000Z,1,66,20170126001
2017-01-26T01:00:00.000Z,1,61,20170126011
2017-01-26T02:00:00.000Z,1,53,20170126021
2017-01-26T03:00:00.000Z,1,52,20170126031
2017-01-26T04:00:00.000Z,1,42,20170126041
2017-01-26T05:00:00.000Z,1,37,20170126051
2017-01-26T06:00:00.000Z,1,37,20170126061
2017-01-26T07:00:00.000Z,1,36,20170126071
2017-01-26T08:00:00.000Z,1,37,20170126081
2017-01-26T09:00:00.000Z,1,45,20170126091
2017-01-26T10:00:00.000Z,1,48,20170126101
2017-01-26T11:00:00.000Z,1,48,20170126111
2017-01-26T12:00:00.000Z,1,57,20170126121
2017-01-26T13:00:00.000Z,1,53,20170126131
2017-01-26T14:00:00.000Z,1,61,20170126141
2017-01-26T15:00:00.000Z,1,56,20170126151
2017-01-26T16:00:00.000Z,1,55,20170126161
2017-01-26T17:00:00.000Z,1,62,20170126171
2017-01-26T18:00:00.000Z,1,70,20170126181
2017-01-26T19:00:00.000Z,1,83,20170126191
2017-01-26T20:00:00.000Z,1,77,20170126201
2017-01-26T21:00:00.000Z,1,88,20170126211
2017-01-26T22:00:00.000Z,1,80,20170126221
2017-01-26T23:00:00.000Z,1,70,20170126231
2017-01-27T00:00:00.000Z,1,66,20170127001
2017-01-27T01:00:00.000Z,1,57,20170127011
2017-01-27T02:00:00.000Z,1,52,20170127021
2017-01-27T03:00:00.000Z,1,49,20170127031
2017-01-27T04:00:00.000Z,1,45,20170127041
2017-01-27T05:00:00.000Z,1,38,20170127051
2017-01-27T06:00:00.000Z,1,39,20170127061
2017-01-27T07:00:00.000Z,1,37,20170127071
2017-01-27T08:00:00.000Z,1,41,20170127081
2017-01-27T09:00:00.000Z,1,54,20170127091
2017-01-27T10:00:00.000Z,1,65,20170127101
2017-01-27T11:00:00.000Z,1,64,20170127111
2017-01-27T12:00:00.000Z,1,66,20170127121
2017-01-27T13:00:00.000Z,1,62,20170127131
2017-01-27T14:00:00.000Z,1,70,20170127141
2017-01-27T15:00:00.000Z,1,77,20170127151
2017-01-27T16:00:00.000Z,1,67,20170127161
2017-01-27T17:00:00.000Z,1,66,20170127171
2017-01-27T18:00:00.000Z,1,76,20170127181
2017-01-27T19:00:00.000Z,1,77,20170127191
2017-01-27T20:00:00.000Z,1,76,20170127201
2017-01-27T21:00:00.000Z,1,72,20170127211
2017-01-27T22:00:00.000Z,1,63,20170127221
2017-01-27T23:00:00.000Z,1,66,20170127231
2017-01-28T00:00:00.000Z,1,57,20170128001
2017-01-28T01:00:00.000Z,1,57,20170128011
2017-01-28T02:00:00.000Z,1,46,20170128021
2017-01-28T03:00:00.000Z,1,38,20170128031
2017-01-28T04:00:00.000Z,1,31,20170128041
2017-01-28T05:00:00.000Z,1,29,20170128051
2017-01-28T06:00:00.000Z,1,27,20170128061
2017-01-28T07:00:00.000Z,1,30,20170128071
2017-01-28T08:00:00.000Z,1,31,20170128081
2017-01-28T09:00:00.000Z,1,35,20170128091
2017-01-28T10:00:00.000Z,1,42,20170128101
2017-01-28T11:00:00.000Z,1,43,20170128111
2017-01-28T12:00:00.000Z,1,45,20170128121
2017-01-28T13:00:00.000Z,1,41,20170128131
2017-01-28T14:00:00.000Z,1,44,20170128141
2017-01-28T15:00:00.000Z,1,38,20170128151
2017-01-28T16:00:00.000Z,1,44,20170128161
2017-01-28T17:00:00.000Z,1,49,20170128171
2017-01-28T18:00:00.000Z,1,55,20170128181
2017-01-28T19:00:00.000Z,1,64,20170128191
2017-01-28T20:00:00.000Z,1,82,20170128201
2017-01-28T21:00:00.000Z,1,70,20170128211
2017-01-28T22:00:00.000Z,1,68,20170128221
2017-01-28T23:00:00.000Z,1,61,20170128231
2017-01-29T00:00:00.000Z,1,57,20170129001
2017-01-29T01:00:00.000Z,1,45,20170129011
2017-01-29T02:00:00.000Z,1,38,20170129021
2017-01-29T03:00:00.000Z,1,34,20170129031
2017-01-29T04:00:00.000Z,1,29,20170129041
2017-01-29T05:00:00.000Z,1,29,20170129051
2017-01-29T06:00:00.000Z,1,29,20170129061
2017-01-29T07:00:00.000Z,1,28,20170129071
2017-01-29T08:00:00.000Z,1,36,20170129081
2017-01-29T09:00:00.000Z,1,43,20170129091
2017-01-29T10:00:00.000Z,1,44,20170129101
2017-01-29T11:00:00.000Z,1,44,20170129111
2017-01-29T12:00:00.000Z,1,50,20170129121
2017-01-29T13:00:00.000Z,1,39,20170129131
2017-01-29T14:00:00.000Z,1,42,20170129141
2017-01-29T15:00:00.000Z,1,44,20170129151
2017-01-29T16:00:00.000Z,1,41,20170129161
2017-01-29T17:00:00.000Z,1,43,20170129171
2017-01-29T18:00:00.000Z,1,56,20170129181
2017-01-29T19:00:00.000Z,1,58,20170129191
2017-01-29T20:00:00.000Z,1,61,20170129201
2017-01-29T21:00:00.000Z,1,63,20170129211
2017-01-29T22:00:00.000Z,1,54,20170129221
2017-01-29T23:00:00.000Z,1,57,20170129231
2017-01-30T00:00:00.000Z,1,53,20170130001
2017-01-30T01:00:00.000Z,1,49,20170130011
2017-01-30T02:00:00.000Z,1,45,20170130021
2017-01-30T03:00:00.000Z,1,50,20170130031
2017-01-30T04:00:00.000Z,1,48,20170130041
2017-01-30T05:00:00.000Z,1,47,20170130051
2017-01-30T06:00:00.000Z,1,49,20170130061
2017-01-30T07:00:00.000Z,1,51,20170130071
2017-01-30T08:00:00.000Z,1,59,20170130081
2017-01-30T09:00:00.000Z,1,72,20170130091
2017-01-30T10:00:00.000Z,1,83,20170130101
2017-01-30T11:00:00.000Z,1,88,20170130111
2017-01-30T12:00:00.000Z,1,90,20170130121
2017-01-30T13:00:00.000Z,1,79,20170130131
2017-01-30T14:00:00.000Z,1,87,20170130141
2017-01-30T15:00:00.000Z,1,95,20170130151
2017-01-30T16:00:00.000Z,1,88,20170130161
2017-01-30T17:00:00.000Z,1,85,20170130171
2017-01-30T18:00:00.000Z,1,91,20170130181
2017-01-30T19:00:00.000Z,1,97,20170130191
2017-01-30T20:00:00.000Z,1,112,20170130201
2017-01-30T21:00:00.000Z,1,93,20170130211
2017-01-30T22:00:00.000Z,1,93,20170130221
2017-01-30T23:00:00.000Z,1,81,20170130231
2017-01-31T00:00:00.000Z,1,71,20170131001
2017-01-31T01:00:00.000Z,1,67,20170131011
2017-01-31T02:00:00.000Z,1,59,20170131021
2017-01-31T03:00:00.000Z,1,56,20170131031
2017-01-31T04:00:00.000Z,1,48,20170131041
2017-01-31T05:00:00.000Z,1,41,20170131051
2017-01-31T06:00:00.000Z,1,47,20170131061
2017-01-31T07:00:00.000Z,1,48,20170131071
2017-01-31T08:00:00.000Z,1,53,20170131081
2017-01-31T09:00:00.000Z,1,62,20170131091
2017-01-31T10:00:00.000Z,1,90,20170131101
2017-01-31T11:00:00.000Z,1,98,20170131111
2017-01-31T12:00:00.000Z,1,93,20170131121
2017-01-31T13:00:00.000Z,1,83,20170131131
2017-01-31T14:00:00.000Z,1,94,20170131141
2017-01-31T15:00:00.000Z,1,87,20170131151
2017-01-31T16:00:00.000Z,1,84,20170131161
2017-01-31T17:00:00.000Z,1,79,20170131171
2017-01-31T18:00:00.000Z,1,85,20170131181
2017-01-31T19:00:00.000Z,1,89,20170131191
2017-01-31T20:00:00.000Z,1,92,20170131201
2017-01-31T21:00:00.000Z,1,89,20170131211
2017-01-31T22:00:00.000Z,1,84,20170131221
2017-01-31T23:00:00.000Z,1,75,20170131231
2017-02-01T00:00:00.000Z,1,69,20170201001
2017-02-01T01:00:00.000Z,1,60,20170201011
2017-02-01T02:00:00.000Z,1,57,20170201021
2017-02-01T03:00:00.000Z,1,48,20170201031
2017-02-01T04:00:00.000Z,1,45,20170201041
2017-02-01T05:00:00.000Z,1,36,20170201051
2017-02-01T06:00:00.000Z,1,39,20170201061
2017-02-01T07:00:00.000Z,1,40,20170201071
2017-02-01T08:00:00.000Z,1,48,20170201081
2017-02-01T09:00:00.000Z,1,61,20170201091
2017-02-01T10:00:00.000Z,1,71,20170201101
2017-02-01T11:00:00.000Z,1,72,20170201111
2017-02-01T12:00:00.000Z,1,76,20170201121
2017-02-01T13:00:00.000Z,1,69,20170201131
2017-02-01T14:00:00.000Z,1,77,20170201141
2017-02-01T15:00:00.000Z,1,76,20170201151
2017-02-01T16:00:00.000Z,1,76,20170201161
2017-02-01T17:00:00.000Z,1,76,20170201171
2017-02-01T18:00:00.000Z,1,78,20170201181
2017-02-01T19:00:00.000Z,1,83,20170201191
2017-02-01T20:00:00.000Z,1,85,20170201201
2017-02-01T21:00:00.000Z,1,100,20170201211
2017-02-01T22:00:00.000Z,1,91,20170201221
2017-02-01T23:00:00.000Z,1,82,20170201231
2017-02-02T00:00:00.000Z,1,74,20170202001
2017-02-02T01:00:00.000Z,1,64,20170202011
2017-02-02T02:00:00.000Z,1,59,20170202021
2017-02-02T03:00:00.000Z,1,48,20170202031
2017-02-02T04:00:00.000Z,1,44,20170202041
2017-02-02T05:00:00.000Z,1,43,20170202051
2017-02-02T06:00:00.000Z,1,43,20170202061
2017-02-02T07:00:00.000Z,1,51,20170202071
2017-02-02T08:00:00.000Z,1,53,20170202081
2017-02-02T09:00:00.000Z,1,59,20170202091
2017-02-02T10:00:00.000Z,1,74,20170202101
2017-02-02T11:00:00.000Z,1,100,20170202111
2017-02-02T12:00:00.000Z,1,103,20170202121
2017-02-02T13:00:00.000Z,1,88,20170202131
2017-02-02T14:00:00.000Z,1,89,20170202141
2017-02-02T15:00:00.000Z,1,90,20170202151
2017-02-02T16:00:00.000Z,1,84,20170202161
2017-02-02T17:00:00.000Z,1,85,20170202171
2017-02-02T18:00:00.000Z,1,94,20170202181
2017-02-02T19:00:00.000Z,1,93,20170202191
2017-02-02T20:00:00.000Z,1,91,20170202201
2017-02-02T21:00:00.000Z,1,88,20170202211
2017-02-02T22:00:00.000Z,1,90,20170202221
2017-02-02T23:00:00.000Z,1,83,20170202231
2017-02-03T00:00:00.000Z,1,73,20170203001
2017-02-03T01:00:00.000Z,1,61,20170203011
2017-02-03T02:00:00.000Z,1,56,20170203021
2017-02-03T03:00:00.000Z,1,50,20170203031
2017-02-03T04:00:00.000Z,1,45,20170203041
2017-02-03T05:00:00.000Z,1,38,20170203051
2017-02-03T06:00:00.000Z,1,39,20170203061
2017-02-03T07:00:00.000Z,1,43,20170203071
2017-02-03T08:00:00.000Z,1,55,20170203081
2017-02-03T09:00:00.000Z,1,64,20170203091
2017-02-03T10:00:00.000Z,1,74,20170203101
2017-02-03T11:00:00.000Z,1,77,20170203111
2017-02-03T12:00:00.000Z,1,79,20170203121
2017-02-03T13:00:00.000Z,1,70,20170203131
2017-02-03T14:00:00.000Z,1,75,20170203141
2017-02-03T15:00:00.000Z,1,77,20170203151
2017-02-03T16:00:00.000Z,1,73,20170203161
2017-02-03T17:00:00.000Z,1,71,20170203171
2017-02-03T18:00:00.000Z,1,72,20170203181
2017-02-03T19:00:00.000Z,1,79,20170203191
2017-02-03T20:00:00.000Z,1,77,20170203201
2017-02-03T21:00:00.000Z,1,77,20170203211
2017-02-03T22:00:00.000Z,1,74,20170203221
2017-02-03T23:00:00.000Z,1,73,20170203231
2017-02-04T00:00:00.000Z,1,64,20170204001
2017-02-04T01:00:00.000Z,1,55,20170204011
2017-02-04T02:00:00.000Z,1,51,20170204021
2017-02-04T03:00:00.000Z,1,41,20170204031
2017-02-04T04:00:00.000Z,1,35,20170204041
2017-02-04T05:00:00.000Z,1,32,20170204051
2017-02-04T06:00:00.000Z,1,33,20170204061
2017-02-04T07:00:00.000Z,1,35,20170204071
2017-02-04T08:00:00.000Z,1,39,20170204081
2017-02-04T09:00:00.000Z,1,43,20170204091
2017-02-04T10:00:00.000Z,1,47,20170204101
2017-02-04T11:00:00.000Z,1,51,20170204111
2017-02-04T12:00:00.000Z,1,52,20170204121
2017-02-04T13:00:00.000Z,1,48,20170204131
2017-02-04T14:00:00.000Z,1,44,20170204141
2017-02-04T15:00:00.000Z,1,44,20170204151
2017-02-04T16:00:00.000Z,1,51,20170204161
2017-02-04T17:00:00.000Z,1,47,20170204171
2017-02-04T18:00:00.000Z,1,50,20170204181
2017-02-04T19:00:00.000Z,1,59,20170204191
2017-02-04T20:00:00.000Z,1,62,20170204201
2017-02-04T21:00:00.000Z,1,64,20170204211
2017-02-04T22:00:00.000Z,1,62,20170204221
2017-02-04T23:00:00.000Z,1,59,20170204231
2017-02-05T00:00:00.000Z,1,50,20170205001
2017-02-05T01:00:00.000Z,1,41,20170205011
2017-02-05T02:00:00.000Z,1,35,20170205021
2017-02-05T03:00:00.000Z,1,33,20170205031
2017-02-05T04:00:00.000Z,1,33,20170205041
2017-02-05T05:00:00.000Z,1,31,20170205051
2017-02-05T06:00:00.000Z,1,29,20170205061
2017-02-05T07:00:00.000Z,1,33,20170205071
2017-02-05T08:00:00.000Z,1,34,20170205081
2017-02-05T09:00:00.000Z,1,44,20170205091
2017-02-05T10:00:00.000Z,1,45,20170205101
2017-02-05T11:00:00.000Z,1,43,20170205111
2017-02-05T12:00:00.000Z,1,44,20170205121
2017-02-05T13:00:00.000Z,1,46,20170205131
2017-02-05T14:00:00.000Z,1,43,20170205141
2017-02-05T15:00:00.000Z,1,46,20170205151
2017-02-05T16:00:00.000Z,1,44,20170205161
2017-02-05T17:00:00.000Z,1,44,20170205171
2017-02-05T18:00:00.000Z,1,53,20170205181
2017-02-05T19:00:00.000Z,1,58,20170205191
2017-02-05T20:00:00.000Z,1,56,20170205201
2017-02-05T21:00:00.000Z,1,63,20170205211
2017-02-05T22:00:00.000Z,1,59,20170205221
2017-02-05T23:00:00.000Z,1,61,20170205231
2017-02-06T00:00:00.000Z,1,52,20170206001
2017-02-06T01:00:00.000Z,1,43,20170206011
2017-02-06T02:00:00.000Z,1,41,20170206021
2017-02-06T03:00:00.000Z,1,41,20170206031
2017-02-06T04:00:00.000Z,1,33,20170206041
2017-02-06T05:00:00.000Z,1,33,20170206051
2017-02-06T06:00:00.000Z,1,33,20170206061
2017-02-06T07:00:00.000Z,1,44,20170206071
2017-02-06T08:00:00.000Z,1,45,20170206081
2017-02-06T09:00:00.000Z,1,56,20170206091
2017-02-06T10:00:00.000Z,1,89,20170206101
2017-02-06T11:00:00.000Z,1,93,20170206111
2017-02-06T12:00:00.000Z,1,95,20170206121
2017-02-06T13:00:00.000Z,1,82,20170206131
2017-02-06T14:00:00.000Z,1,95,20170206141
2017-02-06T15:00:00.000Z,1,93,20170206151
2017-02-06T16:00:00.000Z,1,89,20170206161
2017-02-06T17:00:00.000Z,1,82,20170206171
2017-02-06T18:00:00.000Z,1,89,20170206181
2017-02-06T19:00:00.000Z,1,93,20170206191
2017-02-06T20:00:00.000Z,1,97,20170206201
2017-02-06T21:00:00.000Z,1,91,20170206211
2017-02-06T22:00:00.000Z,1,89,20170206221
2017-02-06T23:00:00.000Z,1,81,20170206231
2017-02-07T00:00:00.000Z,1,72,20170207001
2017-02-07T01:00:00.000Z,1,64,20170207011
2017-02-07T02:00:00.000Z,1,56,20170207021
2017-02-07T03:00:00.000Z,1,52,20170207031
2017-02-07T04:00:00.000Z,1,45,20170207041
2017-02-07T05:00:00.000Z,1,39,20170207051
2017-02-07T06:00:00.000Z,1,44,20170207061
2017-02-07T07:00:00.000Z,1,48,20170207071
2017-02-07T08:00:00.000Z,1,55,20170207081
2017-02-07T09:00:00.000Z,1,60,20170207091
2017-02-07T10:00:00.000Z,1,73,20170207101
2017-02-07T11:00:00.000Z,1,84,20170207111
2017-02-07T12:00:00.000Z,1,79,20170207121
2017-02-07T13:00:00.000Z,1,72,20170207131
2017-02-07T14:00:00.000Z,1,88,20170207141
2017-02-07T15:00:00.000Z,1,89,20170207151
2017-02-07T16:00:00.000Z,1,79,20170207161
2017-02-07T17:00:00.000Z,1,77,20170207171
2017-02-07T18:00:00.000Z,1,83,20170207181
2017-02-07T19:00:00.000Z,1,90,20170207191
2017-02-07T20:00:00.000Z,1,84,20170207201
2017-02-07T21:00:00.000Z,1,79,20170207211
2017-02-07T22:00:00.000Z,1,78,20170207221
2017-02-07T23:00:00.000Z,1,71,20170207231
2017-02-08T00:00:00.000Z,1,70,20170208001
2017-02-08T01:00:00.000Z,1,58,20170208011
2017-02-08T02:00:00.000Z,1,50,20170208021
2017-02-08T03:00:00.000Z,1,49,20170208031
2017-02-08T04:00:00.000Z,1,44,20170208041
2017-02-08T05:00:00.000Z,1,34,20170208051
2017-02-08T06:00:00.000Z,1,39,20170208061
2017-02-08T07:00:00.000Z,1,47,20170208071
2017-02-08T08:00:00.000Z,1,51,20170208081
2017-02-08T09:00:00.000Z,1,59,20170208091
2017-02-08T10:00:00.000Z,1,77,20170208101
2017-02-08T11:00:00.000Z,1,81,20170208111
2017-02-08T12:00:00.000Z,1,78,20170208121
2017-02-08T13:00:00.000Z,1,77,20170208131
2017-02-08T14:00:00.000Z,1,84,20170208141
2017-02-08T15:00:00.000Z,1,80,20170208151
2017-02-08T16:00:00.000Z,1,78,20170208161
2017-02-08T17:00:00.000Z,1,72,20170208171
2017-02-08T18:00:00.000Z,1,77,20170208181
2017-02-08T19:00:00.000Z,1,80,20170208191
2017-02-08T20:00:00.000Z,1,83,20170208201
2017-02-08T21:00:00.000Z,1,82,20170208211
2017-02-08T22:00:00.000Z,1,81,20170208221
2017-02-08T23:00:00.000Z,1,74,20170208231
2017-02-09T00:00:00.000Z,1,63,20170209001
2017-02-09T01:00:00.000Z,1,57,20170209011
2017-02-09T02:00:00.000Z,1,53,20170209021
2017-02-09T03:00:00.000Z,1,49,20170209031
2017-02-09T04:00:00.000Z,1,40,20170209041
2017-02-09T05:00:00.000Z,1,35,20170209051
2017-02-09T06:00:00.000Z,1,40,20170209061
2017-02-09T07:00:00.000Z,1,45,20170209071
2017-02-09T08:00:00.000Z,1,50,20170209081
2017-02-09T09:00:00.000Z,1,57,20170209091
2017-02-09T10:00:00.000Z,1,76,20170209101
2017-02-09T11:00:00.000Z,1,105,20170209111
2017-02-09T12:00:00.000Z,1,93,20170209121
2017-02-09T13:00:00.000Z,1,81,20170209131
2017-02-09T14:00:00.000Z,1,90,20170209141
2017-02-09T15:00:00.000Z,1,86,20170209151
2017-02-09T16:00:00.000Z,1,81,20170209161
2017-02-09T17:00:00.000Z,1,77,20170209171
2017-02-09T18:00:00.000Z,1,87,20170209181
2017-02-09T19:00:00.000Z,1,95,20170209191
2017-02-09T20:00:00.000Z,1,94,20170209201
2017-02-09T21:00:00.000Z,1,92,20170209211
2017-02-09T22:00:00.000Z,1,88,20170209221
2017-02-09T23:00:00.000Z,1,74,20170209231
2017-02-10T00:00:00.000Z,1,74,20170210001
2017-02-10T01:00:00.000Z,1,63,20170210011
2017-02-10T02:00:00.000Z,1,53,20170210021
2017-02-10T03:00:00.000Z,1,50,20170210031
2017-02-10T04:00:00.000Z,1,44,20170210041
2017-02-10T05:00:00.000Z,1,40,20170210051
2017-02-10T06:00:00.000Z,1,44,20170210061
2017-02-10T07:00:00.000Z,1,46,20170210071
2017-02-10T08:00:00.000Z,1,51,20170210081
2017-02-10T09:00:00.000Z,1,64,20170210091
2017-02-10T10:00:00.000Z,1,76,20170210101
2017-02-10T11:00:00.000Z,1,85,20170210111
2017-02-10T12:00:00.000Z,1,80,20170210121
2017-02-10T13:00:00.000Z,1,71,20170210131
2017-02-10T14:00:00.000Z,1,79,20170210141
2017-02-10T15:00:00.000Z,1,79,20170210151
2017-02-10T16:00:00.000Z,1,73,20170210161
2017-02-10T17:00:00.000Z,1,68,20170210171
2017-02-10T18:00:00.000Z,1,68,20170210181
2017-02-10T19:00:00.000Z,1,77,20170210191
2017-02-10T20:00:00.000Z,1,78,20170210201
2017-02-10T21:00:00.000Z,1,81,20170210211
2017-02-10T22:00:00.000Z,1,80,20170210221
2017-02-10T23:00:00.000Z,1,70,20170210231
2017-02-11T00:00:00.000Z,1,64,20170211001
2017-02-11T01:00:00.000Z,1,56,20170211011
2017-02-11T02:00:00.000Z,1,47,20170211021
2017-02-11T03:00:00.000Z,1,42,20170211031
2017-02-11T04:00:00.000Z,1,35,20170211041
2017-02-11T05:00:00.000Z,1,31,20170211051
2017-02-11T06:00:00.000Z,1,29,20170211061
2017-02-11T07:00:00.000Z,1,32,20170211071
2017-02-11T08:00:00.000Z,1,30,20170211081
2017-02-11T09:00:00.000Z,1,41,20170211091
2017-02-11T10:00:00.000Z,1,44,20170211101
2017-02-11T11:00:00.000Z,1,46,20170211111
2017-02-11T12:00:00.000Z,1,44,20170211121
2017-02-11T13:00:00.000Z,1,41,20170211131
2017-02-11T14:00:00.000Z,1,40,20170211141
2017-02-11T15:00:00.000Z,1,45,20170211151
2017-02-11T16:00:00.000Z,1,41,20170211161
2017-02-11T17:00:00.000Z,1,43,20170211171
2017-02-11T18:00:00.000Z,1,45,20170211181
2017-02-11T19:00:00.000Z,1,54,20170211191
2017-02-11T20:00:00.000Z,1,56,20170211201
2017-02-11T21:00:00.000Z,1,57,20170211211
2017-02-11T22:00:00.000Z,1,56,20170211221
2017-02-11T23:00:00.000Z,1,52,20170211231
2017-02-12T00:00:00.000Z,1,43,20170212001
2017-02-12T01:00:00.000Z,1,37,20170212011
2017-02-12T02:00:00.000Z,1,37,20170212021
2017-02-12T03:00:00.000Z,1,32,20170212031
2017-02-12T04:00:00.000Z,1,31,20170212041
2017-02-12T05:00:00.000Z,1,26,20170212051
2017-02-12T06:00:00.000Z,1,26,20170212061
2017-02-12T07:00:00.000Z,1,27,20170212071
2017-02-12T08:00:00.000Z,1,31,20170212081
2017-02-12T09:00:00.000Z,1,40,20170212091
2017-02-12T10:00:00.000Z,1,41,20170212101
2017-02-12T11:00:00.000Z,1,48,20170212111
2017-02-12T12:00:00.000Z,1,44,20170212121
2017-02-12T13:00:00.000Z,1,41,20170212131
2017-02-12T14:00:00.000Z,1,42,20170212141
2017-02-12T15:00:00.000Z,1,44,20170212151
2017-02-12T16:00:00.000Z,1,44,20170212161
2017-02-12T17:00:00.000Z,1,47,20170212171
2017-02-12T18:00:00.000Z,1,50,20170212181
2017-02-12T19:00:00.000Z,1,57,20170212191
2017-02-12T20:00:00.000Z,1,55,20170212201
2017-02-12T21:00:00.000Z,1,59,20170212211
2017-02-12T22:00:00.000Z,1,62,20170212221
2017-02-12T23:00:00.000Z,1,58,20170212231
2017-02-13T00:00:00.000Z,1,51,20170213001
2017-02-13T01:00:00.000Z,1,47,20170213011
2017-02-13T02:00:00.000Z,1,41,20170213021
2017-02-13T03:00:00.000Z,1,40,20170213031
2017-02-13T04:00:00.000Z,1,37,20170213041
2017-02-13T05:00:00.000Z,1,37,20170213051
2017-02-13T06:00:00.000Z,1,40,20170213061
2017-02-13T07:00:00.000Z,1,47,20170213071
2017-02-13T08:00:00.000Z,1,46,20170213081
2017-02-13T09:00:00.000Z,1,57,20170213091
2017-02-13T10:00:00.000Z,1,85,20170213101
2017-02-13T11:00:00.000Z,1,96,20170213111
2017-02-13T12:00:00.000Z,1,88,20170213121
2017-02-13T13:00:00.000Z,1,80,20170213131
2017-02-13T14:00:00.000Z,1,143,20170213141
2017-02-13T15:00:00.000Z,1,134,20170213151
2017-02-13T16:00:00.000Z,1,134,20170213161
2017-02-13T17:00:00.000Z,1,135,20170213171
2017-02-13T18:00:00.000Z,1,141,20170213181
2017-02-13T19:00:00.000Z,1,156,20170213191
2017-02-13T20:00:00.000Z,1,110,20170213201
2017-02-13T21:00:00.000Z,1,96,20170213211
2017-02-13T22:00:00.000Z,1,85,20170213221
2017-02-13T23:00:00.000Z,1,76,20170213231
2017-02-14T00:00:00.000Z,1,67,20170214001
2017-02-14T01:00:00.000Z,1,59,20170214011
2017-02-14T02:00:00.000Z,1,53,20170214021
2017-02-14T03:00:00.000Z,1,48,20170214031
2017-02-14T04:00:00.000Z,1,41,20170214041
2017-02-14T05:00:00.000Z,1,39,20170214051
2017-02-14T06:00:00.000Z,1,35,20170214061
2017-02-14T07:00:00.000Z,1,44,20170214071
2017-02-14T08:00:00.000Z,1,46,20170214081
2017-02-14T09:00:00.000Z,1,55,20170214091
2017-02-14T10:00:00.000Z,1,71,20170214101
2017-02-14T11:00:00.000Z,1,76,20170214111
2017-02-14T12:00:00.000Z,1,76,20170214121
2017-02-14T13:00:00.000Z,1,67,20170214131
2017-02-14T14:00:00.000Z,1,80,20170214141
2017-02-14T15:00:00.000Z,1,79,20170214151
2017-02-14T16:00:00.000Z,1,75,20170214161
2017-02-14T17:00:00.000Z,1,77,20170214171
2017-02-14T18:00:00.000Z,1,73,20170214181
2017-02-14T19:00:00.000Z,1,80,20170214191
2017-02-14T20:00:00.000Z,1,79,20170214201
2017-02-14T21:00:00.000Z,1,73,20170214211
2017-02-14T22:00:00.000Z,1,76,20170214221
2017-02-14T23:00:00.000Z,1,65,20170214231
2017-02-15T00:00:00.000Z,1,68,20170215001
2017-02-15T01:00:00.000Z,1,56,20170215011
2017-02-15T02:00:00.000Z,1,50,20170215021
2017-02-15T03:00:00.000Z,1,47,20170215031
2017-02-15T04:00:00.000Z,1,37,20170215041
2017-02-15T05:00:00.000Z,1,35,20170215051
2017-02-15T06:00:00.000Z,1,34,20170215061
2017-02-15T07:00:00.000Z,1,42,20170215071
2017-02-15T08:00:00.000Z,1,45,20170215081
2017-02-15T09:00:00.000Z,1,54,20170215091
2017-02-15T10:00:00.000Z,1,82,20170215101
2017-02-15T11:00:00.000Z,1,85,20170215111
2017-02-15T12:00:00.000Z,1,86,20170215121
2017-02-15T13:00:00.000Z,1,75,20170215131
2017-02-15T14:00:00.000Z,1,82,20170215141
2017-02-15T15:00:00.000Z,1,85,20170215151
2017-02-15T16:00:00.000Z,1,77,20170215161
2017-02-15T17:00:00.000Z,1,73,20170215171
2017-02-15T18:00:00.000Z,1,79,20170215181
2017-02-15T19:00:00.000Z,1,82,20170215191
2017-02-15T20:00:00.000Z,1,83,20170215201
2017-02-15T21:00:00.000Z,1,83,20170215211
2017-02-15T22:00:00.000Z,1,82,20170215221
2017-02-15T23:00:00.000Z,1,73,20170215231
2017-02-16T00:00:00.000Z,1,69,20170216001
2017-02-16T01:00:00.000Z,1,55,20170216011
2017-02-16T02:00:00.000Z,1,53,20170216021
2017-02-16T03:00:00.000Z,1,47,20170216031
2017-02-16T04:00:00.000Z,1,38,20170216041
2017-02-16T05:00:00.000Z,1,39,20170216051
2017-02-16T06:00:00.000Z,1,42,20170216061
2017-02-16T07:00:00.000Z,1,46,20170216071
2017-02-16T08:00:00.000Z,1,48,20170216081
2017-02-16T09:00:00.000Z,1,57,20170216091
2017-02-16T10:00:00.000Z,1,67,20170216101
2017-02-16T11:00:00.000Z,1,81,20170216111
2017-02-16T12:00:00.000Z,1,76,20170216121
2017-02-16T13:00:00.000Z,1,70,20170216131
2017-02-16T14:00:00.000Z,1,79,20170216141
2017-02-16T15:00:00.000Z,1,80,20170216151
2017-02-16T16:00:00.000Z,1,74,20170216161
2017-02-16T17:00:00.000Z,1,69,20170216171
2017-02-16T18:00:00.000Z,1,68,20170216181
2017-02-16T19:00:00.000Z,1,81,20170216191
2017-02-16T20:00:00.000Z,1,84,20170216201
2017-02-16T21:00:00.000Z,1,86,20170216211
2017-02-16T22:00:00.000Z,1,79,20170216221
2017-02-16T23:00:00.000Z,1,73,20170216231
2017-02-17T00:00:00.000Z,1,67,20170217001
2017-02-17T01:00:00.000Z,1,56,20170217011
2017-02-17T02:00:00.000Z,1,51,20170217021
2017-02-17T03:00:00.000Z,1,47,20170217031
2017-02-17T04:00:00.000Z,1,41,20170217041
2017-02-17T05:00:00.000Z,1,32,20170217051
2017-02-17T06:00:00.000Z,1,37,20170217061
2017-02-17T07:00:00.000Z,1,46,20170217071
2017-02-17T08:00:00.000Z,1,42,20170217081
2017-02-17T09:00:00.000Z,1,50,20170217091
2017-02-17T10:00:00.000Z,1,62,20170217101
2017-02-17T11:00:00.000Z,1,72,20170217111
2017-02-17T12:00:00.000Z,1,80,20170217121
2017-02-17T13:00:00.000Z,1,71,20170217131
2017-02-17T14:00:00.000Z,1,72,20170217141
2017-02-17T15:00:00.000Z,1,71,20170217151
2017-02-17T16:00:00.000Z,1,67,20170217161
2017-02-17T17:00:00.000Z,1,67,20170217171
2017-02-17T18:00:00.000Z,1,76,20170217181
2017-02-17T19:00:00.000Z,1,79,20170217191
2017-02-17T20:00:00.000Z,1,82,20170217201
2017-02-17T21:00:00.000Z,1,79,20170217211
2017-02-17T22:00:00.000Z,1,67,20170217221
2017-02-17T23:00:00.000Z,1,67,20170217231
2017-02-18T00:00:00.000Z,1,60,20170218001
2017-02-18T01:00:00.000Z,1,54,20170218011
2017-02-18T02:00:00.000Z,1,47,20170218021
2017-02-18T03:00:00.000Z,1,42,20170218031
2017-02-18T04:00:00.000Z,1,35,20170218041
2017-02-18T05:00:00.000Z,1,33,20170218051
2017-02-18T06:00:00.000Z,1,33,20170218061
2017-02-18T07:00:00.000Z,1,33,20170218071
2017-02-18T08:00:00.000Z,1,42,20170218081
2017-02-18T09:00:00.000Z,1,41,20170218091
2017-02-18T10:00:00.000Z,1,69,20170218101
2017-02-18T11:00:00.000Z,1,64,20170218111
2017-02-18T12:00:00.000Z,1,57,20170218121
2017-02-18T13:00:00.000Z,1,55,20170218131
2017-02-18T14:00:00.000Z,1,53,20170218141
2017-02-18T15:00:00.000Z,1,53,20170218151
2017-02-18T16:00:00.000Z,1,49,20170218161
2017-02-18T17:00:00.000Z,1,54,20170218171
2017-02-18T18:00:00.000Z,1,55,20170218181
2017-02-18T19:00:00.000Z,1,59,20170218191
2017-02-18T20:00:00.000Z,1,63,20170218201
2017-02-18T21:00:00.000Z,1,59,20170218211
2017-02-18T22:00:00.000Z,1,57,20170218221
2017-02-18T23:00:00.000Z,1,59,20170218231
2017-02-19T00:00:00.000Z,1,55,20170219001
2017-02-19T01:00:00.000Z,1,44,20170219011
2017-02-19T02:00:00.000Z,1,36,20170219021
2017-02-19T03:00:00.000Z,1,37,20170219031
2017-02-19T04:00:00.000Z,1,31,20170219041
2017-02-19T05:00:00.000Z,1,29,20170219051
2017-02-19T06:00:00.000Z,1,31,20170219061
2017-02-19T07:00:00.000Z,1,31,20170219071
2017-02-19T08:00:00.000Z,1,35,20170219081
2017-02-19T09:00:00.000Z,1,45,20170219091
2017-02-19T10:00:00.000Z,1,52,20170219101
2017-02-19T11:00:00.000Z,1,46,20170219111
2017-02-19T12:00:00.000Z,1,49,20170219121
2017-02-19T13:00:00.000Z,1,49,20170219131
2017-02-19T14:00:00.000Z,1,44,20170219141
2017-02-19T15:00:00.000Z,1,45,20170219151
2017-02-19T16:00:00.000Z,1,46,20170219161
2017-02-19T17:00:00.000Z,1,50,20170219171
2017-02-19T18:00:00.000Z,1,52,20170219181
2017-02-19T19:00:00.000Z,1,61,20170219191
2017-02-19T20:00:00.000Z,1,57,20170219201
2017-02-19T21:00:00.000Z,1,61,20170219211
2017-02-19T22:00:00.000Z,1,62,20170219221
2017-02-19T23:00:00.000Z,1,59,20170219231
2017-02-20T00:00:00.000Z,1,50,20170220001
2017-02-20T01:00:00.000Z,1,42,20170220011
2017-02-20T02:00:00.000Z,1,46,20170220021
2017-02-20T03:00:00.000Z,1,39,20170220031
2017-02-20T04:00:00.000Z,1,35,20170220041
2017-02-20T05:00:00.000Z,1,36,20170220051
2017-02-20T06:00:00.000Z,1,41,20170220061
2017-02-20T07:00:00.000Z,1,47,20170220071
2017-02-20T08:00:00.000Z,1,46,20170220081
2017-02-20T09:00:00.000Z,1,61,20170220091
2017-02-20T10:00:00.000Z,1,72,20170220101
2017-02-20T11:00:00.000Z,1,84,20170220111
2017-02-20T12:00:00.000Z,1,102,20170220121
2017-02-20T13:00:00.000Z,1,88,20170220131
2017-02-20T14:00:00.000Z,1,99,20170220141
2017-02-20T15:00:00.000Z,1,103,20170220151
2017-02-20T16:00:00.000Z,1,89,20170220161
2017-02-20T17:00:00.000Z,1,86,20170220171
2017-02-20T18:00:00.000Z,1,90,20170220181
2017-02-20T19:00:00.000Z,1,98,20170220191
2017-02-20T20:00:00.000Z,1,95,20170220201
2017-02-20T21:00:00.000Z,1,94,20170220211
2017-02-20T22:00:00.000Z,1,90,20170220221
2017-02-20T23:00:00.000Z,1,81,20170220231
2017-02-21T00:00:00.000Z,1,67,20170221001
2017-02-21T01:00:00.000Z,1,60,20170221011
2017-02-21T02:00:00.000Z,1,52,20170221021
2017-02-21T03:00:00.000Z,1,52,20170221031
2017-02-21T04:00:00.000Z,1,45,20170221041
2017-02-21T05:00:00.000Z,1,42,20170221051
2017-02-21T06:00:00.000Z,1,43,20170221061
2017-02-21T07:00:00.000Z,1,48,20170221071
2017-02-21T08:00:00.000Z,1,54,20170221081
2017-02-21T09:00:00.000Z,1,64,20170221091
2017-02-21T10:00:00.000Z,1,78,20170221101
2017-02-21T11:00:00.000Z,1,93,20170221111
2017-02-21T12:00:00.000Z,1,92,20170221121
2017-02-21T13:00:00.000Z,1,76,20170221131
2017-02-21T14:00:00.000Z,1,91,20170221141
2017-02-21T15:00:00.000Z,1,90,20170221151
2017-02-21T16:00:00.000Z,1,87,20170221161
2017-02-21T17:00:00.000Z,1,83,20170221171
2017-02-21T18:00:00.000Z,1,81,20170221181
2017-02-21T19:00:00.000Z,1,89,20170221191
2017-02-21T20:00:00.000Z,1,90,20170221201
2017-02-21T21:00:00.000Z,1,90,20170221211
2017-02-21T22:00:00.000Z,1,85,20170221221
2017-02-21T23:00:00.000Z,1,81,20170221231
2017-02-22T00:00:00.000Z,1,75,20170222001
2017-02-22T01:00:00.000Z,1,62,20170222011
2017-02-22T02:00:00.000Z,1,56,20170222021
2017-02-22T03:00:00.000Z,1,55,20170222031
2017-02-22T04:00:00.000Z,1,42,20170222041
2017-02-22T05:00:00.000Z,1,38,20170222051
2017-02-22T06:00:00.000Z,1,43,20170222061
2017-02-22T07:00:00.000Z,1,47,20170222071
2017-02-22T08:00:00.000Z,1,50,20170222081
2017-02-22T09:00:00.000Z,1,61,20170222091
2017-02-22T10:00:00.000Z,1,71,20170222101
2017-02-22T11:00:00.000Z,1,80,20170222111
2017-02-22T12:00:00.000Z,1,85,20170222121
2017-02-22T13:00:00.000Z,1,72,20170222131
2017-02-22T14:00:00.000Z,1,86,20170222141
2017-02-22T15:00:00.000Z,1,85,20170222151
2017-02-22T16:00:00.000Z,1,77,20170222161
2017-02-22T17:00:00.000Z,1,72,20170222171
2017-02-22T18:00:00.000Z,1,78,20170222181
2017-02-22T19:00:00.000Z,1,91,20170222191
2017-02-22T20:00:00.000Z,1,88,20170222201
2017-02-22T21:00:00.000Z,1,87,20170222211
2017-02-22T22:00:00.000Z,1,84,20170222221
2017-02-22T23:00:00.000Z,1,77,20170222231
2017-02-23T00:00:00.000Z,1,72,20170223001
2017-02-23T01:00:00.000Z,1,57,20170223011
2017-02-23T02:00:00.000Z,1,51,20170223021
2017-02-23T03:00:00.000Z,1,55,20170223031
2017-02-23T04:00:00.000Z,1,47,20170223041
2017-02-23T05:00:00.000Z,1,41,20170223051
2017-02-23T06:00:00.000Z,1,46,20170223061
2017-02-23T07:00:00.000Z,1,47,20170223071
2017-02-23T08:00:00.000Z,1,52,20170223081
2017-02-23T09:00:00.000Z,1,63,20170223091
2017-02-23T10:00:00.000Z,1,84,20170223101
2017-02-23T11:00:00.000Z,1,84,20170223111
2017-02-23T12:00:00.000Z,1,91,20170223121
2017-02-23T13:00:00.000Z,1,78,20170223131
2017-02-23T14:00:00.000Z,1,132,20170223141
2017-02-23T15:00:00.000Z,1,124,20170223151
2017-02-23T16:00:00.000Z,1,113,20170223161
2017-02-23T17:00:00.000Z,1,109,20170223171
2017-02-23T18:00:00.000Z,1,115,20170223181
2017-02-23T19:00:00.000Z,1,124,20170223191
2017-02-23T20:00:00.000Z,1,94,20170223201
2017-02-23T21:00:00.000Z,1,84,20170223211
2017-02-23T22:00:00.000Z,1,85,20170223221
2017-02-23T23:00:00.000Z,1,73,20170223231
2017-02-24T00:00:00.000Z,1,65,20170224001
2017-02-24T01:00:00.000Z,1,64,20170224011
2017-02-24T02:00:00.000Z,1,60,20170224021
2017-02-24T03:00:00.000Z,1,51,20170224031
2017-02-24T04:00:00.000Z,1,45,20170224041
2017-02-24T05:00:00.000Z,1,43,20170224051
2017-02-24T06:00:00.000Z,1,43,20170224061
2017-02-24T07:00:00.000Z,1,45,20170224071
2017-02-24T08:00:00.000Z,1,46,20170224081
2017-02-24T09:00:00.000Z,1,60,20170224091
2017-02-24T10:00:00.000Z,1,67,20170224101
2017-02-24T11:00:00.000Z,1,75,20170224111
2017-02-24T12:00:00.000Z,1,73,20170224121
2017-02-24T13:00:00.000Z,1,73,20170224131
2017-02-24T14:00:00.000Z,1,74,20170224141
2017-02-24T15:00:00.000Z,1,77,20170224151
2017-02-24T16:00:00.000Z,1,70,20170224161
2017-02-24T17:00:00.000Z,1,70,20170224171
2017-02-24T18:00:00.000Z,1,66,20170224181
2017-02-24T19:00:00.000Z,1,74,20170224191
2017-02-24T20:00:00.000Z,1,78,20170224201
2017-02-24T21:00:00.000Z,1,76,20170224211
2017-02-24T22:00:00.000Z,1,71,20170224221
2017-02-24T23:00:00.000Z,1,68,20170224231
2017-02-25T00:00:00.000Z,1,60,20170225001
2017-02-25T01:00:00.000Z,1,54,20170225011
2017-02-25T02:00:00.000Z,1,46,20170225021
2017-02-25T03:00:00.000Z,1,44,20170225031
2017-02-25T04:00:00.000Z,1,35,20170225041
2017-02-25T05:00:00.000Z,1,30,20170225051
2017-02-25T06:00:00.000Z,1,31,20170225061
2017-02-25T07:00:00.000Z,1,30,20170225071
2017-02-25T08:00:00.000Z,1,36,20170225081
2017-02-25T09:00:00.000Z,1,40,20170225091
2017-02-25T10:00:00.000Z,1,47,20170225101
2017-02-25T11:00:00.000Z,1,51,20170225111
2017-02-25T12:00:00.000Z,1,50,20170225121
2017-02-25T13:00:00.000Z,1,45,20170225131
2017-02-25T14:00:00.000Z,1,46,20170225141
2017-02-25T15:00:00.000Z,1,52,20170225151
2017-02-25T16:00:00.000Z,1,49,20170225161
2017-02-25T17:00:00.000Z,1,48,20170225171
2017-02-25T18:00:00.000Z,1,55,20170225181
2017-02-25T19:00:00.000Z,1,57,20170225191
2017-02-25T20:00:00.000Z,1,60,20170225201
2017-02-25T21:00:00.000Z,1,60,20170225211
2017-02-25T22:00:00.000Z,1,60,20170225221
2017-02-25T23:00:00.000Z,1,56,20170225231
2017-02-26T00:00:00.000Z,1,52,20170226001
2017-02-26T01:00:00.000Z,1,42,20170226011
2017-02-26T02:00:00.000Z,1,36,20170226021
2017-02-26T03:00:00.000Z,1,37,20170226031
2017-02-26T04:00:00.000Z,1,33,20170226041
2017-02-26T05:00:00.000Z,1,31,20170226051
2017-02-26T06:00:00.000Z,1,27,20170226061
2017-02-26T07:00:00.000Z,1,33,20170226071
2017-02-26T08:00:00.000Z,1,36,20170226081
2017-02-26T09:00:00.000Z,1,39,20170226091
2017-02-26T10:00:00.000Z,1,49,20170226101
2017-02-26T11:00:00.000Z,1,49,20170226111
2017-02-26T12:00:00.000Z,1,50,20170226121
2017-02-26T13:00:00.000Z,1,50,20170226131
2017-02-26T14:00:00.000Z,1,48,20170226141
2017-02-26T15:00:00.000Z,1,50,20170226151
2017-02-26T16:00:00.000Z,1,51,20170226161
2017-02-26T17:00:00.000Z,1,44,20170226171
2017-02-26T18:00:00.000Z,1,51,20170226181
2017-02-26T19:00:00.000Z,1,57,20170226191
2017-02-26T20:00:00.000Z,1,60,20170226201
2017-02-26T21:00:00.000Z,1,63,20170226211
2017-02-26T22:00:00.000Z,1,58,20170226221
2017-02-26T23:00:00.000Z,1,56,20170226231
2017-02-27T00:00:00.000Z,1,56,20170227001
2017-02-27T01:00:00.000Z,1,45,20170227011
2017-02-27T02:00:00.000Z,1,38,20170227021
2017-02-27T03:00:00.000Z,1,36,20170227031
2017-02-27T04:00:00.000Z,1,38,20170227041
2017-02-27T05:00:00.000Z,1,35,20170227051
2017-02-27T06:00:00.000Z,1,40,20170227061
2017-02-27T07:00:00.000Z,1,44,20170227071
2017-02-27T08:00:00.000Z,1,49,20170227081
2017-02-27T09:00:00.000Z,1,59,20170227091
2017-02-27T10:00:00.000Z,1,72,20170227101
2017-02-27T11:00:00.000Z,1,75,20170227111
2017-02-27T12:00:00.000Z,1,81,20170227121
2017-02-27T13:00:00.000Z,1,77,20170227131
2017-02-27T14:00:00.000Z,1,81,20170227141
2017-02-27T15:00:00.000Z,1,80,20170227151
2017-02-27T16:00:00.000Z,1,78,20170227161
2017-02-27T17:00:00.000Z,1,74,20170227171
2017-02-27T18:00:00.000Z,1,76,20170227181
2017-02-27T19:00:00.000Z,1,80,20170227191
2017-02-27T20:00:00.000Z,1,85,20170227201
2017-02-27T21:00:00.000Z,1,85,20170227211
2017-02-27T22:00:00.000Z,1,82,20170227221
2017-02-27T23:00:00.000Z,1,75,20170227231
2017-02-28T00:00:00.000Z,1,69,20170228001
2017-02-28T01:00:00.000Z,1,60,20170228011
2017-02-28T02:00:00.000Z,1,54,20170228021
2017-02-28T03:00:00.000Z,1,50,20170228031
2017-02-28T04:00:00.000Z,1,41,20170228041
2017-02-28T05:00:00.000Z,1,39,20170228051
2017-02-28T06:00:00.000Z,1,41,20170228061
2017-02-28T07:00:00.000Z,1,48,20170228071
2017-02-28T08:00:00.000Z,1,49,20170228081
2017-02-28T09:00:00.000Z,1,57,20170228091
2017-02-28T10:00:00.000Z,1,101,20170228101
2017-02-28T11:00:00.000Z,1,94,20170228111
2017-02-28T12:00:00.000Z,1,87,20170228121
2017-02-28T13:00:00.000Z,1,81,20170228131
2017-02-28T14:00:00.000Z,1,84,20170228141
2017-02-28T15:00:00.000Z,1,86,20170228151
2017-02-28T16:00:00.000Z,1,84,20170228161
2017-02-28T17:00:00.000Z,1,79,20170228171
2017-02-28T18:00:00.000Z,1,82,20170228181
2017-02-28T19:00:00.000Z,1,88,20170228191
2017-02-28T20:00:00.000Z,1,84,20170228201
2017-02-28T21:00:00.000Z,1,87,20170228211
2017-02-28T22:00:00.000Z,1,82,20170228221
2017-02-28T23:00:00.000Z,1,81,20170228231
2017-03-01T00:00:00.000Z,1,75,20170301001
2017-03-01T01:00:00.000Z,1,57,20170301011
2017-03-01T02:00:00.000Z,1,58,20170301021
2017-03-01T03:00:00.000Z,1,50,20170301031
2017-03-01T04:00:00.000Z,1,42,20170301041
2017-03-01T05:00:00.000Z,1,39,20170301051
2017-03-01T06:00:00.000Z,1,43,20170301061
2017-03-01T07:00:00.000Z,1,43,20170301071
2017-03-01T08:00:00.000Z,1,50,20170301081
2017-03-01T09:00:00.000Z,1,60,20170301091
2017-03-01T10:00:00.000Z,1,74,20170301101
2017-03-01T11:00:00.000Z,1,84,20170301111
2017-03-01T12:00:00.000Z,1,87,20170301121
2017-03-01T13:00:00.000Z,1,78,20170301131
2017-03-01T14:00:00.000Z,1,82,20170301141
2017-03-01T15:00:00.000Z,1,85,20170301151
2017-03-01T16:00:00.000Z,1,81,20170301161
2017-03-01T17:00:00.000Z,1,73,20170301171
2017-03-01T18:00:00.000Z,1,78,20170301181
2017-03-01T19:00:00.000Z,1,87,20170301191
2017-03-01T20:00:00.000Z,1,98,20170301201
2017-03-01T21:00:00.000Z,1,88,20170301211
2017-03-01T22:00:00.000Z,1,80,20170301221
2017-03-01T23:00:00.000Z,1,78,20170301231
2017-03-02T00:00:00.000Z,1,70,20170302001
2017-03-02T01:00:00.000Z,1,54,20170302011
2017-03-02T02:00:00.000Z,1,50,20170302021
2017-03-02T03:00:00.000Z,1,47,20170302031
2017-03-02T04:00:00.000Z,1,43,20170302041
2017-03-02T05:00:00.000Z,1,39,20170302051
2017-03-02T06:00:00.000Z,1,45,20170302061
2017-03-02T07:00:00.000Z,1,51,20170302071
2017-03-02T08:00:00.000Z,1,53,20170302081
2017-03-02T09:00:00.000Z,1,59,20170302091
2017-03-02T10:00:00.000Z,1,69,20170302101
2017-03-02T11:00:00.000Z,1,82,20170302111
2017-03-02T12:00:00.000Z,1,82,20170302121
2017-03-02T13:00:00.000Z,1,72,20170302131
2017-03-02T14:00:00.000Z,1,75,20170302141
2017-03-02T15:00:00.000Z,1,78,20170302151
2017-03-02T16:00:00.000Z,1,75,20170302161
2017-03-02T17:00:00.000Z,1,73,20170302171
2017-03-02T18:00:00.000Z,1,75,20170302181
2017-03-02T19:00:00.000Z,1,89,20170302191
2017-03-02T20:00:00.000Z,1,86,20170302201
2017-03-02T21:00:00.000Z,1,80,20170302211
2017-03-02T22:00:00.000Z,1,79,20170302221
2017-03-02T23:00:00.000Z,1,74,20170302231
2017-03-03T00:00:00.000Z,1,67,20170303001
2017-03-03T01:00:00.000Z,1,56,20170303011
2017-03-03T02:00:00.000Z,1,52,20170303021
2017-03-03T03:00:00.000Z,1,49,20170303031
2017-03-03T04:00:00.000Z,1,42,20170303041
2017-03-03T05:00:00.000Z,1,34,20170303051
2017-03-03T06:00:00.000Z,1,40,20170303061
2017-03-03T07:00:00.000Z,1,48,20170303071
2017-03-03T08:00:00.000Z,1,48,20170303081
2017-03-03T09:00:00.000Z,1,54,20170303091
2017-03-03T10:00:00.000Z,1,82,20170303101
2017-03-03T11:00:00.000Z,1,86,20170303111
2017-03-03T12:00:00.000Z,1,85,20170303121
2017-03-03T13:00:00.000Z,1,73,20170303131
2017-03-03T14:00:00.000Z,1,80,20170303141
2017-03-03T15:00:00.000Z,1,80,20170303151
2017-03-03T16:00:00.000Z,1,78,20170303161
2017-03-03T17:00:00.000Z,1,70,20170303171
2017-03-03T18:00:00.000Z,1,74,20170303181
2017-03-03T19:00:00.000Z,1,81,20170303191
2017-03-03T20:00:00.000Z,1,81,20170303201
2017-03-03T21:00:00.000Z,1,82,20170303211
2017-03-03T22:00:00.000Z,1,72,20170303221
2017-03-03T23:00:00.000Z,1,66,20170303231
2017-03-04T00:00:00.000Z,1,63,20170304001
2017-03-04T01:00:00.000Z,1,54,20170304011
2017-03-04T02:00:00.000Z,1,48,20170304021
2017-03-04T03:00:00.000Z,1,40,20170304031
2017-03-04T04:00:00.000Z,1,36,20170304041
2017-03-04T05:00:00.000Z,1,33,20170304051
2017-03-04T06:00:00.000Z,1,31,20170304061
2017-03-04T07:00:00.000Z,1,30,20170304071
2017-03-04T08:00:00.000Z,1,38,20170304081
2017-03-04T09:00:00.000Z,1,42,20170304091
2017-03-04T10:00:00.000Z,1,46,20170304101
2017-03-04T11:00:00.000Z,1,49,20170304111
2017-03-04T12:00:00.000Z,1,48,20170304121
2017-03-04T13:00:00.000Z,1,45,20170304131
2017-03-04T14:00:00.000Z,1,46,20170304141
2017-03-04T15:00:00.000Z,1,46,20170304151
2017-03-04T16:00:00.000Z,1,43,20170304161
2017-03-04T17:00:00.000Z,1,42,20170304171
2017-03-04T18:00:00.000Z,1,50,20170304181
2017-03-04T19:00:00.000Z,1,54,20170304191
2017-03-04T20:00:00.000Z,1,57,20170304201
2017-03-04T21:00:00.000Z,1,62,20170304211
2017-03-04T22:00:00.000Z,1,56,20170304221
2017-03-04T23:00:00.000Z,1,49,20170304231
2017-03-05T00:00:00.000Z,1,49,20170305001
2017-03-05T01:00:00.000Z,1,44,20170305011
2017-03-05T02:00:00.000Z,1,36,20170305021
2017-03-05T03:00:00.000Z,1,34,20170305031
2017-03-05T04:00:00.000Z,1,28,20170305041
2017-03-05T05:00:00.000Z,1,29,20170305051
2017-03-05T06:00:00.000Z,1,29,20170305061
2017-03-05T07:00:00.000Z,1,31,20170305071
2017-03-05T08:00:00.000Z,1,35,20170305081
2017-03-05T09:00:00.000Z,1,39,20170305091
2017-03-05T10:00:00.000Z,1,41,20170305101
2017-03-05T11:00:00.000Z,1,50,20170305111
2017-03-05T12:00:00.000Z,1,49,20170305121
2017-03-05T13:00:00.000Z,1,45,20170305131
2017-03-05T14:00:00.000Z,1,48,20170305141
2017-03-05T15:00:00.000Z,1,42,20170305151
2017-03-05T16:00:00.000Z,1,46,20170305161
2017-03-05T17:00:00.000Z,1,48,20170305171
2017-03-05T18:00:00.000Z,1,51,20170305181
2017-03-05T19:00:00.000Z,1,62,20170305191
2017-03-05T20:00:00.000Z,1,60,20170305201
2017-03-05T21:00:00.000Z,1,66,20170305211
2017-03-05T22:00:00.000Z,1,66,20170305221
2017-03-05T23:00:00.000Z,1,62,20170305231
2017-03-06T00:00:00.000Z,1,54,20170306001
2017-03-06T01:00:00.000Z,1,45,20170306011
2017-03-06T02:00:00.000Z,1,43,20170306021
2017-03-06T03:00:00.000Z,1,41,20170306031
2017-03-06T04:00:00.000Z,1,35,20170306041
2017-03-06T05:00:00.000Z,1,32,20170306051
2017-03-06T06:00:00.000Z,1,38,20170306061
2017-03-06T07:00:00.000Z,1,45,20170306071
2017-03-06T08:00:00.000Z,1,52,20170306081
2017-03-06T09:00:00.000Z,1,59,20170306091
2017-03-06T10:00:00.000Z,1,68,20170306101
2017-03-06T11:00:00.000Z,1,78,20170306111
2017-03-06T12:00:00.000Z,1,80,20170306121
2017-03-06T13:00:00.000Z,1,76,20170306131
2017-03-06T14:00:00.000Z,1,84,20170306141
2017-03-06T15:00:00.000Z,1,83,20170306151
2017-03-06T16:00:00.000Z,1,75,20170306161
2017-03-06T17:00:00.000Z,1,78,20170306171
2017-03-06T18:00:00.000Z,1,82,20170306181
2017-03-06T19:00:00.000Z,1,90,20170306191
2017-03-06T20:00:00.000Z,1,87,20170306201
2017-03-06T21:00:00.000Z,1,79,20170306211
2017-03-06T22:00:00.000Z,1,81,20170306221
2017-03-06T23:00:00.000Z,1,72,20170306231
2017-03-07T00:00:00.000Z,1,69,20170307001
2017-03-07T01:00:00.000Z,1,55,20170307011
2017-03-07T02:00:00.000Z,1,53,20170307021
2017-03-07T03:00:00.000Z,1,49,20170307031
2017-03-07T04:00:00.000Z,1,43,20170307041
2017-03-07T05:00:00.000Z,1,36,20170307051
2017-03-07T06:00:00.000Z,1,44,20170307061
2017-03-07T07:00:00.000Z,1,44,20170307071
2017-03-07T08:00:00.000Z,1,48,20170307081
2017-03-07T09:00:00.000Z,1,60,20170307091
2017-03-07T10:00:00.000Z,1,72,20170307101
2017-03-07T11:00:00.000Z,1,79,20170307111
2017-03-07T12:00:00.000Z,1,81,20170307121
2017-03-07T13:00:00.000Z,1,78,20170307131
2017-03-07T14:00:00.000Z,1,83,20170307141
2017-03-07T15:00:00.000Z,1,78,20170307151
2017-03-07T16:00:00.000Z,1,80,20170307161
2017-03-07T17:00:00.000Z,1,79,20170307171
2017-03-07T18:00:00.000Z,1,84,20170307181
2017-03-07T19:00:00.000Z,1,80,20170307191
2017-03-07T20:00:00.000Z,1,84,20170307201
2017-03-07T21:00:00.000Z,1,80,20170307211
2017-03-07T22:00:00.000Z,1,80,20170307221
2017-03-07T23:00:00.000Z,1,70,20170307231
2017-03-08T00:00:00.000Z,1,68,20170308001
2017-03-08T01:00:00.000Z,1,61,20170308011
2017-03-08T02:00:00.000Z,1,55,20170308021
2017-03-08T03:00:00.000Z,1,50,20170308031
2017-03-08T04:00:00.000Z,1,41,20170308041
2017-03-08T05:00:00.000Z,1,38,20170308051
2017-03-08T06:00:00.000Z,1,38,20170308061
2017-03-08T07:00:00.000Z,1,44,20170308071
2017-03-08T08:00:00.000Z,1,48,20170308081
2017-03-08T09:00:00.000Z,1,59,20170308091
2017-03-08T10:00:00.000Z,1,51,20170308101
2017-03-08T11:00:00.000Z,1,65,20170308111
2017-03-08T12:00:00.000Z,1,82,20170308121
2017-03-08T13:00:00.000Z,1,70,20170308131
2017-03-08T14:00:00.000Z,1,77,20170308141
2017-03-08T15:00:00.000Z,1,82,20170308151
2017-03-08T16:00:00.000Z,1,75,20170308161
2017-03-08T17:00:00.000Z,1,74,20170308171
2017-03-08T18:00:00.000Z,1,72,20170308181
2017-03-08T19:00:00.000Z,1,75,20170308191
2017-03-08T20:00:00.000Z,1,98,20170308201
2017-03-08T21:00:00.000Z,1,92,20170308211
2017-03-08T22:00:00.000Z,1,87,20170308221
2017-03-08T23:00:00.000Z,1,75,20170308231
2017-03-09T00:00:00.000Z,1,69,20170309001
2017-03-09T01:00:00.000Z,1,59,20170309011
2017-03-09T02:00:00.000Z,1,52,20170309021
2017-03-09T03:00:00.000Z,1,50,20170309031
2017-03-09T04:00:00.000Z,1,40,20170309041
2017-03-09T05:00:00.000Z,1,41,20170309051
2017-03-09T06:00:00.000Z,1,41,20170309061
2017-03-09T07:00:00.000Z,1,46,20170309071
2017-03-09T08:00:00.000Z,1,53,20170309081
2017-03-09T09:00:00.000Z,1,68,20170309091
2017-03-09T10:00:00.000Z,1,80,20170309101
2017-03-09T11:00:00.000Z,1,84,20170309111
2017-03-09T12:00:00.000Z,1,86,20170309121
2017-03-09T13:00:00.000Z,1,73,20170309131
2017-03-09T14:00:00.000Z,1,82,20170309141
2017-03-09T15:00:00.000Z,1,85,20170309151
2017-03-09T16:00:00.000Z,1,83,20170309161
2017-03-09T17:00:00.000Z,1,76,20170309171
2017-03-09T18:00:00.000Z,1,85,20170309181
2017-03-09T19:00:00.000Z,1,93,20170309191
2017-03-09T20:00:00.000Z,1,91,20170309201
2017-03-09T21:00:00.000Z,1,87,20170309211
2017-03-09T22:00:00.000Z,1,89,20170309221
2017-03-09T23:00:00.000Z,1,82,20170309231
2017-03-10T00:00:00.000Z,1,72,20170310001
2017-03-10T01:00:00.000Z,1,60,20170310011
2017-03-10T02:00:00.000Z,1,53,20170310021
2017-03-10T03:00:00.000Z,1,48,20170310031
2017-03-10T04:00:00.000Z,1,41,20170310041
2017-03-10T05:00:00.000Z,1,39,20170310051
2017-03-10T06:00:00.000Z,1,43,20170310061
2017-03-10T07:00:00.000Z,1,46,20170310071
2017-03-10T08:00:00.000Z,1,51,20170310081
2017-03-10T09:00:00.000Z,1,58,20170310091
2017-03-10T10:00:00.000Z,1,70,20170310101
2017-03-10T11:00:00.000Z,1,80,20170310111
2017-03-10T12:00:00.000Z,1,82,20170310121
2017-03-10T13:00:00.000Z,1,68,20170310131
2017-03-10T14:00:00.000Z,1,76,20170310141
2017-03-10T15:00:00.000Z,1,75,20170310151
2017-03-10T16:00:00.000Z,1,72,20170310161
2017-03-10T17:00:00.000Z,1,71,20170310171
2017-03-10T18:00:00.000Z,1,68,20170310181
2017-03-10T19:00:00.000Z,1,75,20170310191
2017-03-10T20:00:00.000Z,1,78,20170310201
2017-03-10T21:00:00.000Z,1,72,20170310211
2017-03-10T22:00:00.000Z,1,73,20170310221
2017-03-10T23:00:00.000Z,1,63,20170310231
2017-03-11T00:00:00.000Z,1,58,20170311001
2017-03-11T01:00:00.000Z,1,52,20170311011
2017-03-11T02:00:00.000Z,1,48,20170311021
2017-03-11T03:00:00.000Z,1,44,20170311031
2017-03-11T04:00:00.000Z,1,37,20170311041
2017-03-11T05:00:00.000Z,1,32,20170311051
2017-03-11T06:00:00.000Z,1,31,20170311061
2017-03-11T07:00:00.000Z,1,34,20170311071
2017-03-11T08:00:00.000Z,1,37,20170311081
2017-03-11T09:00:00.000Z,1,43,20170311091
2017-03-11T10:00:00.000Z,1,44,20170311101
2017-03-11T11:00:00.000Z,1,46,20170311111
2017-03-11T12:00:00.000Z,1,51,20170311121
2017-03-11T13:00:00.000Z,1,43,20170311131
2017-03-11T14:00:00.000Z,1,41,20170311141
2017-03-11T15:00:00.000Z,1,42,20170311151
2017-03-11T16:00:00.000Z,1,40,20170311161
2017-03-11T17:00:00.000Z,1,40,20170311171
2017-03-11T18:00:00.000Z,1,49,20170311181
2017-03-11T19:00:00.000Z,1,56,20170311191
2017-03-11T20:00:00.000Z,1,54,20170311201
2017-03-11T21:00:00.000Z,1,54,20170311211
2017-03-11T22:00:00.000Z,1,53,20170311221
2017-03-11T23:00:00.000Z,1,55,20170311231
2017-03-12T00:00:00.000Z,1,43,20170312001
2017-03-12T01:00:00.000Z,1,40,20170312011
2017-03-12T02:00:00.000Z,1,33,20170312021
2017-03-12T03:00:00.000Z,1,34,20170312031
2017-03-12T04:00:00.000Z,1,32,20170312041
2017-03-12T05:00:00.000Z,1,25,20170312051
2017-03-12T06:00:00.000Z,1,28,20170312061
2017-03-12T07:00:00.000Z,1,28,20170312071
2017-03-12T08:00:00.000Z,1,34,20170312081
2017-03-12T09:00:00.000Z,1,45,20170312091
2017-03-12T10:00:00.000Z,1,53,20170312101
2017-03-12T11:00:00.000Z,1,51,20170312111
2017-03-12T12:00:00.000Z,1,51,20170312121
2017-03-12T13:00:00.000Z,1,50,20170312131
2017-03-12T14:00:00.000Z,1,45,20170312141
2017-03-12T15:00:00.000Z,1,43,20170312151
2017-03-12T16:00:00.000Z,1,43,20170312161
2017-03-12T17:00:00.000Z,1,45,20170312171
2017-03-12T18:00:00.000Z,1,53,20170312181
2017-03-12T19:00:00.000Z,1,55,20170312191
2017-03-12T20:00:00.000Z,1,55,20170312201
2017-03-12T21:00:00.000Z,1,55,20170312211
2017-03-12T22:00:00.000Z,1,55,20170312221
2017-03-12T23:00:00.000Z,1,53,20170312231
2017-03-13T00:00:00.000Z,1,50,20170313001
2017-03-13T01:00:00.000Z,1,44,20170313011
2017-03-13T02:00:00.000Z,1,38,20170313021
2017-03-13T03:00:00.000Z,1,37,20170313031
2017-03-13T04:00:00.000Z,1,35,20170313041
2017-03-13T05:00:00.000Z,1,34,20170313051
2017-03-13T06:00:00.000Z,1,41,20170313061
2017-03-13T07:00:00.000Z,1,44,20170313071
2017-03-13T08:00:00.000Z,1,49,20170313081
2017-03-13T09:00:00.000Z,1,51,20170313091
2017-03-13T10:00:00.000Z,1,57,20170313101
2017-03-13T11:00:00.000Z,1,62,20170313111
2017-03-13T12:00:00.000Z,1,63,20170313121
2017-03-13T13:00:00.000Z,1,67,20170313131
2017-03-13T14:00:00.000Z,1,67,20170313141
2017-03-13T15:00:00.000Z,1,73,20170313151
2017-03-13T16:00:00.000Z,1,65,20170313161
2017-03-13T17:00:00.000Z,1,66,20170313171
2017-03-13T18:00:00.000Z,1,77,20170313181
2017-03-13T19:00:00.000Z,1,89,20170313191
2017-03-13T20:00:00.000Z,1,88,20170313201
2017-03-13T21:00:00.000Z,1,83,20170313211
2017-03-13T22:00:00.000Z,1,79,20170313221
2017-03-13T23:00:00.000Z,1,73,20170313231
2017-03-14T00:00:00.000Z,1,71,20170314001
2017-03-14T01:00:00.000Z,1,56,20170314011
2017-03-14T02:00:00.000Z,1,54,20170314021
2017-03-14T03:00:00.000Z,1,44,20170314031
2017-03-14T04:00:00.000Z,1,40,20170314041
2017-03-14T05:00:00.000Z,1,39,20170314051
2017-03-14T06:00:00.000Z,1,40,20170314061
2017-03-14T07:00:00.000Z,1,40,20170314071
2017-03-14T08:00:00.000Z,1,49,20170314081
2017-03-14T09:00:00.000Z,1,60,20170314091
2017-03-14T10:00:00.000Z,1,86,20170314101
2017-03-14T11:00:00.000Z,1,91,20170314111
2017-03-14T12:00:00.000Z,1,86,20170314121
2017-03-14T13:00:00.000Z,1,86,20170314131
2017-03-14T14:00:00.000Z,1,92,20170314141
2017-03-14T15:00:00.000Z,1,92,20170314151
2017-03-14T16:00:00.000Z,1,86,20170314161
2017-03-14T17:00:00.000Z,1,85,20170314171
2017-03-14T18:00:00.000Z,1,93,20170314181
2017-03-14T19:00:00.000Z,1,98,20170314191
2017-03-14T20:00:00.000Z,1,94,20170314201
2017-03-14T21:00:00.000Z,1,87,20170314211
2017-03-14T22:00:00.000Z,1,91,20170314221
2017-03-14T23:00:00.000Z,1,75,20170314231
2017-03-15T00:00:00.000Z,1,70,20170315001
2017-03-15T01:00:00.000Z,1,59,20170315011
2017-03-15T02:00:00.000Z,1,54,20170315021
2017-03-15T03:00:00.000Z,1,48,20170315031
2017-03-15T04:00:00.000Z,1,45,20170315041
2017-03-15T05:00:00.000Z,1,44,20170315051
2017-03-15T06:00:00.000Z,1,43,20170315061
2017-03-15T07:00:00.000Z,1,50,20170315071
2017-03-15T08:00:00.000Z,1,51,20170315081
2017-03-15T09:00:00.000Z,1,61,20170315091
2017-03-15T10:00:00.000Z,1,72,20170315101
2017-03-15T11:00:00.000Z,1,81,20170315111
2017-03-15T12:00:00.000Z,1,83,20170315121
2017-03-15T13:00:00.000Z,1,76,20170315131
2017-03-15T14:00:00.000Z,1,81,20170315141
2017-03-15T15:00:00.000Z,1,82,20170315151
2017-03-15T16:00:00.000Z,1,85,20170315161
2017-03-15T17:00:00.000Z,1,82,20170315171
2017-03-15T18:00:00.000Z,1,85,20170315181
2017-03-15T19:00:00.000Z,1,92,20170315191
2017-03-15T20:00:00.000Z,1,86,20170315201
2017-03-15T21:00:00.000Z,1,86,20170315211
2017-03-15T22:00:00.000Z,1,83,20170315221
2017-03-15T23:00:00.000Z,1,78,20170315231
2017-03-16T00:00:00.000Z,1,73,20170316001
2017-03-16T01:00:00.000Z,1,61,20170316011
2017-03-16T02:00:00.000Z,1,49,20170316021
2017-03-16T03:00:00.000Z,1,46,20170316031
2017-03-16T04:00:00.000Z,1,45,20170316041
2017-03-16T05:00:00.000Z,1,41,20170316051
2017-03-16T06:00:00.000Z,1,45,20170316061
2017-03-16T07:00:00.000Z,1,51,20170316071
2017-03-16T08:00:00.000Z,1,57,20170316081
2017-03-16T09:00:00.000Z,1,59,20170316091
2017-03-16T10:00:00.000Z,1,72,20170316101
2017-03-16T11:00:00.000Z,1,80,20170316111
2017-03-16T12:00:00.000Z,1,81,20170316121
2017-03-16T13:00:00.000Z,1,73,20170316131
2017-03-16T14:00:00.000Z,1,87,20170316141
2017-03-16T15:00:00.000Z,1,84,20170316151
2017-03-16T16:00:00.000Z,1,73,20170316161
2017-03-16T17:00:00.000Z,1,79,20170316171
2017-03-16T18:00:00.000Z,1,79,20170316181
2017-03-16T19:00:00.000Z,1,89,20170316191
2017-03-16T20:00:00.000Z,1,84,20170316201
2017-03-16T21:00:00.000Z,1,90,20170316211
2017-03-16T22:00:00.000Z,1,83,20170316221
2017-03-16T23:00:00.000Z,1,77,20170316231
2017-03-17T00:00:00.000Z,1,68,20170317001
2017-03-17T01:00:00.000Z,1,56,20170317011
2017-03-17T02:00:00.000Z,1,49,20170317021
2017-03-17T03:00:00.000Z,1,47,20170317031
2017-03-17T04:00:00.000Z,1,42,20170317041
2017-03-17T05:00:00.000Z,1,39,20170317051
2017-03-17T06:00:00.000Z,1,40,20170317061
2017-03-17T07:00:00.000Z,1,42,20170317071
2017-03-17T08:00:00.000Z,1,46,20170317081
2017-03-17T09:00:00.000Z,1,55,20170317091
2017-03-17T10:00:00.000Z,1,79,20170317101
2017-03-17T11:00:00.000Z,1,96,20170317111
2017-03-17T12:00:00.000Z,1,85,20170317121
2017-03-17T13:00:00.000Z,1,77,20170317131
2017-03-17T14:00:00.000Z,1,88,20170317141
2017-03-17T15:00:00.000Z,1,83,20170317151
2017-03-17T16:00:00.000Z,1,79,20170317161
2017-03-17T17:00:00.000Z,1,75,20170317171
2017-03-17T18:00:00.000Z,1,82,20170317181
2017-03-17T19:00:00.000Z,1,84,20170317191
2017-03-17T20:00:00.000Z,1,86,20170317201
2017-03-17T21:00:00.000Z,1,77,20170317211
2017-03-17T22:00:00.000Z,1,79,20170317221
2017-03-17T23:00:00.000Z,1,69,20170317231
2017-03-18T00:00:00.000Z,1,65,20170318001
2017-03-18T01:00:00.000Z,1,51,20170318011
2017-03-18T02:00:00.000Z,1,43,20170318021
2017-03-18T03:00:00.000Z,1,36,20170318031
2017-03-18T04:00:00.000Z,1,35,20170318041
2017-03-18T05:00:00.000Z,1,30,20170318051
2017-03-18T06:00:00.000Z,1,29,20170318061
2017-03-18T07:00:00.000Z,1,36,20170318071
2017-03-18T08:00:00.000Z,1,34,20170318081
2017-03-18T09:00:00.000Z,1,42,20170318091
2017-03-18T10:00:00.000Z,1,47,20170318101
2017-03-18T11:00:00.000Z,1,60,20170318111
2017-03-18T12:00:00.000Z,1,67,20170318121
2017-03-18T13:00:00.000Z,1,55,20170318131
2017-03-18T14:00:00.000Z,1,52,20170318141
2017-03-18T15:00:00.000Z,1,54,20170318151
2017-03-18T16:00:00.000Z,1,57,20170318161
2017-03-18T17:00:00.000Z,1,59,20170318171
2017-03-18T18:00:00.000Z,1,57,20170318181
2017-03-18T19:00:00.000Z,1,59,20170318191
2017-03-18T20:00:00.000Z,1,68,20170318201
2017-03-18T21:00:00.000Z,1,59,20170318211
2017-03-18T22:00:00.000Z,1,63,20170318221
2017-03-18T23:00:00.000Z,1,59,20170318231
2017-03-19T00:00:00.000Z,1,57,20170319001
2017-03-19T01:00:00.000Z,1,41,20170319011
2017-03-19T02:00:00.000Z,1,36,20170319021
2017-03-19T03:00:00.000Z,1,32,20170319031
2017-03-19T04:00:00.000Z,1,32,20170319041
2017-03-19T05:00:00.000Z,1,31,20170319051
2017-03-19T06:00:00.000Z,1,34,20170319061
2017-03-19T07:00:00.000Z,1,37,20170319071
2017-03-19T08:00:00.000Z,1,42,20170319081
2017-03-19T09:00:00.000Z,1,48,20170319091
2017-03-19T10:00:00.000Z,1,48,20170319101
2017-03-19T11:00:00.000Z,1,53,20170319111
2017-03-19T12:00:00.000Z,1,55,20170319121
2017-03-19T13:00:00.000Z,1,46,20170319131
2017-03-19T14:00:00.000Z,1,49,20170319141
2017-03-19T15:00:00.000Z,1,48,20170319151
2017-03-19T16:00:00.000Z,1,47,20170319161
2017-03-19T17:00:00.000Z,1,48,20170319171
2017-03-19T18:00:00.000Z,1,58,20170319181
2017-03-19T19:00:00.000Z,1,66,20170319191
2017-03-19T20:00:00.000Z,1,68,20170319201
2017-03-19T21:00:00.000Z,1,63,20170319211
2017-03-19T22:00:00.000Z,1,64,20170319221
2017-03-19T23:00:00.000Z,1,62,20170319231
2017-03-20T00:00:00.000Z,1,56,20170320001
2017-03-20T01:00:00.000Z,1,49,20170320011
2017-03-20T02:00:00.000Z,1,40,20170320021
2017-03-20T03:00:00.000Z,1,36,20170320031
2017-03-20T04:00:00.000Z,1,35,20170320041
2017-03-20T05:00:00.000Z,1,38,20170320051
2017-03-20T06:00:00.000Z,1,41,20170320061
2017-03-20T07:00:00.000Z,1,48,20170320071
2017-03-20T08:00:00.000Z,1,55,20170320081
2017-03-20T09:00:00.000Z,1,60,20170320091
2017-03-20T10:00:00.000Z,1,72,20170320101
2017-03-20T11:00:00.000Z,1,89,20170320111
2017-03-20T12:00:00.000Z,1,110,20170320121
2017-03-20T13:00:00.000Z,1,95,20170320131
2017-03-20T14:00:00.000Z,1,103,20170320141
2017-03-20T15:00:00.000Z,1,100,20170320151
2017-03-20T16:00:00.000Z,1,98,20170320161
2017-03-20T17:00:00.000Z,1,97,20170320171
2017-03-20T18:00:00.000Z,1,101,20170320181
2017-03-20T19:00:00.000Z,1,106,20170320191
2017-03-20T20:00:00.000Z,1,102,20170320201
2017-03-20T21:00:00.000Z,1,92,20170320211
2017-03-20T22:00:00.000Z,1,89,20170320221
2017-03-20T23:00:00.000Z,1,81,20170320231
2017-03-21T00:00:00.000Z,1,72,20170321001
2017-03-21T01:00:00.000Z,1,64,20170321011
2017-03-21T02:00:00.000Z,1,55,20170321021
2017-03-21T03:00:00.000Z,1,51,20170321031
2017-03-21T04:00:00.000Z,1,45,20170321041
2017-03-21T05:00:00.000Z,1,41,20170321051
2017-03-21T06:00:00.000Z,1,45,20170321061
2017-03-21T07:00:00.000Z,1,55,20170321071
2017-03-21T08:00:00.000Z,1,58,20170321081
2017-03-21T09:00:00.000Z,1,65,20170321091
2017-03-21T10:00:00.000Z,1,80,20170321101
2017-03-21T11:00:00.000Z,1,88,20170321111
2017-03-21T12:00:00.000Z,1,89,20170321121
2017-03-21T13:00:00.000Z,1,75,20170321131
2017-03-21T14:00:00.000Z,1,88,20170321141
2017-03-21T15:00:00.000Z,1,91,20170321151
2017-03-21T16:00:00.000Z,1,85,20170321161
2017-03-21T17:00:00.000Z,1,90,20170321171
2017-03-21T18:00:00.000Z,1,93,20170321181
2017-03-21T19:00:00.000Z,1,96,20170321191
2017-03-21T20:00:00.000Z,1,102,20170321201
2017-03-21T21:00:00.000Z,1,97,20170321211
2017-03-21T22:00:00.000Z,1,94,20170321221
2017-03-21T23:00:00.000Z,1,88,20170321231
2017-03-22T00:00:00.000Z,1,77,20170322001
2017-03-22T01:00:00.000Z,1,64,20170322011
2017-03-22T02:00:00.000Z,1,58,20170322021
2017-03-22T03:00:00.000Z,1,50,20170322031
2017-03-22T04:00:00.000Z,1,42,20170322041
2017-03-22T05:00:00.000Z,1,41,20170322051
2017-03-22T06:00:00.000Z,1,45,20170322061
2017-03-22T07:00:00.000Z,1,52,20170322071
2017-03-22T08:00:00.000Z,1,55,20170322081
2017-03-22T09:00:00.000Z,1,63,20170322091
2017-03-22T10:00:00.000Z,1,72,20170322101
2017-03-22T11:00:00.000Z,1,86,20170322111
2017-03-22T12:00:00.000Z,1,99,20170322121
2017-03-22T13:00:00.000Z,1,85,20170322131
2017-03-22T14:00:00.000Z,1,95,20170322141
2017-03-22T15:00:00.000Z,1,94,20170322151
2017-03-22T16:00:00.000Z,1,87,20170322161
2017-03-22T17:00:00.000Z,1,84,20170322171
2017-03-22T18:00:00.000Z,1,91,20170322181
2017-03-22T19:00:00.000Z,1,101,20170322191
2017-03-22T20:00:00.000Z,1,98,20170322201
2017-03-22T21:00:00.000Z,1,96,20170322211
2017-03-22T22:00:00.000Z,1,91,20170322221
2017-03-22T23:00:00.000Z,1,87,20170322231
2017-03-23T00:00:00.000Z,1,75,20170323001
2017-03-23T01:00:00.000Z,1,68,20170323011
2017-03-23T02:00:00.000Z,1,52,20170323021
2017-03-23T03:00:00.000Z,1,45,20170323031
2017-03-23T04:00:00.000Z,1,42,20170323041
2017-03-23T05:00:00.000Z,1,39,20170323051
2017-03-23T06:00:00.000Z,1,46,20170323061
2017-03-23T07:00:00.000Z,1,49,20170323071
2017-03-23T08:00:00.000Z,1,53,20170323081
2017-03-23T09:00:00.000Z,1,63,20170323091
2017-03-23T10:00:00.000Z,1,79,20170323101
2017-03-23T11:00:00.000Z,1,82,20170323111
2017-03-23T12:00:00.000Z,1,83,20170323121
2017-03-23T13:00:00.000Z,1,71,20170323131
2017-03-23T14:00:00.000Z,1,87,20170323141
2017-03-23T15:00:00.000Z,1,86,20170323151
2017-03-23T16:00:00.000Z,1,85,20170323161
2017-03-23T17:00:00.000Z,1,78,20170323171
2017-03-23T18:00:00.000Z,1,88,20170323181
2017-03-23T19:00:00.000Z,1,98,20170323191
2017-03-23T20:00:00.000Z,1,96,20170323201
2017-03-23T21:00:00.000Z,1,88,20170323211
2017-03-23T22:00:00.000Z,1,89,20170323221
2017-03-23T23:00:00.000Z,1,79,20170323231
2017-03-24T00:00:00.000Z,1,73,20170324001
2017-03-24T01:00:00.000Z,1,62,20170324011
2017-03-24T02:00:00.000Z,1,52,20170324021
2017-03-24T03:00:00.000Z,1,46,20170324031
2017-03-24T04:00:00.000Z,1,41,20170324041
2017-03-24T05:00:00.000Z,1,39,20170324051
2017-03-24T06:00:00.000Z,1,40,20170324061
2017-03-24T07:00:00.000Z,1,46,20170324071
2017-03-24T08:00:00.000Z,1,52,20170324081
2017-03-24T09:00:00.000Z,1,58,20170324091
2017-03-24T10:00:00.000Z,1,68,20170324101
2017-03-24T11:00:00.000Z,1,80,20170324111
2017-03-24T12:00:00.000Z,1,99,20170324121
2017-03-24T13:00:00.000Z,1,83,20170324131
2017-03-24T14:00:00.000Z,1,87,20170324141
2017-03-24T15:00:00.000Z,1,88,20170324151
2017-03-24T16:00:00.000Z,1,84,20170324161
2017-03-24T17:00:00.000Z,1,76,20170324171
2017-03-24T18:00:00.000Z,1,89,20170324181
2017-03-24T19:00:00.000Z,1,87,20170324191
2017-03-24T20:00:00.000Z,1,87,20170324201
2017-03-24T21:00:00.000Z,1,80,20170324211
2017-03-24T22:00:00.000Z,1,74,20170324221
2017-03-24T23:00:00.000Z,1,71,20170324231
2017-03-25T00:00:00.000Z,1,61,20170325001
2017-03-25T01:00:00.000Z,1,56,20170325011
2017-03-25T02:00:00.000Z,1,50,20170325021
2017-03-25T03:00:00.000Z,1,44,20170325031
2017-03-25T04:00:00.000Z,1,41,20170325041
2017-03-25T05:00:00.000Z,1,37,20170325051
2017-03-25T06:00:00.000Z,1,36,20170325061
2017-03-25T07:00:00.000Z,1,44,20170325071
2017-03-25T08:00:00.000Z,1,45,20170325081
2017-03-25T09:00:00.000Z,1,54,20170325091
2017-03-25T10:00:00.000Z,1,64,20170325101
2017-03-25T11:00:00.000Z,1,64,20170325111
2017-03-25T12:00:00.000Z,1,60,20170325121
2017-03-25T13:00:00.000Z,1,51,20170325131
2017-03-25T14:00:00.000Z,1,50,20170325141
2017-03-25T15:00:00.000Z,1,48,20170325151
2017-03-25T16:00:00.000Z,1,51,20170325161
2017-03-25T17:00:00.000Z,1,54,20170325171
2017-03-25T18:00:00.000Z,1,63,20170325181
2017-03-25T19:00:00.000Z,1,60,20170325191
2017-03-25T20:00:00.000Z,1,61,20170325201
2017-03-25T21:00:00.000Z,1,64,20170325211
2017-03-25T22:00:00.000Z,1,56,20170325221
2017-03-25T23:00:00.000Z,1,56,20170325231
2017-03-26T00:00:00.000Z,1,51,20170326001
2017-03-26T01:00:00.000Z,1,45,20170326011
2017-03-26T02:00:00.000Z,1,37,20170326021
2017-03-26T03:00:00.000Z,1,35,20170326031
2017-03-26T04:00:00.000Z,1,30,20170326041
2017-03-26T05:00:00.000Z,1,29,20170326051
2017-03-26T06:00:00.000Z,1,28,20170326061
2017-03-26T07:00:00.000Z,1,32,20170326071
2017-03-26T08:00:00.000Z,1,38,20170326081
2017-03-26T09:00:00.000Z,1,43,20170326091
2017-03-26T10:00:00.000Z,1,51,20170326101
2017-03-26T11:00:00.000Z,1,49,20170326111
2017-03-26T12:00:00.000Z,1,48,20170326121
2017-03-26T13:00:00.000Z,1,45,20170326131
2017-03-26T14:00:00.000Z,1,47,20170326141
2017-03-26T15:00:00.000Z,1,47,20170326151
2017-03-26T16:00:00.000Z,1,48,20170326161
2017-03-26T17:00:00.000Z,1,48,20170326171
2017-03-26T18:00:00.000Z,1,57,20170326181
2017-03-26T19:00:00.000Z,1,64,20170326191
2017-03-26T20:00:00.000Z,1,63,20170326201
2017-03-26T21:00:00.000Z,1,62,20170326211
2017-03-26T22:00:00.000Z,1,64,20170326221
2017-03-26T23:00:00.000Z,1,61,20170326231
2017-03-27T00:00:00.000Z,1,51,20170327001
2017-03-27T01:00:00.000Z,1,44,20170327011
2017-03-27T02:00:00.000Z,1,40,20170327021
2017-03-27T03:00:00.000Z,1,36,20170327031
2017-03-27T04:00:00.000Z,1,36,20170327041
2017-03-27T05:00:00.000Z,1,33,20170327051
2017-03-27T06:00:00.000Z,1,39,20170327061
2017-03-27T07:00:00.000Z,1,43,20170327071
2017-03-27T08:00:00.000Z,1,49,20170327081
2017-03-27T09:00:00.000Z,1,62,20170327091
2017-03-27T10:00:00.000Z,1,79,20170327101
2017-03-27T11:00:00.000Z,1,105,20170327111
2017-03-27T12:00:00.000Z,1,99,20170327121
2017-03-27T13:00:00.000Z,1,88,20170327131
2017-03-27T14:00:00.000Z,1,94,20170327141
2017-03-27T15:00:00.000Z,1,89,20170327151
2017-03-27T16:00:00.000Z,1,82,20170327161
2017-03-27T17:00:00.000Z,1,86,20170327171
2017-03-27T18:00:00.000Z,1,89,20170327181
2017-03-27T19:00:00.000Z,1,108,20170327191
2017-03-27T20:00:00.000Z,1,95,20170327201
2017-03-27T21:00:00.000Z,1,86,20170327211
2017-03-27T22:00:00.000Z,1,83,20170327221
2017-03-27T23:00:00.000Z,1,84,20170327231
2017-03-28T00:00:00.000Z,1,74,20170328001
2017-03-28T01:00:00.000Z,1,66,20170328011
2017-03-28T02:00:00.000Z,1,57,20170328021
2017-03-28T03:00:00.000Z,1,46,20170328031
2017-03-28T04:00:00.000Z,1,37,20170328041
2017-03-28T05:00:00.000Z,1,39,20170328051
2017-03-28T06:00:00.000Z,1,51,20170328061
2017-03-28T07:00:00.000Z,1,53,20170328071
2017-03-28T08:00:00.000Z,1,58,20170328081
2017-03-28T09:00:00.000Z,1,66,20170328091
2017-03-28T10:00:00.000Z,1,71,20170328101
2017-03-28T11:00:00.000Z,1,84,20170328111
2017-03-28T12:00:00.000Z,1,93,20170328121
2017-03-28T13:00:00.000Z,1,82,20170328131
2017-03-28T14:00:00.000Z,1,85,20170328141
2017-03-28T15:00:00.000Z,1,86,20170328151
2017-03-28T16:00:00.000Z,1,86,20170328161
2017-03-28T17:00:00.000Z,1,84,20170328171
2017-03-28T18:00:00.000Z,1,82,20170328181
2017-03-28T19:00:00.000Z,1,92,20170328191
2017-03-28T20:00:00.000Z,1,88,20170328201
2017-03-28T21:00:00.000Z,1,78,20170328211
2017-03-28T22:00:00.000Z,1,79,20170328221
2017-03-28T23:00:00.000Z,1,79,20170328231
2017-03-29T00:00:00.000Z,1,74,20170329001
2017-03-29T01:00:00.000Z,1,61,20170329011
2017-03-29T02:00:00.000Z,1,53,20170329021
2017-03-29T03:00:00.000Z,1,44,20170329031
2017-03-29T04:00:00.000Z,1,36,20170329041
2017-03-29T05:00:00.000Z,1,39,20170329051
2017-03-29T06:00:00.000Z,1,40,20170329061
2017-03-29T07:00:00.000Z,1,43,20170329071
2017-03-29T08:00:00.000Z,1,53,20170329081
2017-03-29T09:00:00.000Z,1,55,20170329091
2017-03-29T10:00:00.000Z,1,66,20170329101
2017-03-29T11:00:00.000Z,1,78,20170329111
2017-03-29T12:00:00.000Z,1,79,20170329121
2017-03-29T13:00:00.000Z,1,72,20170329131
2017-03-29T14:00:00.000Z,1,77,20170329141
2017-03-29T15:00:00.000Z,1,74,20170329151
2017-03-29T16:00:00.000Z,1,74,20170329161
2017-03-29T17:00:00.000Z,1,76,20170329171
2017-03-29T18:00:00.000Z,1,81,20170329181
2017-03-29T19:00:00.000Z,1,83,20170329191
2017-03-29T20:00:00.000Z,1,86,20170329201
2017-03-29T21:00:00.000Z,1,92,20170329211
2017-03-29T22:00:00.000Z,1,84,20170329221
2017-03-29T23:00:00.000Z,1,85,20170329231
2017-03-30T00:00:00.000Z,1,73,20170330001
2017-03-30T01:00:00.000Z,1,68,20170330011
2017-03-30T02:00:00.000Z,1,54,20170330021
2017-03-30T03:00:00.000Z,1,48,20170330031
2017-03-30T04:00:00.000Z,1,41,20170330041
2017-03-30T05:00:00.000Z,1,40,20170330051
2017-03-30T06:00:00.000Z,1,41,20170330061
2017-03-30T07:00:00.000Z,1,48,20170330071
2017-03-30T08:00:00.000Z,1,57,20170330081
2017-03-30T09:00:00.000Z,1,61,20170330091
2017-03-30T10:00:00.000Z,1,78,20170330101
2017-03-30T11:00:00.000Z,1,87,20170330111
2017-03-30T12:00:00.000Z,1,90,20170330121
2017-03-30T13:00:00.000Z,1,80,20170330131
2017-03-30T14:00:00.000Z,1,91,20170330141
2017-03-30T15:00:00.000Z,1,90,20170330151
2017-03-30T16:00:00.000Z,1,82,20170330161
2017-03-30T17:00:00.000Z,1,88,20170330171
2017-03-30T18:00:00.000Z,1,93,20170330181
2017-03-30T19:00:00.000Z,1,90,20170330191
2017-03-30T20:00:00.000Z,1,82,20170330201
2017-03-30T21:00:00.000Z,1,79,20170330211
2017-03-30T22:00:00.000Z,1,81,20170330221
2017-03-30T23:00:00.000Z,1,81,20170330231
2017-03-31T00:00:00.000Z,1,70,20170331001
2017-03-31T01:00:00.000Z,1,58,20170331011
2017-03-31T02:00:00.000Z,1,52,20170331021
2017-03-31T03:00:00.000Z,1,44,20170331031
2017-03-31T04:00:00.000Z,1,38,20170331041
2017-03-31T05:00:00.000Z,1,34,20170331051
2017-03-31T06:00:00.000Z,1,38,20170331061
2017-03-31T07:00:00.000Z,1,44,20170331071
2017-03-31T08:00:00.000Z,1,48,20170331081
2017-03-31T09:00:00.000Z,1,57,20170331091
2017-03-31T10:00:00.000Z,1,75,20170331101
2017-03-31T11:00:00.000Z,1,76,20170331111
2017-03-31T12:00:00.000Z,1,81,20170331121
2017-03-31T13:00:00.000Z,1,70,20170331131
2017-03-31T14:00:00.000Z,1,79,20170331141
2017-03-31T15:00:00.000Z,1,77,20170331151
2017-03-31T16:00:00.000Z,1,71,20170331161
2017-03-31T17:00:00.000Z,1,69,20170331171
2017-03-31T18:00:00.000Z,1,77,20170331181
2017-03-31T19:00:00.000Z,1,80,20170331191
2017-03-31T20:00:00.000Z,1,78,20170331201
2017-03-31T21:00:00.000Z,1,66,20170331211
2017-03-31T22:00:00.000Z,1,69,20170331221
2017-03-31T23:00:00.000Z,1,68,20170331231
2017-04-01T00:00:00.000Z,1,63,20170401001
2017-04-01T01:00:00.000Z,1,53,20170401011
2017-04-01T02:00:00.000Z,1,41,20170401021
2017-04-01T03:00:00.000Z,1,39,20170401031
2017-04-01T04:00:00.000Z,1,31,20170401041
2017-04-01T05:00:00.000Z,1,28,20170401051
2017-04-01T06:00:00.000Z,1,34,20170401061
2017-04-01T07:00:00.000Z,1,32,20170401071
2017-04-01T08:00:00.000Z,1,36,20170401081
2017-04-01T09:00:00.000Z,1,44,20170401091
2017-04-01T10:00:00.000Z,1,54,20170401101
2017-04-01T11:00:00.000Z,1,53,20170401111
2017-04-01T12:00:00.000Z,1,53,20170401121
2017-04-01T13:00:00.000Z,1,49,20170401131
2017-04-01T14:00:00.000Z,1,49,20170401141
2017-04-01T15:00:00.000Z,1,49,20170401151
2017-04-01T16:00:00.000Z,1,50,20170401161
2017-04-01T17:00:00.000Z,1,45,20170401171
2017-04-01T18:00:00.000Z,1,46,20170401181
2017-04-01T19:00:00.000Z,1,68,20170401191
2017-04-01T20:00:00.000Z,1,74,20170401201
2017-04-01T21:00:00.000Z,1,68,20170401211
2017-04-01T22:00:00.000Z,1,63,20170401221
2017-04-01T23:00:00.000Z,1,64,20170401231
2017-04-02T00:00:00.000Z,1,54,20170402001
2017-04-02T01:00:00.000Z,1,48,20170402011
2017-04-02T02:00:00.000Z,1,37,20170402021
2017-04-02T03:00:00.000Z,1,34,20170402031
2017-04-02T04:00:00.000Z,1,31,20170402041
2017-04-02T05:00:00.000Z,1,27,20170402051
2017-04-02T06:00:00.000Z,1,29,20170402061
2017-04-02T07:00:00.000Z,1,33,20170402071
2017-04-02T08:00:00.000Z,1,34,20170402081
2017-04-02T09:00:00.000Z,1,45,20170402091
2017-04-02T10:00:00.000Z,1,52,20170402101
2017-04-02T11:00:00.000Z,1,54,20170402111
2017-04-02T12:00:00.000Z,1,56,20170402121
2017-04-02T13:00:00.000Z,1,50,20170402131
2017-04-02T14:00:00.000Z,1,51,20170402141
2017-04-02T15:00:00.000Z,1,50,20170402151
2017-04-02T16:00:00.000Z,1,51,20170402161
2017-04-02T17:00:00.000Z,1,57,20170402171
2017-04-02T18:00:00.000Z,1,71,20170402181
2017-04-02T19:00:00.000Z,1,70,20170402191
2017-04-02T20:00:00.000Z,1,68,20170402201
2017-04-02T21:00:00.000Z,1,67,20170402211
2017-04-02T22:00:00.000Z,1,72,20170402221
2017-04-02T23:00:00.000Z,1,69,20170402231
2017-04-03T00:00:00.000Z,1,62,20170403001
2017-04-03T01:00:00.000Z,1,53,20170403011
2017-04-03T02:00:00.000Z,1,39,20170403021
2017-04-03T03:00:00.000Z,1,33,20170403031
2017-04-03T04:00:00.000Z,1,33,20170403041
2017-04-03T05:00:00.000Z,1,34,20170403051
2017-04-03T06:00:00.000Z,1,39,20170403061
2017-04-03T07:00:00.000Z,1,49,20170403071
2017-04-03T08:00:00.000Z,1,50,20170403081
2017-04-03T09:00:00.000Z,1,62,20170403091
2017-04-03T10:00:00.000Z,1,77,20170403101
2017-04-03T11:00:00.000Z,1,85,20170403111
2017-04-03T12:00:00.000Z,1,93,20170403121
2017-04-03T13:00:00.000Z,1,79,20170403131
2017-04-03T14:00:00.000Z,1,90,20170403141
2017-04-03T15:00:00.000Z,1,90,20170403151
2017-04-03T16:00:00.000Z,1,88,20170403161
2017-04-03T17:00:00.000Z,1,85,20170403171
2017-04-03T18:00:00.000Z,1,88,20170403181
2017-04-03T19:00:00.000Z,1,105,20170403191
2017-04-03T20:00:00.000Z,1,95,20170403201
2017-04-03T21:00:00.000Z,1,90,20170403211
2017-04-03T22:00:00.000Z,1,87,20170403221
2017-04-03T23:00:00.000Z,1,83,20170403231
2017-04-04T00:00:00.000Z,1,73,20170404001
2017-04-04T01:00:00.000Z,1,62,20170404011
2017-04-04T02:00:00.000Z,1,53,20170404021
2017-04-04T03:00:00.000Z,1,41,20170404031
2017-04-04T04:00:00.000Z,1,40,20170404041
2017-04-04T05:00:00.000Z,1,40,20170404051
2017-04-04T06:00:00.000Z,1,44,20170404061
2017-04-04T07:00:00.000Z,1,48,20170404071
2017-04-04T08:00:00.000Z,1,55,20170404081
2017-04-04T09:00:00.000Z,1,59,20170404091
2017-04-04T10:00:00.000Z,1,72,20170404101
2017-04-04T11:00:00.000Z,1,83,20170404111
2017-04-04T12:00:00.000Z,1,95,20170404121
2017-04-04T13:00:00.000Z,1,95,20170404131
2017-04-04T14:00:00.000Z,1,98,20170404141
2017-04-04T15:00:00.000Z,1,95,20170404151
2017-04-04T16:00:00.000Z,1,89,20170404161
2017-04-04T17:00:00.000Z,1,90,20170404171
2017-04-04T18:00:00.000Z,1,93,20170404181
2017-04-04T19:00:00.000Z,1,100,20170404191
2017-04-04T20:00:00.000Z,1,97,20170404201
2017-04-04T21:00:00.000Z,1,87,20170404211
2017-04-04T22:00:00.000Z,1,87,20170404221
2017-04-04T23:00:00.000Z,1,85,20170404231
2017-04-05T00:00:00.000Z,1,81,20170405001
2017-04-05T01:00:00.000Z,1,66,20170405011
2017-04-05T02:00:00.000Z,1,57,20170405021
2017-04-05T03:00:00.000Z,1,47,20170405031
2017-04-05T04:00:00.000Z,1,41,20170405041
2017-04-05T05:00:00.000Z,1,45,20170405051
2017-04-05T06:00:00.000Z,1,48,20170405061
2017-04-05T07:00:00.000Z,1,53,20170405071
2017-04-05T08:00:00.000Z,1,66,20170405081
2017-04-05T09:00:00.000Z,1,74,20170405091
2017-04-05T10:00:00.000Z,1,81,20170405101
2017-04-05T11:00:00.000Z,1,93,20170405111
2017-04-05T12:00:00.000Z,1,92,20170405121
2017-04-05T13:00:00.000Z,1,85,20170405131
2017-04-05T14:00:00.000Z,1,91,20170405141
2017-04-05T15:00:00.000Z,1,91,20170405151
2017-04-05T16:00:00.000Z,1,81,20170405161
2017-04-05T17:00:00.000Z,1,84,20170405171
2017-04-05T18:00:00.000Z,1,90,20170405181
2017-04-05T19:00:00.000Z,1,95,20170405191
2017-04-05T20:00:00.000Z,1,93,20170405201
2017-04-05T21:00:00.000Z,1,87,20170405211
2017-04-05T22:00:00.000Z,1,87,20170405221
2017-04-05T23:00:00.000Z,1,80,20170405231
2017-04-06T00:00:00.000Z,1,74,20170406001
2017-04-06T01:00:00.000Z,1,62,20170406011
2017-04-06T02:00:00.000Z,1,52,20170406021
2017-04-06T03:00:00.000Z,1,45,20170406031
2017-04-06T04:00:00.000Z,1,41,20170406041
2017-04-06T05:00:00.000Z,1,40,20170406051
2017-04-06T06:00:00.000Z,1,48,20170406061
2017-04-06T07:00:00.000Z,1,53,20170406071
2017-04-06T08:00:00.000Z,1,56,20170406081
2017-04-06T09:00:00.000Z,1,61,20170406091
2017-04-06T10:00:00.000Z,1,76,20170406101
2017-04-06T11:00:00.000Z,1,94,20170406111
2017-04-06T12:00:00.000Z,1,92,20170406121
2017-04-06T13:00:00.000Z,1,95,20170406131
2017-04-06T14:00:00.000Z,1,93,20170406141
2017-04-06T15:00:00.000Z,1,98,20170406151
2017-04-06T16:00:00.000Z,1,88,20170406161
2017-04-06T17:00:00.000Z,1,86,20170406171
2017-04-06T18:00:00.000Z,1,100,20170406181
2017-04-06T19:00:00.000Z,1,98,20170406191
2017-04-06T20:00:00.000Z,1,98,20170406201
2017-04-06T21:00:00.000Z,1,85,20170406211
2017-04-06T22:00:00.000Z,1,87,20170406221
2017-04-06T23:00:00.000Z,1,83,20170406231
2017-04-07T00:00:00.000Z,1,77,20170407001
2017-04-07T01:00:00.000Z,1,63,20170407011
2017-04-07T02:00:00.000Z,1,50,20170407021
2017-04-07T03:00:00.000Z,1,45,20170407031
2017-04-07T04:00:00.000Z,1,36,20170407041
2017-04-07T05:00:00.000Z,1,35,20170407051
2017-04-07T06:00:00.000Z,1,41,20170407061
2017-04-07T07:00:00.000Z,1,48,20170407071
2017-04-07T08:00:00.000Z,1,53,20170407081
2017-04-07T09:00:00.000Z,1,61,20170407091
2017-04-07T10:00:00.000Z,1,71,20170407101
2017-04-07T11:00:00.000Z,1,86,20170407111
2017-04-07T12:00:00.000Z,1,84,20170407121
2017-04-07T13:00:00.000Z,1,75,20170407131
2017-04-07T14:00:00.000Z,1,82,20170407141
2017-04-07T15:00:00.000Z,1,78,20170407151
2017-04-07T16:00:00.000Z,1,73,20170407161
2017-04-07T17:00:00.000Z,1,73,20170407171
2017-04-07T18:00:00.000Z,1,79,20170407181
2017-04-07T19:00:00.000Z,1,79,20170407191
2017-04-07T20:00:00.000Z,1,79,20170407201
2017-04-07T21:00:00.000Z,1,70,20170407211
2017-04-07T22:00:00.000Z,1,66,20170407221
2017-04-07T23:00:00.000Z,1,65,20170407231
2017-04-08T00:00:00.000Z,1,63,20170408001
2017-04-08T01:00:00.000Z,1,51,20170408011
2017-04-08T02:00:00.000Z,1,47,20170408021
2017-04-08T03:00:00.000Z,1,37,20170408031
2017-04-08T04:00:00.000Z,1,38,20170408041
2017-04-08T05:00:00.000Z,1,26,20170408051
2017-04-08T06:00:00.000Z,1,32,20170408061
2017-04-08T07:00:00.000Z,1,33,20170408071
2017-04-08T08:00:00.000Z,1,35,20170408081
2017-04-08T09:00:00.000Z,1,43,20170408091
2017-04-08T10:00:00.000Z,1,56,20170408101
2017-04-08T11:00:00.000Z,1,63,20170408111
2017-04-08T12:00:00.000Z,1,59,20170408121
2017-04-08T13:00:00.000Z,1,54,20170408131
2017-04-08T14:00:00.000Z,1,52,20170408141
2017-04-08T15:00:00.000Z,1,52,20170408151
2017-04-08T16:00:00.000Z,1,52,20170408161
2017-04-08T17:00:00.000Z,1,50,20170408171
2017-04-08T18:00:00.000Z,1,59,20170408181
2017-04-08T19:00:00.000Z,1,72,20170408191
2017-04-08T20:00:00.000Z,1,73,20170408201
2017-04-08T21:00:00.000Z,1,68,20170408211
2017-04-08T22:00:00.000Z,1,70,20170408221
2017-04-08T23:00:00.000Z,1,68,20170408231
2017-04-09T00:00:00.000Z,1,61,20170409001
2017-04-09T01:00:00.000Z,1,47,20170409011
2017-04-09T02:00:00.000Z,1,41,20170409021
2017-04-09T03:00:00.000Z,1,40,20170409031
2017-04-09T04:00:00.000Z,1,37,20170409041
2017-04-09T05:00:00.000Z,1,30,20170409051
2017-04-09T06:00:00.000Z,1,35,20170409061
2017-04-09T07:00:00.000Z,1,42,20170409071
2017-04-09T08:00:00.000Z,1,43,20170409081
2017-04-09T09:00:00.000Z,1,50,20170409091
2017-04-09T10:00:00.000Z,1,53,20170409101
2017-04-09T11:00:00.000Z,1,52,20170409111
2017-04-09T12:00:00.000Z,1,56,20170409121
2017-04-09T13:00:00.000Z,1,54,20170409131
2017-04-09T14:00:00.000Z,1,56,20170409141
2017-04-09T15:00:00.000Z,1,53,20170409151
2017-04-09T16:00:00.000Z,1,52,20170409161
2017-04-09T17:00:00.000Z,1,59,20170409171
2017-04-09T18:00:00.000Z,1,62,20170409181
2017-04-09T19:00:00.000Z,1,69,20170409191
2017-04-09T20:00:00.000Z,1,77,20170409201
2017-04-09T21:00:00.000Z,1,71,20170409211
2017-04-09T22:00:00.000Z,1,68,20170409221
2017-04-09T23:00:00.000Z,1,63,20170409231
2017-04-10T00:00:00.000Z,1,62,20170410001
2017-04-10T01:00:00.000Z,1,54,20170410011
2017-04-10T02:00:00.000Z,1,43,20170410021
2017-04-10T03:00:00.000Z,1,35,20170410031
2017-04-10T04:00:00.000Z,1,32,20170410041
2017-04-10T05:00:00.000Z,1,33,20170410051
2017-04-10T06:00:00.000Z,1,42,20170410061
2017-04-10T07:00:00.000Z,1,48,20170410071
2017-04-10T08:00:00.000Z,1,51,20170410081
2017-04-10T09:00:00.000Z,1,63,20170410091
2017-04-10T10:00:00.000Z,1,78,20170410101
2017-04-10T11:00:00.000Z,1,114,20170410111
2017-04-10T12:00:00.000Z,1,109,20170410121
2017-04-10T13:00:00.000Z,1,95,20170410131
2017-04-10T14:00:00.000Z,1,99,20170410141
2017-04-10T15:00:00.000Z,1,97,20170410151
2017-04-10T16:00:00.000Z,1,96,20170410161
2017-04-10T17:00:00.000Z,1,96,20170410171
2017-04-10T18:00:00.000Z,1,98,20170410181
2017-04-10T19:00:00.000Z,1,107,20170410191
2017-04-10T20:00:00.000Z,1,100,20170410201
2017-04-10T21:00:00.000Z,1,89,20170410211
2017-04-10T22:00:00.000Z,1,86,20170410221
2017-04-10T23:00:00.000Z,1,83,20170410231
2017-04-11T00:00:00.000Z,1,77,20170411001
2017-04-11T01:00:00.000Z,1,61,20170411011
2017-04-11T02:00:00.000Z,1,58,20170411021
2017-04-11T03:00:00.000Z,1,44,20170411031
2017-04-11T04:00:00.000Z,1,38,20170411041
2017-04-11T05:00:00.000Z,1,37,20170411051
2017-04-11T06:00:00.000Z,1,43,20170411061
2017-04-11T07:00:00.000Z,1,49,20170411071
2017-04-11T08:00:00.000Z,1,54,20170411081
2017-04-11T09:00:00.000Z,1,59,20170411091
2017-04-11T10:00:00.000Z,1,82,20170411101
2017-04-11T11:00:00.000Z,1,94,20170411111
2017-04-11T12:00:00.000Z,1,90,20170411121
2017-04-11T13:00:00.000Z,1,99,20170411131
2017-04-11T14:00:00.000Z,1,101,20170411141
2017-04-11T15:00:00.000Z,1,93,20170411151
2017-04-11T16:00:00.000Z,1,91,20170411161
2017-04-11T17:00:00.000Z,1,90,20170411171
2017-04-11T18:00:00.000Z,1,99,20170411181
2017-04-11T19:00:00.000Z,1,100,20170411191
2017-04-11T20:00:00.000Z,1,93,20170411201
2017-04-11T21:00:00.000Z,1,88,20170411211
2017-04-11T22:00:00.000Z,1,90,20170411221
2017-04-11T23:00:00.000Z,1,82,20170411231
2017-04-12T00:00:00.000Z,1,66,20170412001
2017-04-12T01:00:00.000Z,1,66,20170412011
2017-04-12T02:00:00.000Z,1,50,20170412021
2017-04-12T03:00:00.000Z,1,42,20170412031
2017-04-12T04:00:00.000Z,1,42,20170412041
2017-04-12T05:00:00.000Z,1,40,20170412051
2017-04-12T06:00:00.000Z,1,40,20170412061
2017-04-12T07:00:00.000Z,1,49,20170412071
2017-04-12T08:00:00.000Z,1,53,20170412081
2017-04-12T09:00:00.000Z,1,62,20170412091
2017-04-12T10:00:00.000Z,1,76,20170412101
2017-04-12T11:00:00.000Z,1,89,20170412111
2017-04-12T12:00:00.000Z,1,92,20170412121
2017-04-12T13:00:00.000Z,1,82,20170412131
2017-04-12T14:00:00.000Z,1,91,20170412141
2017-04-12T15:00:00.000Z,1,92,20170412151
2017-04-12T16:00:00.000Z,1,83,20170412161
2017-04-12T17:00:00.000Z,1,84,20170412171
2017-04-12T18:00:00.000Z,1,92,20170412181
2017-04-12T19:00:00.000Z,1,86,20170412191
2017-04-12T20:00:00.000Z,1,87,20170412201
2017-04-12T21:00:00.000Z,1,83,20170412211
2017-04-12T22:00:00.000Z,1,83,20170412221
2017-04-12T23:00:00.000Z,1,75,20170412231
2017-04-13T00:00:00.000Z,1,73,20170413001
2017-04-13T01:00:00.000Z,1,63,20170413011
2017-04-13T02:00:00.000Z,1,53,20170413021
2017-04-13T03:00:00.000Z,1,42,20170413031
2017-04-13T04:00:00.000Z,1,35,20170413041
2017-04-13T05:00:00.000Z,1,36,20170413051
2017-04-13T06:00:00.000Z,1,40,20170413061
2017-04-13T07:00:00.000Z,1,46,20170413071
2017-04-13T08:00:00.000Z,1,50,20170413081
2017-04-13T09:00:00.000Z,1,58,20170413091
2017-04-13T10:00:00.000Z,1,80,20170413101
2017-04-13T11:00:00.000Z,1,89,20170413111
2017-04-13T12:00:00.000Z,1,92,20170413121
2017-04-13T13:00:00.000Z,1,76,20170413131
2017-04-13T14:00:00.000Z,1,84,20170413141
2017-04-13T15:00:00.000Z,1,78,20170413151
2017-04-13T16:00:00.000Z,1,77,20170413161
2017-04-13T17:00:00.000Z,1,73,20170413171
2017-04-13T18:00:00.000Z,1,79,20170413181
2017-04-13T19:00:00.000Z,1,84,20170413191
2017-04-13T20:00:00.000Z,1,80,20170413201
2017-04-13T21:00:00.000Z,1,75,20170413211
2017-04-13T22:00:00.000Z,1,76,20170413221
2017-04-13T23:00:00.000Z,1,72,20170413231
2017-04-14T00:00:00.000Z,1,67,20170414001
2017-04-14T01:00:00.000Z,1,56,20170414011
2017-04-14T02:00:00.000Z,1,49,20170414021
2017-04-14T03:00:00.000Z,1,40,20170414031
2017-04-14T04:00:00.000Z,1,33,20170414041
2017-04-14T05:00:00.000Z,1,34,20170414051
2017-04-14T06:00:00.000Z,1,35,20170414061
2017-04-14T07:00:00.000Z,1,42,20170414071
2017-04-14T08:00:00.000Z,1,43,20170414081
2017-04-14T09:00:00.000Z,1,50,20170414091
2017-04-14T10:00:00.000Z,1,60,20170414101
2017-04-14T11:00:00.000Z,1,68,20170414111
2017-04-14T12:00:00.000Z,1,69,20170414121
2017-04-14T13:00:00.000Z,1,58,20170414131
2017-04-14T14:00:00.000Z,1,60,20170414141
2017-04-14T15:00:00.000Z,1,59,20170414151
2017-04-14T16:00:00.000Z,1,58,20170414161
2017-04-14T17:00:00.000Z,1,60,20170414171
2017-04-14T18:00:00.000Z,1,65,20170414181
2017-04-14T19:00:00.000Z,1,68,20170414191
2017-04-14T20:00:00.000Z,1,70,20170414201
2017-04-14T21:00:00.000Z,1,69,20170414211
2017-04-14T22:00:00.000Z,1,66,20170414221
2017-04-14T23:00:00.000Z,1,67,20170414231
2017-04-15T00:00:00.000Z,1,57,20170415001
2017-04-15T01:00:00.000Z,1,48,20170415011
2017-04-15T02:00:00.000Z,1,40,20170415021
2017-04-15T03:00:00.000Z,1,33,20170415031
2017-04-15T04:00:00.000Z,1,28,20170415041
2017-04-15T05:00:00.000Z,1,26,20170415051
2017-04-15T06:00:00.000Z,1,27,20170415061
2017-04-15T07:00:00.000Z,1,29,20170415071
2017-04-15T08:00:00.000Z,1,36,20170415081
2017-04-15T09:00:00.000Z,1,41,20170415091
2017-04-15T10:00:00.000Z,1,50,20170415101
2017-04-15T11:00:00.000Z,1,52,20170415111
2017-04-15T12:00:00.000Z,1,49,20170415121
2017-04-15T13:00:00.000Z,1,48,20170415131
2017-04-15T14:00:00.000Z,1,46,20170415141
2017-04-15T15:00:00.000Z,1,45,20170415151
2017-04-15T16:00:00.000Z,1,44,20170415161
2017-04-15T17:00:00.000Z,1,47,20170415171
2017-04-15T18:00:00.000Z,1,53,20170415181
2017-04-15T19:00:00.000Z,1,59,20170415191
2017-04-15T20:00:00.000Z,1,57,20170415201
2017-04-15T21:00:00.000Z,1,56,20170415211
2017-04-15T22:00:00.000Z,1,54,20170415221
2017-04-15T23:00:00.000Z,1,51,20170415231
2017-04-16T00:00:00.000Z,1,51,20170416001
2017-04-16T01:00:00.000Z,1,43,20170416011
2017-04-16T02:00:00.000Z,1,34,20170416021
2017-04-16T03:00:00.000Z,1,28,20170416031
2017-04-16T04:00:00.000Z,1,25,20170416041
2017-04-16T05:00:00.000Z,1,26,20170416051
2017-04-16T06:00:00.000Z,1,31,20170416061
2017-04-16T07:00:00.000Z,1,30,20170416071
2017-04-16T08:00:00.000Z,1,36,20170416081
2017-04-16T09:00:00.000Z,1,37,20170416091
2017-04-16T10:00:00.000Z,1,42,20170416101
2017-04-16T11:00:00.000Z,1,47,20170416111
2017-04-16T12:00:00.000Z,1,50,20170416121
2017-04-16T13:00:00.000Z,1,42,20170416131
2017-04-16T14:00:00.000Z,1,43,20170416141
2017-04-16T15:00:00.000Z,1,47,20170416151
2017-04-16T16:00:00.000Z,1,42,20170416161
2017-04-16T17:00:00.000Z,1,49,20170416171
2017-04-16T18:00:00.000Z,1,52,20170416181
2017-04-16T19:00:00.000Z,1,58,20170416191
2017-04-16T20:00:00.000Z,1,62,20170416201
2017-04-16T21:00:00.000Z,1,59,20170416211
2017-04-16T22:00:00.000Z,1,61,20170416221
2017-04-16T23:00:00.000Z,1,58,20170416231
2017-04-17T00:00:00.000Z,1,51,20170417001
2017-04-17T01:00:00.000Z,1,43,20170417011
2017-04-17T02:00:00.000Z,1,35,20170417021
2017-04-17T03:00:00.000Z,1,34,20170417031
2017-04-17T04:00:00.000Z,1,30,20170417041
2017-04-17T05:00:00.000Z,1,32,20170417051
2017-04-17T06:00:00.000Z,1,39,20170417061
2017-04-17T07:00:00.000Z,1,45,20170417071
2017-04-17T08:00:00.000Z,1,49,20170417081
2017-04-17T09:00:00.000Z,1,58,20170417091
2017-04-17T10:00:00.000Z,1,87,20170417101
2017-04-17T11:00:00.000Z,1,87,20170417111
2017-04-17T12:00:00.000Z,1,89,20170417121
2017-04-17T13:00:00.000Z,1,76,20170417131
2017-04-17T14:00:00.000Z,1,84,20170417141
2017-04-17T15:00:00.000Z,1,84,20170417151
2017-04-17T16:00:00.000Z,1,80,20170417161
2017-04-17T17:00:00.000Z,1,82,20170417171
2017-04-17T18:00:00.000Z,1,82,20170417181
2017-04-17T19:00:00.000Z,1,82,20170417191
2017-04-17T20:00:00.000Z,1,87,20170417201
2017-04-17T21:00:00.000Z,1,83,20170417211
2017-04-17T22:00:00.000Z,1,82,20170417221
2017-04-17T23:00:00.000Z,1,77,20170417231
2017-04-18T00:00:00.000Z,1,70,20170418001
2017-04-18T01:00:00.000Z,1,61,20170418011
2017-04-18T02:00:00.000Z,1,51,20170418021
2017-04-18T03:00:00.000Z,1,42,20170418031
2017-04-18T04:00:00.000Z,1,35,20170418041
2017-04-18T05:00:00.000Z,1,38,20170418051
2017-04-18T06:00:00.000Z,1,45,20170418061
2017-04-18T07:00:00.000Z,1,49,20170418071
2017-04-18T08:00:00.000Z,1,54,20170418081
2017-04-18T09:00:00.000Z,1,59,20170418091
2017-04-18T10:00:00.000Z,1,74,20170418101
2017-04-18T11:00:00.000Z,1,84,20170418111
2017-04-18T12:00:00.000Z,1,94,20170418121
2017-04-18T13:00:00.000Z,1,80,20170418131
2017-04-18T14:00:00.000Z,1,86,20170418141
2017-04-18T15:00:00.000Z,1,85,20170418151
2017-04-18T16:00:00.000Z,1,84,20170418161
2017-04-18T17:00:00.000Z,1,87,20170418171
2017-04-18T18:00:00.000Z,1,88,20170418181
2017-04-18T19:00:00.000Z,1,95,20170418191
2017-04-18T20:00:00.000Z,1,92,20170418201
2017-04-18T21:00:00.000Z,1,89,20170418211
2017-04-18T22:00:00.000Z,1,80,20170418221
2017-04-18T23:00:00.000Z,1,78,20170418231
2017-04-19T00:00:00.000Z,1,68,20170419001
2017-04-19T01:00:00.000Z,1,59,20170419011
2017-04-19T02:00:00.000Z,1,51,20170419021
2017-04-19T03:00:00.000Z,1,41,20170419031
2017-04-19T04:00:00.000Z,1,35,20170419041
2017-04-19T05:00:00.000Z,1,34,20170419051
2017-04-19T06:00:00.000Z,1,43,20170419061
2017-04-19T07:00:00.000Z,1,49,20170419071
2017-04-19T08:00:00.000Z,1,55,20170419081
2017-04-19T09:00:00.000Z,1,61,20170419091
2017-04-19T10:00:00.000Z,1,88,20170419101
2017-04-19T11:00:00.000Z,1,102,20170419111
2017-04-19T12:00:00.000Z,1,96,20170419121
2017-04-19T13:00:00.000Z,1,86,20170419131
2017-04-19T14:00:00.000Z,1,93,20170419141
2017-04-19T15:00:00.000Z,1,92,20170419151
2017-04-19T16:00:00.000Z,1,85,20170419161
2017-04-19T17:00:00.000Z,1,90,20170419171
2017-04-19T18:00:00.000Z,1,97,20170419181
2017-04-19T19:00:00.000Z,1,96,20170419191
2017-04-19T20:00:00.000Z,1,97,20170419201
2017-04-19T21:00:00.000Z,1,91,20170419211
2017-04-19T22:00:00.000Z,1,81,20170419221
2017-04-19T23:00:00.000Z,1,81,20170419231
2017-04-20T00:00:00.000Z,1,79,20170420001
2017-04-20T01:00:00.000Z,1,63,20170420011
2017-04-20T02:00:00.000Z,1,54,20170420021
2017-04-20T03:00:00.000Z,1,44,20170420031
2017-04-20T04:00:00.000Z,1,38,20170420041
2017-04-20T05:00:00.000Z,1,41,20170420051
2017-04-20T06:00:00.000Z,1,46,20170420061
2017-04-20T07:00:00.000Z,1,49,20170420071
2017-04-20T08:00:00.000Z,1,54,20170420081
2017-04-20T09:00:00.000Z,1,63,20170420091
2017-04-20T10:00:00.000Z,1,79,20170420101
2017-04-20T11:00:00.000Z,1,86,20170420111
2017-04-20T12:00:00.000Z,1,93,20170420121
2017-04-20T13:00:00.000Z,1,78,20170420131
2017-04-20T14:00:00.000Z,1,85,20170420141
2017-04-20T15:00:00.000Z,1,90,20170420151
2017-04-20T16:00:00.000Z,1,83,20170420161
2017-04-20T17:00:00.000Z,1,81,20170420171
2017-04-20T18:00:00.000Z,1,86,20170420181
2017-04-20T19:00:00.000Z,1,87,20170420191
2017-04-20T20:00:00.000Z,1,87,20170420201
2017-04-20T21:00:00.000Z,1,83,20170420211
2017-04-20T22:00:00.000Z,1,78,20170420221
2017-04-20T23:00:00.000Z,1,74,20170420231
2017-04-21T00:00:00.000Z,1,70,20170421001
2017-04-21T01:00:00.000Z,1,59,20170421011
2017-04-21T02:00:00.000Z,1,51,20170421021
2017-04-21T03:00:00.000Z,1,43,20170421031
2017-04-21T04:00:00.000Z,1,34,20170421041
2017-04-21T05:00:00.000Z,1,34,20170421051
2017-04-21T06:00:00.000Z,1,38,20170421061
2017-04-21T07:00:00.000Z,1,48,20170421071
2017-04-21T08:00:00.000Z,1,50,20170421081
2017-04-21T09:00:00.000Z,1,56,20170421091
2017-04-21T10:00:00.000Z,1,72,20170421101
2017-04-21T11:00:00.000Z,1,80,20170421111
2017-04-21T12:00:00.000Z,1,98,20170421121
2017-04-21T13:00:00.000Z,1,81,20170421131
2017-04-21T14:00:00.000Z,1,87,20170421141
2017-04-21T15:00:00.000Z,1,86,20170421151
2017-04-21T16:00:00.000Z,1,78,20170421161
2017-04-21T17:00:00.000Z,1,80,20170421171
2017-04-21T18:00:00.000Z,1,85,20170421181
2017-04-21T19:00:00.000Z,1,84,20170421191
2017-04-21T20:00:00.000Z,1,82,20170421201
2017-04-21T21:00:00.000Z,1,76,20170421211
2017-04-21T22:00:00.000Z,1,70,20170421221
2017-04-21T23:00:00.000Z,1,65,20170421231
2017-04-22T00:00:00.000Z,1,61,20170422001
2017-04-22T01:00:00.000Z,1,55,20170422011
2017-04-22T02:00:00.000Z,1,46,20170422021
2017-04-22T03:00:00.000Z,1,40,20170422031
2017-04-22T04:00:00.000Z,1,36,20170422041
2017-04-22T05:00:00.000Z,1,26,20170422051
2017-04-22T06:00:00.000Z,1,30,20170422061
2017-04-22T07:00:00.000Z,1,32,20170422071
2017-04-22T08:00:00.000Z,1,38,20170422081
2017-04-22T09:00:00.000Z,1,41,20170422091
2017-04-22T10:00:00.000Z,1,46,20170422101
2017-04-22T11:00:00.000Z,1,54,20170422111
2017-04-22T12:00:00.000Z,1,58,20170422121
2017-04-22T13:00:00.000Z,1,48,20170422131
2017-04-22T14:00:00.000Z,1,47,20170422141
2017-04-22T15:00:00.000Z,1,48,20170422151
2017-04-22T16:00:00.000Z,1,47,20170422161
2017-04-22T17:00:00.000Z,1,52,20170422171
2017-04-22T18:00:00.000Z,1,56,20170422181
2017-04-22T19:00:00.000Z,1,57,20170422191
2017-04-22T20:00:00.000Z,1,65,20170422201
2017-04-22T21:00:00.000Z,1,61,20170422211
2017-04-22T22:00:00.000Z,1,63,20170422221
2017-04-22T23:00:00.000Z,1,56,20170422231
2017-04-23T00:00:00.000Z,1,54,20170423001
2017-04-23T01:00:00.000Z,1,46,20170423011
2017-04-23T02:00:00.000Z,1,36,20170423021
2017-04-23T03:00:00.000Z,1,38,20170423031
2017-04-23T04:00:00.000Z,1,35,20170423041
2017-04-23T05:00:00.000Z,1,33,20170423051
2017-04-23T06:00:00.000Z,1,33,20170423061
2017-04-23T07:00:00.000Z,1,34,20170423071
2017-04-23T08:00:00.000Z,1,39,20170423081
2017-04-23T09:00:00.000Z,1,45,20170423091
2017-04-23T10:00:00.000Z,1,53,20170423101
2017-04-23T11:00:00.000Z,1,52,20170423111
2017-04-23T12:00:00.000Z,1,62,20170423121
2017-04-23T13:00:00.000Z,1,57,20170423131
2017-04-23T14:00:00.000Z,1,53,20170423141
2017-04-23T15:00:00.000Z,1,53,20170423151
2017-04-23T16:00:00.000Z,1,49,20170423161
2017-04-23T17:00:00.000Z,1,54,20170423171
2017-04-23T18:00:00.000Z,1,63,20170423181
2017-04-23T19:00:00.000Z,1,68,20170423191
2017-04-23T20:00:00.000Z,1,64,20170423201
2017-04-23T21:00:00.000Z,1,65,20170423211
2017-04-23T22:00:00.000Z,1,65,20170423221
2017-04-23T23:00:00.000Z,1,59,20170423231
2017-04-24T00:00:00.000Z,1,59,20170424001
2017-04-24T01:00:00.000Z,1,50,20170424011
2017-04-24T02:00:00.000Z,1,42,20170424021
2017-04-24T03:00:00.000Z,1,38,20170424031
2017-04-24T04:00:00.000Z,1,35,20170424041
2017-04-24T05:00:00.000Z,1,35,20170424051
2017-04-24T06:00:00.000Z,1,48,20170424061
2017-04-24T07:00:00.000Z,1,55,20170424071
2017-04-24T08:00:00.000Z,1,57,20170424081
2017-04-24T09:00:00.000Z,1,61,20170424091
2017-04-24T10:00:00.000Z,1,77,20170424101
2017-04-24T11:00:00.000Z,1,97,20170424111
2017-04-24T12:00:00.000Z,1,97,20170424121
2017-04-24T13:00:00.000Z,1,89,20170424131
2017-04-24T14:00:00.000Z,1,93,20170424141
2017-04-24T15:00:00.000Z,1,87,20170424151
2017-04-24T16:00:00.000Z,1,87,20170424161
2017-04-24T17:00:00.000Z,1,86,20170424171
2017-04-24T18:00:00.000Z,1,92,20170424181
2017-04-24T19:00:00.000Z,1,98,20170424191
2017-04-24T20:00:00.000Z,1,96,20170424201
2017-04-24T21:00:00.000Z,1,92,20170424211
2017-04-24T22:00:00.000Z,1,88,20170424221
2017-04-24T23:00:00.000Z,1,81,20170424231
2017-04-25T00:00:00.000Z,1,77,20170425001
2017-04-25T01:00:00.000Z,1,63,20170425011
2017-04-25T02:00:00.000Z,1,52,20170425021
2017-04-25T03:00:00.000Z,1,48,20170425031
2017-04-25T04:00:00.000Z,1,40,20170425041
2017-04-25T05:00:00.000Z,1,40,20170425051
2017-04-25T06:00:00.000Z,1,47,20170425061
2017-04-25T07:00:00.000Z,1,55,20170425071
2017-04-25T08:00:00.000Z,1,57,20170425081
2017-04-25T09:00:00.000Z,1,69,20170425091
2017-04-25T10:00:00.000Z,1,78,20170425101
2017-04-25T11:00:00.000Z,1,87,20170425111
2017-04-25T12:00:00.000Z,1,92,20170425121
2017-04-25T13:00:00.000Z,1,85,20170425131
2017-04-25T14:00:00.000Z,1,93,20170425141
2017-04-25T15:00:00.000Z,1,87,20170425151
2017-04-25T16:00:00.000Z,1,88,20170425161
2017-04-25T17:00:00.000Z,1,82,20170425171
2017-04-25T18:00:00.000Z,1,89,20170425181
2017-04-25T19:00:00.000Z,1,94,20170425191
2017-04-25T20:00:00.000Z,1,93,20170425201
2017-04-25T21:00:00.000Z,1,89,20170425211
2017-04-25T22:00:00.000Z,1,83,20170425221
2017-04-25T23:00:00.000Z,1,79,20170425231
2017-04-26T00:00:00.000Z,1,71,20170426001
2017-04-26T01:00:00.000Z,1,61,20170426011
2017-04-26T02:00:00.000Z,1,55,20170426021
2017-04-26T03:00:00.000Z,1,46,20170426031
2017-04-26T04:00:00.000Z,1,41,20170426041
2017-04-26T05:00:00.000Z,1,38,20170426051
2017-04-26T06:00:00.000Z,1,43,20170426061
2017-04-26T07:00:00.000Z,1,49,20170426071
2017-04-26T08:00:00.000Z,1,54,20170426081
2017-04-26T09:00:00.000Z,1,63,20170426091
2017-04-26T10:00:00.000Z,1,78,20170426101
2017-04-26T11:00:00.000Z,1,89,20170426111
2017-04-26T12:00:00.000Z,1,94,20170426121
2017-04-26T13:00:00.000Z,1,78,20170426131
2017-04-26T14:00:00.000Z,1,88,20170426141
2017-04-26T15:00:00.000Z,1,89,20170426151
2017-04-26T16:00:00.000Z,1,86,20170426161
2017-04-26T17:00:00.000Z,1,89,20170426171
2017-04-26T18:00:00.000Z,1,96,20170426181
2017-04-26T19:00:00.000Z,1,95,20170426191
2017-04-26T20:00:00.000Z,1,88,20170426201
2017-04-26T21:00:00.000Z,1,78,20170426211
2017-04-26T22:00:00.000Z,1,84,20170426221
2017-04-26T23:00:00.000Z,1,78,20170426231
2017-04-27T00:00:00.000Z,1,76,20170427001
2017-04-27T01:00:00.000Z,1,65,20170427011
2017-04-27T02:00:00.000Z,1,54,20170427021
2017-04-27T03:00:00.000Z,1,45,20170427031
2017-04-27T04:00:00.000Z,1,39,20170427041
2017-04-27T05:00:00.000Z,1,38,20170427051
2017-04-27T06:00:00.000Z,1,43,20170427061
2017-04-27T07:00:00.000Z,1,53,20170427071
2017-04-27T08:00:00.000Z,1,53,20170427081
2017-04-27T09:00:00.000Z,1,61,20170427091
2017-04-27T10:00:00.000Z,1,83,20170427101
2017-04-27T11:00:00.000Z,1,91,20170427111
2017-04-27T12:00:00.000Z,1,89,20170427121
2017-04-27T13:00:00.000Z,1,85,20170427131
2017-04-27T14:00:00.000Z,1,84,20170427141
2017-04-27T15:00:00.000Z,1,85,20170427151
2017-04-27T16:00:00.000Z,1,79,20170427161
2017-04-27T17:00:00.000Z,1,81,20170427171
2017-04-27T18:00:00.000Z,1,85,20170427181
2017-04-27T19:00:00.000Z,1,83,20170427191
2017-04-27T20:00:00.000Z,1,87,20170427201
2017-04-27T21:00:00.000Z,1,79,20170427211
2017-04-27T22:00:00.000Z,1,79,20170427221
2017-04-27T23:00:00.000Z,1,76,20170427231
2017-04-28T00:00:00.000Z,1,65,20170428001
2017-04-28T01:00:00.000Z,1,60,20170428011
2017-04-28T02:00:00.000Z,1,53,20170428021
2017-04-28T03:00:00.000Z,1,41,20170428031
2017-04-28T04:00:00.000Z,1,37,20170428041
2017-04-28T05:00:00.000Z,1,35,20170428051
2017-04-28T06:00:00.000Z,1,39,20170428061
2017-04-28T07:00:00.000Z,1,50,20170428071
2017-04-28T08:00:00.000Z,1,47,20170428081
2017-04-28T09:00:00.000Z,1,53,20170428091
2017-04-28T10:00:00.000Z,1,64,20170428101
2017-04-28T11:00:00.000Z,1,81,20170428111
2017-04-28T12:00:00.000Z,1,78,20170428121
2017-04-28T13:00:00.000Z,1,73,20170428131
2017-04-28T14:00:00.000Z,1,74,20170428141
2017-04-28T15:00:00.000Z,1,73,20170428151
2017-04-28T16:00:00.000Z,1,70,20170428161
2017-04-28T17:00:00.000Z,1,68,20170428171
2017-04-28T18:00:00.000Z,1,68,20170428181
2017-04-28T19:00:00.000Z,1,69,20170428191
2017-04-28T20:00:00.000Z,1,73,20170428201
2017-04-28T21:00:00.000Z,1,66,20170428211
2017-04-28T22:00:00.000Z,1,62,20170428221
2017-04-28T23:00:00.000Z,1,64,20170428231
2017-04-29T00:00:00.000Z,1,60,20170429001
2017-04-29T01:00:00.000Z,1,52,20170429011
2017-04-29T02:00:00.000Z,1,42,20170429021
2017-04-29T03:00:00.000Z,1,40,20170429031
2017-04-29T04:00:00.000Z,1,30,20170429041
2017-04-29T05:00:00.000Z,1,27,20170429051
2017-04-29T06:00:00.000Z,1,33,20170429061
2017-04-29T07:00:00.000Z,1,29,20170429071
2017-04-29T08:00:00.000Z,1,35,20170429081
2017-04-29T09:00:00.000Z,1,39,20170429091
2017-04-29T10:00:00.000Z,1,54,20170429101
2017-04-29T11:00:00.000Z,1,55,20170429111
2017-04-29T12:00:00.000Z,1,52,20170429121
2017-04-29T13:00:00.000Z,1,47,20170429131
2017-04-29T14:00:00.000Z,1,47,20170429141
2017-04-29T15:00:00.000Z,1,43,20170429151
2017-04-29T16:00:00.000Z,1,46,20170429161
2017-04-29T17:00:00.000Z,1,46,20170429171
2017-04-29T18:00:00.000Z,1,47,20170429181
2017-04-29T19:00:00.000Z,1,53,20170429191
2017-04-29T20:00:00.000Z,1,59,20170429201
2017-04-29T21:00:00.000Z,1,53,20170429211
2017-04-29T22:00:00.000Z,1,55,20170429221
2017-04-29T23:00:00.000Z,1,51,20170429231
2017-04-30T00:00:00.000Z,1,47,20170430001
2017-04-30T01:00:00.000Z,1,42,20170430011
2017-04-30T02:00:00.000Z,1,35,20170430021
2017-04-30T03:00:00.000Z,1,36,20170430031
2017-04-30T04:00:00.000Z,1,25,20170430041
2017-04-30T05:00:00.000Z,1,26,20170430051
2017-04-30T06:00:00.000Z,1,29,20170430061
2017-04-30T07:00:00.000Z,1,30,20170430071
2017-04-30T08:00:00.000Z,1,37,20170430081
2017-04-30T09:00:00.000Z,1,39,20170430091
2017-04-30T10:00:00.000Z,1,43,20170430101
2017-04-30T11:00:00.000Z,1,47,20170430111
2017-04-30T12:00:00.000Z,1,46,20170430121
2017-04-30T13:00:00.000Z,1,47,20170430131
2017-04-30T14:00:00.000Z,1,42,20170430141
2017-04-30T15:00:00.000Z,1,45,20170430151
2017-04-30T16:00:00.000Z,1,43,20170430161
2017-04-30T17:00:00.000Z,1,45,20170430171
2017-04-30T18:00:00.000Z,1,53,20170430181
2017-04-30T19:00:00.000Z,1,58,20170430191
2017-04-30T20:00:00.000Z,1,54,20170430201
2017-04-30T21:00:00.000Z,1,56,20170430211
2017-04-30T22:00:00.000Z,1,58,20170430221
2017-04-30T23:00:00.000Z,1,58,20170430231
2017-05-01T00:00:00.000Z,1,51,20170501001
2017-05-01T01:00:00.000Z,1,49,20170501011
2017-05-01T02:00:00.000Z,1,39,20170501021
2017-05-01T03:00:00.000Z,1,35,20170501031
2017-05-01T04:00:00.000Z,1,37,20170501041
2017-05-01T05:00:00.000Z,1,33,20170501051
2017-05-01T06:00:00.000Z,1,34,20170501061
2017-05-01T07:00:00.000Z,1,42,20170501071
2017-05-01T08:00:00.000Z,1,45,20170501081
2017-05-01T09:00:00.000Z,1,48,20170501091
2017-05-01T10:00:00.000Z,1,60,20170501101
2017-05-01T11:00:00.000Z,1,70,20170501111
2017-05-01T12:00:00.000Z,1,65,20170501121
2017-05-01T13:00:00.000Z,1,40,20170501131
2017-05-01T14:00:00.000Z,1,65,20170501141
2017-05-01T15:00:00.000Z,1,61,20170501151
2017-05-01T16:00:00.000Z,1,35,20170501161
2017-05-01T17:00:00.000Z,1,70,20170501171
2017-05-01T18:00:00.000Z,1,74,20170501181
2017-05-01T19:00:00.000Z,1,83,20170501191
2017-05-01T20:00:00.000Z,1,84,20170501201
2017-05-01T21:00:00.000Z,1,78,20170501211
2017-05-01T22:00:00.000Z,1,76,20170501221
2017-05-01T23:00:00.000Z,1,73,20170501231
2017-05-02T00:00:00.000Z,1,72,20170502001
2017-05-02T01:00:00.000Z,1,59,20170502011
2017-05-02T02:00:00.000Z,1,51,20170502021
2017-05-02T03:00:00.000Z,1,45,20170502031
2017-05-02T04:00:00.000Z,1,36,20170502041
2017-05-02T05:00:00.000Z,1,37,20170502051
2017-05-02T06:00:00.000Z,1,46,20170502061
2017-05-02T07:00:00.000Z,1,48,20170502071
2017-05-02T08:00:00.000Z,1,53,20170502081
2017-05-02T09:00:00.000Z,1,60,20170502091
2017-05-02T10:00:00.000Z,1,81,20170502101
2017-05-02T11:00:00.000Z,1,87,20170502111
2017-05-02T12:00:00.000Z,1,91,20170502121
2017-05-02T13:00:00.000Z,1,92,20170502131
2017-05-02T14:00:00.000Z,1,94,20170502141
2017-05-02T15:00:00.000Z,1,98,20170502151
2017-05-02T16:00:00.000Z,1,84,20170502161
2017-05-02T17:00:00.000Z,1,89,20170502171
2017-05-02T18:00:00.000Z,1,90,20170502181
2017-05-02T19:00:00.000Z,1,102,20170502191
2017-05-02T20:00:00.000Z,1,95,20170502201
2017-05-02T21:00:00.000Z,1,88,20170502211
2017-05-02T22:00:00.000Z,1,86,20170502221
2017-05-02T23:00:00.000Z,1,80,20170502231
2017-05-03T00:00:00.000Z,1,73,20170503001
2017-05-03T01:00:00.000Z,1,68,20170503011
2017-05-03T02:00:00.000Z,1,52,20170503021
2017-05-03T03:00:00.000Z,1,44,20170503031
2017-05-03T04:00:00.000Z,1,38,20170503041
2017-05-03T05:00:00.000Z,1,40,20170503051
2017-05-03T06:00:00.000Z,1,47,20170503061
2017-05-03T07:00:00.000Z,1,51,20170503071
2017-05-03T08:00:00.000Z,1,55,20170503081
2017-05-03T09:00:00.000Z,1,65,20170503091
2017-05-03T10:00:00.000Z,1,79,20170503101
2017-05-03T11:00:00.000Z,1,87,20170503111
2017-05-03T12:00:00.000Z,1,95,20170503121
2017-05-03T13:00:00.000Z,1,82,20170503131
2017-05-03T14:00:00.000Z,1,93,20170503141
2017-05-03T15:00:00.000Z,1,91,20170503151
2017-05-03T16:00:00.000Z,1,84,20170503161
2017-05-03T17:00:00.000Z,1,86,20170503171
2017-05-03T18:00:00.000Z,1,88,20170503181
2017-05-03T19:00:00.000Z,1,92,20170503191
2017-05-03T20:00:00.000Z,1,91,20170503201
2017-05-03T21:00:00.000Z,1,86,20170503211
2017-05-03T22:00:00.000Z,1,86,20170503221
2017-05-03T23:00:00.000Z,1,74,20170503231
2017-05-04T00:00:00.000Z,1,70,20170504001
2017-05-04T01:00:00.000Z,1,62,20170504011
2017-05-04T02:00:00.000Z,1,54,20170504021
2017-05-04T03:00:00.000Z,1,46,20170504031
2017-05-04T04:00:00.000Z,1,37,20170504041
2017-05-04T05:00:00.000Z,1,32,20170504051
2017-05-04T06:00:00.000Z,1,42,20170504061
2017-05-04T07:00:00.000Z,1,46,20170504071
2017-05-04T08:00:00.000Z,1,49,20170504081
2017-05-04T09:00:00.000Z,1,58,20170504091
2017-05-04T10:00:00.000Z,1,93,20170504101
2017-05-04T11:00:00.000Z,1,103,20170504111
2017-05-04T12:00:00.000Z,1,101,20170504121
2017-05-04T13:00:00.000Z,1,85,20170504131
2017-05-04T14:00:00.000Z,1,98,20170504141
2017-05-04T15:00:00.000Z,1,95,20170504151
2017-05-04T16:00:00.000Z,1,94,20170504161
2017-05-04T17:00:00.000Z,1,89,20170504171
2017-05-04T18:00:00.000Z,1,91,20170504181
2017-05-04T19:00:00.000Z,1,92,20170504191
2017-05-04T20:00:00.000Z,1,88,20170504201
2017-05-04T21:00:00.000Z,1,82,20170504211
2017-05-04T22:00:00.000Z,1,80,20170504221
2017-05-04T23:00:00.000Z,1,80,20170504231
2017-05-05T00:00:00.000Z,1,74,20170505001
2017-05-05T01:00:00.000Z,1,61,20170505011
2017-05-05T02:00:00.000Z,1,54,20170505021
2017-05-05T03:00:00.000Z,1,43,20170505031
2017-05-05T04:00:00.000Z,1,37,20170505041
2017-05-05T05:00:00.000Z,1,34,20170505051
2017-05-05T06:00:00.000Z,1,45,20170505061
2017-05-05T07:00:00.000Z,1,52,20170505071
2017-05-05T08:00:00.000Z,1,54,20170505081
2017-05-05T09:00:00.000Z,1,62,20170505091
2017-05-05T10:00:00.000Z,1,74,20170505101
2017-05-05T11:00:00.000Z,1,87,20170505111
2017-05-05T12:00:00.000Z,1,89,20170505121
2017-05-05T13:00:00.000Z,1,83,20170505131
2017-05-05T14:00:00.000Z,1,90,20170505141
2017-05-05T15:00:00.000Z,1,81,20170505151
2017-05-05T16:00:00.000Z,1,80,20170505161
2017-05-05T17:00:00.000Z,1,81,20170505171
2017-05-05T18:00:00.000Z,1,84,20170505181
2017-05-05T19:00:00.000Z,1,81,20170505191
2017-05-05T20:00:00.000Z,1,76,20170505201
2017-05-05T21:00:00.000Z,1,74,20170505211
2017-05-05T22:00:00.000Z,1,71,20170505221
2017-05-05T23:00:00.000Z,1,70,20170505231
2017-05-06T00:00:00.000Z,1,64,20170506001
2017-05-06T01:00:00.000Z,1,53,20170506011
2017-05-06T02:00:00.000Z,1,42,20170506021
2017-05-06T03:00:00.000Z,1,36,20170506031
2017-05-06T04:00:00.000Z,1,29,20170506041
2017-05-06T05:00:00.000Z,1,27,20170506051
2017-05-06T06:00:00.000Z,1,28,20170506061
2017-05-06T07:00:00.000Z,1,32,20170506071
2017-05-06T08:00:00.000Z,1,35,20170506081
2017-05-06T09:00:00.000Z,1,46,20170506091
2017-05-06T10:00:00.000Z,1,46,20170506101
2017-05-06T11:00:00.000Z,1,52,20170506111
2017-05-06T12:00:00.000Z,1,54,20170506121
2017-05-06T13:00:00.000Z,1,48,20170506131
2017-05-06T14:00:00.000Z,1,48,20170506141
2017-05-06T15:00:00.000Z,1,44,20170506151
2017-05-06T16:00:00.000Z,1,49,20170506161
2017-05-06T17:00:00.000Z,1,47,20170506171
2017-05-06T18:00:00.000Z,1,51,20170506181
2017-05-06T19:00:00.000Z,1,51,20170506191
2017-05-06T20:00:00.000Z,1,57,20170506201
2017-05-06T21:00:00.000Z,1,53,20170506211
2017-05-06T22:00:00.000Z,1,54,20170506221
2017-05-06T23:00:00.000Z,1,52,20170506231
2017-05-07T00:00:00.000Z,1,47,20170507001
2017-05-07T01:00:00.000Z,1,43,20170507011
2017-05-07T02:00:00.000Z,1,36,20170507021
2017-05-07T03:00:00.000Z,1,30,20170507031
2017-05-07T04:00:00.000Z,1,27,20170507041
2017-05-07T05:00:00.000Z,1,25,20170507051
2017-05-07T06:00:00.000Z,1,27,20170507061
2017-05-07T07:00:00.000Z,1,29,20170507071
2017-05-07T08:00:00.000Z,1,33,20170507081
2017-05-07T09:00:00.000Z,1,41,20170507091
2017-05-07T10:00:00.000Z,1,44,20170507101
2017-05-07T11:00:00.000Z,1,45,20170507111
2017-05-07T12:00:00.000Z,1,46,20170507121
2017-05-07T13:00:00.000Z,1,45,20170507131
2017-05-07T14:00:00.000Z,1,47,20170507141
2017-05-07T15:00:00.000Z,1,49,20170507151
2017-05-07T16:00:00.000Z,1,49,20170507161
2017-05-07T17:00:00.000Z,1,48,20170507171
2017-05-07T18:00:00.000Z,1,58,20170507181
2017-05-07T19:00:00.000Z,1,62,20170507191
2017-05-07T20:00:00.000Z,1,62,20170507201
2017-05-07T21:00:00.000Z,1,59,20170507211
2017-05-07T22:00:00.000Z,1,55,20170507221
2017-05-07T23:00:00.000Z,1,59,20170507231
2017-05-08T00:00:00.000Z,1,52,20170508001
2017-05-08T01:00:00.000Z,1,43,20170508011
2017-05-08T02:00:00.000Z,1,36,20170508021
2017-05-08T03:00:00.000Z,1,32,20170508031
2017-05-08T04:00:00.000Z,1,35,20170508041
2017-05-08T05:00:00.000Z,1,34,20170508051
2017-05-08T06:00:00.000Z,1,41,20170508061
2017-05-08T07:00:00.000Z,1,48,20170508071
2017-05-08T08:00:00.000Z,1,53,20170508081
2017-05-08T09:00:00.000Z,1,61,20170508091
2017-05-08T10:00:00.000Z,1,72,20170508101
2017-05-08T11:00:00.000Z,1,91,20170508111
2017-05-08T12:00:00.000Z,1,93,20170508121
2017-05-08T13:00:00.000Z,1,81,20170508131
2017-05-08T14:00:00.000Z,1,87,20170508141
2017-05-08T15:00:00.000Z,1,87,20170508151
2017-05-08T16:00:00.000Z,1,84,20170508161
2017-05-08T17:00:00.000Z,1,84,20170508171
2017-05-08T18:00:00.000Z,1,89,20170508181
2017-05-08T19:00:00.000Z,1,90,20170508191
2017-05-08T20:00:00.000Z,1,87,20170508201
2017-05-08T21:00:00.000Z,1,86,20170508211
2017-05-08T22:00:00.000Z,1,82,20170508221
2017-05-08T23:00:00.000Z,1,75,20170508231
2017-05-09T00:00:00.000Z,1,64,20170509001
2017-05-09T01:00:00.000Z,1,64,20170509011
2017-05-09T02:00:00.000Z,1,54,20170509021
2017-05-09T03:00:00.000Z,1,41,20170509031
2017-05-09T04:00:00.000Z,1,37,20170509041
2017-05-09T05:00:00.000Z,1,32,20170509051
2017-05-09T06:00:00.000Z,1,46,20170509061
2017-05-09T07:00:00.000Z,1,53,20170509071
2017-05-09T08:00:00.000Z,1,53,20170509081
2017-05-09T09:00:00.000Z,1,58,20170509091
2017-05-09T10:00:00.000Z,1,105,20170509101
2017-05-09T11:00:00.000Z,1,98,20170509111
2017-05-09T12:00:00.000Z,1,103,20170509121
2017-05-09T13:00:00.000Z,1,92,20170509131
2017-05-09T14:00:00.000Z,1,96,20170509141
2017-05-09T15:00:00.000Z,1,95,20170509151
2017-05-09T16:00:00.000Z,1,93,20170509161
2017-05-09T17:00:00.000Z,1,95,20170509171
2017-05-09T18:00:00.000Z,1,96,20170509181
2017-05-09T19:00:00.000Z,1,96,20170509191
2017-05-09T20:00:00.000Z,1,92,20170509201
2017-05-09T21:00:00.000Z,1,84,20170509211
2017-05-09T22:00:00.000Z,1,86,20170509221
2017-05-09T23:00:00.000Z,1,76,20170509231
2017-05-10T00:00:00.000Z,1,72,20170510001
2017-05-10T01:00:00.000Z,1,64,20170510011
2017-05-10T02:00:00.000Z,1,52,20170510021
2017-05-10T03:00:00.000Z,1,45,20170510031
2017-05-10T04:00:00.000Z,1,43,20170510041
2017-05-10T05:00:00.000Z,1,38,20170510051
2017-05-10T06:00:00.000Z,1,45,20170510061
2017-05-10T07:00:00.000Z,1,50,20170510071
2017-05-10T08:00:00.000Z,1,56,20170510081
2017-05-10T09:00:00.000Z,1,64,20170510091
2017-05-10T10:00:00.000Z,1,81,20170510101
2017-05-10T11:00:00.000Z,1,96,20170510111
2017-05-10T12:00:00.000Z,1,98,20170510121
2017-05-10T13:00:00.000Z,1,88,20170510131
2017-05-10T14:00:00.000Z,1,94,20170510141
2017-05-10T15:00:00.000Z,1,100,20170510151
2017-05-10T16:00:00.000Z,1,90,20170510161
2017-05-10T17:00:00.000Z,1,93,20170510171
2017-05-10T18:00:00.000Z,1,97,20170510181
2017-05-10T19:00:00.000Z,1,94,20170510191
2017-05-10T20:00:00.000Z,1,94,20170510201
2017-05-10T21:00:00.000Z,1,83,20170510211
2017-05-10T22:00:00.000Z,1,82,20170510221
2017-05-10T23:00:00.000Z,1,77,20170510231
2017-05-11T00:00:00.000Z,1,68,20170511001
2017-05-11T01:00:00.000Z,1,65,20170511011
2017-05-11T02:00:00.000Z,1,53,20170511021
2017-05-11T03:00:00.000Z,1,41,20170511031
2017-05-11T04:00:00.000Z,1,33,20170511041
2017-05-11T05:00:00.000Z,1,38,20170511051
2017-05-11T06:00:00.000Z,1,40,20170511061
2017-05-11T07:00:00.000Z,1,52,20170511071
2017-05-11T08:00:00.000Z,1,52,20170511081
2017-05-11T09:00:00.000Z,1,57,20170511091
2017-05-11T10:00:00.000Z,1,77,20170511101
2017-05-11T11:00:00.000Z,1,104,20170511111
2017-05-11T12:00:00.000Z,1,107,20170511121
2017-05-11T13:00:00.000Z,1,96,20170511131
2017-05-11T14:00:00.000Z,1,100,20170511141
2017-05-11T15:00:00.000Z,1,94,20170511151
2017-05-11T16:00:00.000Z,1,93,20170511161
2017-05-11T17:00:00.000Z,1,95,20170511171
2017-05-11T18:00:00.000Z,1,111,20170511181
2017-05-11T19:00:00.000Z,1,112,20170511191
2017-05-11T20:00:00.000Z,1,107,20170511201
2017-05-11T21:00:00.000Z,1,103,20170511211
2017-05-11T22:00:00.000Z,1,97,20170511221
2017-05-11T23:00:00.000Z,1,92,20170511231
2017-05-12T00:00:00.000Z,1,87,20170512001
2017-05-12T01:00:00.000Z,1,76,20170512011
2017-05-12T02:00:00.000Z,1,65,20170512021
2017-05-12T03:00:00.000Z,1,51,20170512031
2017-05-12T04:00:00.000Z,1,48,20170512041
2017-05-12T05:00:00.000Z,1,43,20170512051
2017-05-12T06:00:00.000Z,1,48,20170512061
2017-05-12T07:00:00.000Z,1,55,20170512071
2017-05-12T08:00:00.000Z,1,60,20170512081
2017-05-12T09:00:00.000Z,1,74,20170512091
2017-05-12T10:00:00.000Z,1,78,20170512101
2017-05-12T11:00:00.000Z,1,93,20170512111
2017-05-12T12:00:00.000Z,1,99,20170512121
2017-05-12T13:00:00.000Z,1,85,20170512131
2017-05-12T14:00:00.000Z,1,89,20170512141
2017-05-12T15:00:00.000Z,1,92,20170512151
2017-05-12T16:00:00.000Z,1,86,20170512161
2017-05-12T17:00:00.000Z,1,83,20170512171
2017-05-12T18:00:00.000Z,1,94,20170512181
2017-05-12T19:00:00.000Z,1,100,20170512191
2017-05-12T20:00:00.000Z,1,94,20170512201
2017-05-12T21:00:00.000Z,1,79,20170512211
2017-05-12T22:00:00.000Z,1,78,20170512221
2017-05-12T23:00:00.000Z,1,76,20170512231
2017-05-13T00:00:00.000Z,1,67,20170513001
2017-05-13T01:00:00.000Z,1,59,20170513011
2017-05-13T02:00:00.000Z,1,44,20170513021
2017-05-13T03:00:00.000Z,1,43,20170513031
2017-05-13T04:00:00.000Z,1,34,20170513041
2017-05-13T05:00:00.000Z,1,31,20170513051
2017-05-13T06:00:00.000Z,1,34,20170513061
2017-05-13T07:00:00.000Z,1,33,20170513071
2017-05-13T08:00:00.000Z,1,38,20170513081
2017-05-13T09:00:00.000Z,1,45,20170513091
2017-05-13T10:00:00.000Z,1,50,20170513101
2017-05-13T11:00:00.000Z,1,52,20170513111
2017-05-13T12:00:00.000Z,1,54,20170513121
2017-05-13T13:00:00.000Z,1,52,20170513131
2017-05-13T14:00:00.000Z,1,51,20170513141
2017-05-13T15:00:00.000Z,1,54,20170513151
2017-05-13T16:00:00.000Z,1,51,20170513161
2017-05-13T17:00:00.000Z,1,52,20170513171
2017-05-13T18:00:00.000Z,1,54,20170513181
2017-05-13T19:00:00.000Z,1,60,20170513191
2017-05-13T20:00:00.000Z,1,64,20170513201
2017-05-13T21:00:00.000Z,1,60,20170513211
2017-05-13T22:00:00.000Z,1,57,20170513221
2017-05-13T23:00:00.000Z,1,58,20170513231
2017-05-14T00:00:00.000Z,1,49,20170514001
2017-05-14T01:00:00.000Z,1,42,20170514011
2017-05-14T02:00:00.000Z,1,35,20170514021
2017-05-14T03:00:00.000Z,1,36,20170514031
2017-05-14T04:00:00.000Z,1,27,20170514041
2017-05-14T05:00:00.000Z,1,23,20170514051
2017-05-14T06:00:00.000Z,1,29,20170514061
2017-05-14T07:00:00.000Z,1,33,20170514071
2017-05-14T08:00:00.000Z,1,36,20170514081
2017-05-14T09:00:00.000Z,1,43,20170514091
2017-05-14T10:00:00.000Z,1,51,20170514101
2017-05-14T11:00:00.000Z,1,53,20170514111
2017-05-14T12:00:00.000Z,1,52,20170514121
2017-05-14T13:00:00.000Z,1,51,20170514131
2017-05-14T14:00:00.000Z,1,50,20170514141
2017-05-14T15:00:00.000Z,1,46,20170514151
2017-05-14T16:00:00.000Z,1,51,20170514161
2017-05-14T17:00:00.000Z,1,53,20170514171
2017-05-14T18:00:00.000Z,1,62,20170514181
2017-05-14T19:00:00.000Z,1,67,20170514191
2017-05-14T20:00:00.000Z,1,63,20170514201
2017-05-14T21:00:00.000Z,1,60,20170514211
2017-05-14T22:00:00.000Z,1,62,20170514221
2017-05-14T23:00:00.000Z,1,59,20170514231
2017-05-15T00:00:00.000Z,1,52,20170515001
2017-05-15T01:00:00.000Z,1,44,20170515011
2017-05-15T02:00:00.000Z,1,40,20170515021
2017-05-15T03:00:00.000Z,1,33,20170515031
2017-05-15T04:00:00.000Z,1,32,20170515041
2017-05-15T05:00:00.000Z,1,33,20170515051
2017-05-15T06:00:00.000Z,1,43,20170515061
2017-05-15T07:00:00.000Z,1,48,20170515071
2017-05-15T08:00:00.000Z,1,52,20170515081
2017-05-15T09:00:00.000Z,1,64,20170515091
2017-05-15T10:00:00.000Z,1,81,20170515101
2017-05-15T11:00:00.000Z,1,113,20170515111
2017-05-15T12:00:00.000Z,1,112,20170515121
2017-05-15T13:00:00.000Z,1,95,20170515131
2017-05-15T14:00:00.000Z,1,102,20170515141
2017-05-15T15:00:00.000Z,1,102,20170515151
2017-05-15T16:00:00.000Z,1,100,20170515161
2017-05-15T17:00:00.000Z,1,100,20170515171
2017-05-15T18:00:00.000Z,1,105,20170515181
2017-05-15T19:00:00.000Z,1,112,20170515191
2017-05-15T20:00:00.000Z,1,99,20170515201
2017-05-15T21:00:00.000Z,1,97,20170515211
2017-05-15T22:00:00.000Z,1,86,20170515221
2017-05-15T23:00:00.000Z,1,82,20170515231
2017-05-16T00:00:00.000Z,1,74,20170516001
2017-05-16T01:00:00.000Z,1,64,20170516011
2017-05-16T02:00:00.000Z,1,55,20170516021
2017-05-16T03:00:00.000Z,1,45,20170516031
2017-05-16T04:00:00.000Z,1,35,20170516041
2017-05-16T05:00:00.000Z,1,37,20170516051
2017-05-16T06:00:00.000Z,1,42,20170516061
2017-05-16T07:00:00.000Z,1,48,20170516071
2017-05-16T08:00:00.000Z,1,54,20170516081
2017-05-16T09:00:00.000Z,1,64,20170516091
2017-05-16T10:00:00.000Z,1,86,20170516101
2017-05-16T11:00:00.000Z,1,95,20170516111
2017-05-16T12:00:00.000Z,1,99,20170516121
2017-05-16T13:00:00.000Z,1,96,20170516131
2017-05-16T14:00:00.000Z,1,98,20170516141
2017-05-16T15:00:00.000Z,1,100,20170516151
2017-05-16T16:00:00.000Z,1,91,20170516161
2017-05-16T17:00:00.000Z,1,95,20170516171
2017-05-16T18:00:00.000Z,1,94,20170516181
2017-05-16T19:00:00.000Z,1,92,20170516191
2017-05-16T20:00:00.000Z,1,93,20170516201
2017-05-16T21:00:00.000Z,1,88,20170516211
2017-05-16T22:00:00.000Z,1,81,20170516221
2017-05-16T23:00:00.000Z,1,83,20170516231
2017-05-17T00:00:00.000Z,1,73,20170517001
2017-05-17T01:00:00.000Z,1,60,20170517011
2017-05-17T02:00:00.000Z,1,52,20170517021
2017-05-17T03:00:00.000Z,1,41,20170517031
2017-05-17T04:00:00.000Z,1,36,20170517041
2017-05-17T05:00:00.000Z,1,37,20170517051
2017-05-17T06:00:00.000Z,1,45,20170517061
2017-05-17T07:00:00.000Z,1,52,20170517071
2017-05-17T08:00:00.000Z,1,55,20170517081
2017-05-17T09:00:00.000Z,1,67,20170517091
2017-05-17T10:00:00.000Z,1,76,20170517101
2017-05-17T11:00:00.000Z,1,95,20170517111
2017-05-17T12:00:00.000Z,1,98,20170517121
2017-05-17T13:00:00.000Z,1,90,20170517131
2017-05-17T14:00:00.000Z,1,93,20170517141
2017-05-17T15:00:00.000Z,1,94,20170517151
2017-05-17T16:00:00.000Z,1,94,20170517161
2017-05-17T17:00:00.000Z,1,89,20170517171
2017-05-17T18:00:00.000Z,1,100,20170517181
2017-05-17T19:00:00.000Z,1,104,20170517191
2017-05-17T20:00:00.000Z,1,95,20170517201
2017-05-17T21:00:00.000Z,1,86,20170517211
2017-05-17T22:00:00.000Z,1,86,20170517221
2017-05-17T23:00:00.000Z,1,78,20170517231
2017-05-18T00:00:00.000Z,1,73,20170518001
2017-05-18T01:00:00.000Z,1,61,20170518011
2017-05-18T02:00:00.000Z,1,54,20170518021
2017-05-18T03:00:00.000Z,1,43,20170518031
2017-05-18T04:00:00.000Z,1,33,20170518041
2017-05-18T05:00:00.000Z,1,38,20170518051
2017-05-18T06:00:00.000Z,1,44,20170518061
2017-05-18T07:00:00.000Z,1,50,20170518071
2017-05-18T08:00:00.000Z,1,53,20170518081
2017-05-18T09:00:00.000Z,1,65,20170518091
2017-05-18T10:00:00.000Z,1,83,20170518101
2017-05-18T11:00:00.000Z,1,111,20170518111
2017-05-18T12:00:00.000Z,1,110,20170518121
2017-05-18T13:00:00.000Z,1,98,20170518131
2017-05-18T14:00:00.000Z,1,105,20170518141
2017-05-18T15:00:00.000Z,1,103,20170518151
2017-05-18T16:00:00.000Z,1,102,20170518161
2017-05-18T17:00:00.000Z,1,95,20170518171
2017-05-18T18:00:00.000Z,1,109,20170518181
2017-05-18T19:00:00.000Z,1,105,20170518191
2017-05-18T20:00:00.000Z,1,101,20170518201
2017-05-18T21:00:00.000Z,1,95,20170518211
2017-05-18T22:00:00.000Z,1,82,20170518221
2017-05-18T23:00:00.000Z,1,87,20170518231
2017-05-19T00:00:00.000Z,1,70,20170519001
2017-05-19T01:00:00.000Z,1,66,20170519011
2017-05-19T02:00:00.000Z,1,54,20170519021
2017-05-19T03:00:00.000Z,1,42,20170519031
2017-05-19T04:00:00.000Z,1,37,20170519041
2017-05-19T05:00:00.000Z,1,37,20170519051
2017-05-19T06:00:00.000Z,1,40,20170519061
2017-05-19T07:00:00.000Z,1,48,20170519071
2017-05-19T08:00:00.000Z,1,59,20170519081
2017-05-19T09:00:00.000Z,1,67,20170519091
2017-05-19T10:00:00.000Z,1,88,20170519101
2017-05-19T11:00:00.000Z,1,94,20170519111
2017-05-19T12:00:00.000Z,1,101,20170519121
2017-05-19T13:00:00.000Z,1,89,20170519131
2017-05-19T14:00:00.000Z,1,88,20170519141
2017-05-19T15:00:00.000Z,1,89,20170519151
2017-05-19T16:00:00.000Z,1,83,20170519161
2017-05-19T17:00:00.000Z,1,84,20170519171
2017-05-19T18:00:00.000Z,1,90,20170519181
2017-05-19T19:00:00.000Z,1,90,20170519191
2017-05-19T20:00:00.000Z,1,86,20170519201
2017-05-19T21:00:00.000Z,1,80,20170519211
2017-05-19T22:00:00.000Z,1,71,20170519221
2017-05-19T23:00:00.000Z,1,71,20170519231
2017-05-20T00:00:00.000Z,1,67,20170520001
2017-05-20T01:00:00.000Z,1,56,20170520011
2017-05-20T02:00:00.000Z,1,45,20170520021
2017-05-20T03:00:00.000Z,1,33,20170520031
2017-05-20T04:00:00.000Z,1,35,20170520041
2017-05-20T05:00:00.000Z,1,25,20170520051
2017-05-20T06:00:00.000Z,1,28,20170520061
2017-05-20T07:00:00.000Z,1,34,20170520071
2017-05-20T08:00:00.000Z,1,36,20170520081
2017-05-20T09:00:00.000Z,1,46,20170520091
2017-05-20T10:00:00.000Z,1,51,20170520101
2017-05-20T11:00:00.000Z,1,55,20170520111
2017-05-20T12:00:00.000Z,1,61,20170520121
2017-05-20T13:00:00.000Z,1,55,20170520131
2017-05-20T14:00:00.000Z,1,53,20170520141
2017-05-20T15:00:00.000Z,1,52,20170520151
2017-05-20T16:00:00.000Z,1,50,20170520161
2017-05-20T17:00:00.000Z,1,50,20170520171
2017-05-20T18:00:00.000Z,1,60,20170520181
2017-05-20T19:00:00.000Z,1,57,20170520191
2017-05-20T20:00:00.000Z,1,62,20170520201
2017-05-20T21:00:00.000Z,1,56,20170520211
2017-05-20T22:00:00.000Z,1,57,20170520221
2017-05-20T23:00:00.000Z,1,59,20170520231
2017-05-21T00:00:00.000Z,1,50,20170521001
2017-05-21T01:00:00.000Z,1,40,20170521011
2017-05-21T02:00:00.000Z,1,40,20170521021
2017-05-21T03:00:00.000Z,1,29,20170521031
2017-05-21T04:00:00.000Z,1,25,20170521041
2017-05-21T05:00:00.000Z,1,28,20170521051
2017-05-21T06:00:00.000Z,1,26,20170521061
2017-05-21T07:00:00.000Z,1,32,20170521071
2017-05-21T08:00:00.000Z,1,37,20170521081
2017-05-21T09:00:00.000Z,1,41,20170521091
2017-05-21T10:00:00.000Z,1,49,20170521101
2017-05-21T11:00:00.000Z,1,57,20170521111
2017-05-21T12:00:00.000Z,1,55,20170521121
2017-05-21T13:00:00.000Z,1,51,20170521131
2017-05-21T14:00:00.000Z,1,46,20170521141
2017-05-21T15:00:00.000Z,1,52,20170521151
2017-05-21T16:00:00.000Z,1,51,20170521161
2017-05-21T17:00:00.000Z,1,53,20170521171
2017-05-21T18:00:00.000Z,1,60,20170521181
2017-05-21T19:00:00.000Z,1,72,20170521191
2017-05-21T20:00:00.000Z,1,69,20170521201
2017-05-21T21:00:00.000Z,1,69,20170521211
2017-05-21T22:00:00.000Z,1,63,20170521221
2017-05-21T23:00:00.000Z,1,58,20170521231
2017-05-22T00:00:00.000Z,1,55,20170522001
2017-05-22T01:00:00.000Z,1,47,20170522011
2017-05-22T02:00:00.000Z,1,43,20170522021
2017-05-22T03:00:00.000Z,1,37,20170522031
2017-05-22T04:00:00.000Z,1,35,20170522041
2017-05-22T05:00:00.000Z,1,34,20170522051
2017-05-22T06:00:00.000Z,1,42,20170522061
2017-05-22T07:00:00.000Z,1,50,20170522071
2017-05-22T08:00:00.000Z,1,59,20170522081
2017-05-22T09:00:00.000Z,1,74,20170522091
2017-05-22T10:00:00.000Z,1,92,20170522101
2017-05-22T11:00:00.000Z,1,136,20170522111
2017-05-22T12:00:00.000Z,1,129,20170522121
2017-05-22T13:00:00.000Z,1,118,20170522131
2017-05-22T14:00:00.000Z,1,124,20170522141
2017-05-22T15:00:00.000Z,1,118,20170522151
2017-05-22T16:00:00.000Z,1,116,20170522161
2017-05-22T17:00:00.000Z,1,114,20170522171
2017-05-22T18:00:00.000Z,1,123,20170522181
2017-05-22T19:00:00.000Z,1,133,20170522191
2017-05-22T20:00:00.000Z,1,120,20170522201
2017-05-22T21:00:00.000Z,1,111,20170522211
2017-05-22T22:00:00.000Z,1,102,20170522221
2017-05-22T23:00:00.000Z,1,96,20170522231
2017-05-23T00:00:00.000Z,1,85,20170523001
2017-05-23T01:00:00.000Z,1,74,20170523011
2017-05-23T02:00:00.000Z,1,66,20170523021
2017-05-23T03:00:00.000Z,1,50,20170523031
2017-05-23T04:00:00.000Z,1,41,20170523041
2017-05-23T05:00:00.000Z,1,42,20170523051
2017-05-23T06:00:00.000Z,1,47,20170523061
2017-05-23T07:00:00.000Z,1,55,20170523071
2017-05-23T08:00:00.000Z,1,63,20170523081
2017-05-23T09:00:00.000Z,1,73,20170523091
2017-05-23T10:00:00.000Z,1,90,20170523101
2017-05-23T11:00:00.000Z,1,106,20170523111
2017-05-23T12:00:00.000Z,1,116,20170523121
2017-05-23T13:00:00.000Z,1,96,20170523131
2017-05-23T14:00:00.000Z,1,113,20170523141
2017-05-23T15:00:00.000Z,1,115,20170523151
2017-05-23T16:00:00.000Z,1,110,20170523161
2017-05-23T17:00:00.000Z,1,103,20170523171
2017-05-23T18:00:00.000Z,1,109,20170523181
2017-05-23T19:00:00.000Z,1,108,20170523191
2017-05-23T20:00:00.000Z,1,103,20170523201
2017-05-23T21:00:00.000Z,1,101,20170523211
2017-05-23T22:00:00.000Z,1,92,20170523221
2017-05-23T23:00:00.000Z,1,86,20170523231
2017-05-24T00:00:00.000Z,1,83,20170524001
2017-05-24T01:00:00.000Z,1,71,20170524011
2017-05-24T02:00:00.000Z,1,54,20170524021
2017-05-24T03:00:00.000Z,1,50,20170524031
2017-05-24T04:00:00.000Z,1,39,20170524041
2017-05-24T05:00:00.000Z,1,39,20170524051
2017-05-24T06:00:00.000Z,1,49,20170524061
2017-05-24T07:00:00.000Z,1,55,20170524071
2017-05-24T08:00:00.000Z,1,62,20170524081
2017-05-24T09:00:00.000Z,1,68,20170524091
2017-05-24T10:00:00.000Z,1,90,20170524101
2017-05-24T11:00:00.000Z,1,109,20170524111
2017-05-24T12:00:00.000Z,1,109,20170524121
2017-05-24T13:00:00.000Z,1,94,20170524131
2017-05-24T14:00:00.000Z,1,111,20170524141
2017-05-24T15:00:00.000Z,1,107,20170524151
2017-05-24T16:00:00.000Z,1,101,20170524161
2017-05-24T17:00:00.000Z,1,96,20170524171
2017-05-24T18:00:00.000Z,1,104,20170524181
2017-05-24T19:00:00.000Z,1,102,20170524191
2017-05-24T20:00:00.000Z,1,102,20170524201
2017-05-24T21:00:00.000Z,1,89,20170524211
2017-05-24T22:00:00.000Z,1,92,20170524221
2017-05-24T23:00:00.000Z,1,88,20170524231
2017-05-25T00:00:00.000Z,1,78,20170525001
2017-05-25T01:00:00.000Z,1,65,20170525011
2017-05-25T02:00:00.000Z,1,55,20170525021
2017-05-25T03:00:00.000Z,1,47,20170525031
2017-05-25T04:00:00.000Z,1,41,20170525041
2017-05-25T05:00:00.000Z,1,38,20170525051
2017-05-25T06:00:00.000Z,1,42,20170525061
2017-05-25T07:00:00.000Z,1,50,20170525071
2017-05-25T08:00:00.000Z,1,59,20170525081
2017-05-25T09:00:00.000Z,1,71,20170525091
2017-05-25T10:00:00.000Z,1,91,20170525101
2017-05-25T11:00:00.000Z,1,128,20170525111
2017-05-25T12:00:00.000Z,1,112,20170525121
2017-05-25T13:00:00.000Z,1,100,20170525131
2017-05-25T14:00:00.000Z,1,103,20170525141
2017-05-25T15:00:00.000Z,1,107,20170525151
2017-05-25T16:00:00.000Z,1,103,20170525161
2017-05-25T17:00:00.000Z,1,104,20170525171
2017-05-25T18:00:00.000Z,1,109,20170525181
2017-05-25T19:00:00.000Z,1,115,20170525191
2017-05-25T20:00:00.000Z,1,106,20170525201
2017-05-25T21:00:00.000Z,1,107,20170525211
2017-05-25T22:00:00.000Z,1,102,20170525221
2017-05-25T23:00:00.000Z,1,93,20170525231
2017-05-26T00:00:00.000Z,1,85,20170526001
2017-05-26T01:00:00.000Z,1,70,20170526011
2017-05-26T02:00:00.000Z,1,59,20170526021
2017-05-26T03:00:00.000Z,1,52,20170526031
2017-05-26T04:00:00.000Z,1,46,20170526041
2017-05-26T05:00:00.000Z,1,41,20170526051
2017-05-26T06:00:00.000Z,1,47,20170526061
2017-05-26T07:00:00.000Z,1,56,20170526071
2017-05-26T08:00:00.000Z,1,61,20170526081
2017-05-26T09:00:00.000Z,1,68,20170526091
2017-05-26T10:00:00.000Z,1,88,20170526101
2017-05-26T11:00:00.000Z,1,97,20170526111
2017-05-26T12:00:00.000Z,1,101,20170526121
2017-05-26T13:00:00.000Z,1,86,20170526131
2017-05-26T14:00:00.000Z,1,94,20170526141
2017-05-26T15:00:00.000Z,1,93,20170526151
2017-05-26T16:00:00.000Z,1,89,20170526161
2017-05-26T17:00:00.000Z,1,85,20170526171
2017-05-26T18:00:00.000Z,1,92,20170526181
2017-05-26T19:00:00.000Z,1,90,20170526191
2017-05-26T20:00:00.000Z,1,89,20170526201
2017-05-26T21:00:00.000Z,1,85,20170526211
2017-05-26T22:00:00.000Z,1,76,20170526221
2017-05-26T23:00:00.000Z,1,77,20170526231
2017-05-27T00:00:00.000Z,1,67,20170527001
2017-05-27T01:00:00.000Z,1,62,20170527011
2017-05-27T02:00:00.000Z,1,46,20170527021
2017-05-27T03:00:00.000Z,1,41,20170527031
2017-05-27T04:00:00.000Z,1,32,20170527041
2017-05-27T05:00:00.000Z,1,28,20170527051
2017-05-27T06:00:00.000Z,1,30,20170527061
2017-05-27T07:00:00.000Z,1,39,20170527071
2017-05-27T08:00:00.000Z,1,45,20170527081
2017-05-27T09:00:00.000Z,1,52,20170527091
2017-05-27T10:00:00.000Z,1,56,20170527101
2017-05-27T11:00:00.000Z,1,78,20170527111
2017-05-27T12:00:00.000Z,1,72,20170527121
2017-05-27T13:00:00.000Z,1,64,20170527131
2017-05-27T14:00:00.000Z,1,58,20170527141
2017-05-27T15:00:00.000Z,1,58,20170527151
2017-05-27T16:00:00.000Z,1,58,20170527161
2017-05-27T17:00:00.000Z,1,61,20170527171
2017-05-27T18:00:00.000Z,1,62,20170527181
2017-05-27T19:00:00.000Z,1,65,20170527191
2017-05-27T20:00:00.000Z,1,69,20170527201
2017-05-27T21:00:00.000Z,1,63,20170527211
2017-05-27T22:00:00.000Z,1,62,20170527221
2017-05-27T23:00:00.000Z,1,58,20170527231
2017-05-28T00:00:00.000Z,1,56,20170528001
2017-05-28T01:00:00.000Z,1,45,20170528011
2017-05-28T02:00:00.000Z,1,33,20170528021
2017-05-28T03:00:00.000Z,1,30,20170528031
2017-05-28T04:00:00.000Z,1,30,20170528041
2017-05-28T05:00:00.000Z,1,25,20170528051
2017-05-28T06:00:00.000Z,1,30,20170528061
2017-05-28T07:00:00.000Z,1,30,20170528071
2017-05-28T08:00:00.000Z,1,38,20170528081
2017-05-28T09:00:00.000Z,1,45,20170528091
2017-05-28T10:00:00.000Z,1,48,20170528101
2017-05-28T11:00:00.000Z,1,60,20170528111
2017-05-28T12:00:00.000Z,1,65,20170528121
2017-05-28T13:00:00.000Z,1,58,20170528131
2017-05-28T14:00:00.000Z,1,54,20170528141
2017-05-28T15:00:00.000Z,1,53,20170528151
2017-05-28T16:00:00.000Z,1,56,20170528161
2017-05-28T17:00:00.000Z,1,57,20170528171
2017-05-28T18:00:00.000Z,1,61,20170528181
2017-05-28T19:00:00.000Z,1,62,20170528191
2017-05-28T20:00:00.000Z,1,63,20170528201
2017-05-28T21:00:00.000Z,1,67,20170528211
2017-05-28T22:00:00.000Z,1,64,20170528221
2017-05-28T23:00:00.000Z,1,68,20170528231
2017-05-29T00:00:00.000Z,1,55,20170529001
2017-05-29T01:00:00.000Z,1,48,20170529011
2017-05-29T02:00:00.000Z,1,40,20170529021
2017-05-29T03:00:00.000Z,1,35,20170529031
2017-05-29T04:00:00.000Z,1,32,20170529041
2017-05-29T05:00:00.000Z,1,35,20170529051
2017-05-29T06:00:00.000Z,1,38,20170529061
2017-05-29T07:00:00.000Z,1,48,20170529071
2017-05-29T08:00:00.000Z,1,54,20170529081
2017-05-29T09:00:00.000Z,1,71,20170529091
2017-05-29T10:00:00.000Z,1,102,20170529101
2017-05-29T11:00:00.000Z,1,128,20170529111
2017-05-29T12:00:00.000Z,1,128,20170529121
2017-05-29T13:00:00.000Z,1,108,20170529131
2017-05-29T14:00:00.000Z,1,120,20170529141
2017-05-29T15:00:00.000Z,1,113,20170529151
2017-05-29T16:00:00.000Z,1,109,20170529161
2017-05-29T17:00:00.000Z,1,107,20170529171
2017-05-29T18:00:00.000Z,1,109,20170529181
2017-05-29T19:00:00.000Z,1,104,20170529191
2017-05-29T20:00:00.000Z,1,93,20170529201
2017-05-29T21:00:00.000Z,1,84,20170529211
2017-05-29T22:00:00.000Z,1,89,20170529221
2017-05-29T23:00:00.000Z,1,80,20170529231
2017-05-30T00:00:00.000Z,1,69,20170530001
2017-05-30T01:00:00.000Z,1,58,20170530011
2017-05-30T02:00:00.000Z,1,48,20170530021
2017-05-30T03:00:00.000Z,1,44,20170530031
2017-05-30T04:00:00.000Z,1,38,20170530041
2017-05-30T05:00:00.000Z,1,40,20170530051
2017-05-30T06:00:00.000Z,1,42,20170530061
2017-05-30T07:00:00.000Z,1,52,20170530071
2017-05-30T08:00:00.000Z,1,58,20170530081
2017-05-30T09:00:00.000Z,1,76,20170530091
2017-05-30T10:00:00.000Z,1,92,20170530101
2017-05-30T11:00:00.000Z,1,108,20170530111
2017-05-30T12:00:00.000Z,1,116,20170530121
2017-05-30T13:00:00.000Z,1,101,20170530131
2017-05-30T14:00:00.000Z,1,116,20170530141
2017-05-30T15:00:00.000Z,1,115,20170530151
2017-05-30T16:00:00.000Z,1,105,20170530161
2017-05-30T17:00:00.000Z,1,104,20170530171
2017-05-30T18:00:00.000Z,1,110,20170530181
2017-05-30T19:00:00.000Z,1,109,20170530191
2017-05-30T20:00:00.000Z,1,102,20170530201
2017-05-30T21:00:00.000Z,1,95,20170530211
2017-05-30T22:00:00.000Z,1,48,20170530221
2017-05-30T23:00:00.000Z,1,68,20170530231
2017-05-31T00:00:00.000Z,1,80,20170531001
2017-05-31T01:00:00.000Z,1,66,20170531011
2017-05-31T02:00:00.000Z,1,56,20170531021
2017-05-31T03:00:00.000Z,1,49,20170531031
2017-05-31T04:00:00.000Z,1,38,20170531041
2017-05-31T05:00:00.000Z,1,39,20170531051
2017-05-31T06:00:00.000Z,1,46,20170531061
2017-05-31T07:00:00.000Z,1,52,20170531071
2017-05-31T08:00:00.000Z,1,62,20170531081
2017-05-31T09:00:00.000Z,1,67,20170531091
2017-05-31T10:00:00.000Z,1,84,20170531101
2017-05-31T11:00:00.000Z,1,100,20170531111
2017-05-31T12:00:00.000Z,1,106,20170531121
2017-05-31T13:00:00.000Z,1,97,20170531131
2017-05-31T14:00:00.000Z,1,100,20170531141
2017-05-31T15:00:00.000Z,1,103,20170531151
2017-05-31T16:00:00.000Z,1,97,20170531161
2017-05-31T17:00:00.000Z,1,97,20170531171
2017-05-31T18:00:00.000Z,1,99,20170531181
2017-05-31T19:00:00.000Z,1,100,20170531191
2017-05-31T20:00:00.000Z,1,99,20170531201
2017-05-31T21:00:00.000Z,1,89,20170531211
2017-05-31T22:00:00.000Z,1,85,20170531221
2017-05-31T23:00:00.000Z,1,83,20170531231
